state,district,market,commodity,variety,arrival_date,min_price,max_price,modal_price,arrivals_in_tonnes
Maharashtra,Ahmednagar,Kopargaon,Onion,Red,2026-06-15,1774.59,2123.68,1987.83,139.0
Maharashtra,Ahmednagar,Kopargaon,Tomato,Hybrid,2026-06-15,1599.08,1868.64,1733.26,131.5
Maharashtra,Ahmednagar,Kopargaon,Soybean,Yellow,2026-06-15,3865.63,4758.14,4158.98,32.3
Maharashtra,Ahmednagar,Kopargaon,Wheat,Sharbati,2026-06-15,2403.96,2850.61,2645.86,54.2
Madhya Pradesh,Indore,Indore Mandi,Onion,Red,2026-06-15,2004.04,2318.0,2172.34,123.9
Madhya Pradesh,Indore,Indore Mandi,Tomato,Hybrid,2026-06-15,1821.69,2093.06,1949.86,165.4
Madhya Pradesh,Indore,Indore Mandi,Soybean,Yellow,2026-06-15,4263.9,5074.62,4667.09,124.8
Madhya Pradesh,Indore,Indore Mandi,Wheat,Sharbati,2026-06-15,2634.29,3120.54,2885.51,110.5
Maharashtra,Jalgaon,Jalgaon Main,Onion,Red,2026-06-15,1779.5,2147.44,1976.23,131.0
Maharashtra,Jalgaon,Jalgaon Main,Tomato,Hybrid,2026-06-15,1638.73,1883.63,1754.35,132.5
Maharashtra,Jalgaon,Jalgaon Main,Soybean,Yellow,2026-06-15,4069.46,4908.41,4288.4,97.3
Maharashtra,Jalgaon,Jalgaon Main,Wheat,Sharbati,2026-06-15,2509.05,2937.65,2697.06,68.1
Maharashtra,Nandurbar,Nandurbar APMC,Onion,Red,2026-06-15,1862.1,2294.2,2082.94,112.1
Maharashtra,Nandurbar,Nandurbar APMC,Tomato,Hybrid,2026-06-15,1709.49,1969.42,1808.91,184.7
Maharashtra,Nandurbar,Nandurbar APMC,Soybean,Yellow,2026-06-15,3895.51,4591.64,4191.81,111.7
Maharashtra,Nandurbar,Nandurbar APMC,Wheat,Sharbati,2026-06-15,2383.75,2914.99,2615.12,151.0
Maharashtra,Nashik,Lasalgaon,Onion,Red,2026-06-15,1826.91,2177.33,1961.8,115.2
Maharashtra,Nashik,Lasalgaon,Tomato,Hybrid,2026-06-15,1537.43,1833.2,1740.12,257.4
Maharashtra,Nashik,Lasalgaon,Soybean,Yellow,2026-06-15,3532.79,4306.0,3998.7,96.0
Maharashtra,Nashik,Lasalgaon,Wheat,Sharbati,2026-06-15,2373.11,2855.21,2523.81,126.7
Maharashtra,Nashik,Pimpalgaon,Onion,Red,2026-06-15,1732.72,2227.71,1959.95,111.8
Maharashtra,Nashik,Pimpalgaon,Tomato,Hybrid,2026-06-15,1485.74,1687.26,1582.69,180.4
Maharashtra,Nashik,Pimpalgaon,Soybean,Yellow,2026-06-15,3930.3,4526.63,4154.29,193.4
Maharashtra,Nashik,Pimpalgaon,Wheat,Sharbati,2026-06-15,2364.42,2848.81,2582.23,106.8
Maharashtra,Pune,Pune(Gultekdi),Onion,Red,2026-06-15,2082.62,2710.05,2362.75,146.9
Maharashtra,Pune,Pune(Gultekdi),Tomato,Hybrid,2026-06-15,1788.4,2104.22,1994.59,105.2
Maharashtra,Pune,Pune(Gultekdi),Soybean,Yellow,2026-06-15,4348.34,5112.24,4747.72,188.0
Maharashtra,Pune,Pune(Gultekdi),Wheat,Sharbati,2026-06-15,2697.64,3140.74,2978.26,111.8
Maharashtra,Solapur,Solapur Mandi,Onion,Red,2026-06-15,1962.94,2327.15,2156.52,53.0
Maharashtra,Solapur,Solapur Mandi,Tomato,Hybrid,2026-06-15,1737.21,2021.34,1855.79,80.4
Maharashtra,Solapur,Solapur Mandi,Soybean,Yellow,2026-06-15,4094.94,4944.17,4476.61,116.3
Maharashtra,Solapur,Solapur Mandi,Wheat,Sharbati,2026-06-15,2667.93,3042.17,2809.14,111.6
Madhya Pradesh,Ujjain,Ujjain APMC,Onion,Red,2026-06-15,1934.63,2280.98,2084.96,109.8
Madhya Pradesh,Ujjain,Ujjain APMC,Tomato,Hybrid,2026-06-15,1756.21,2070.41,1853.9,117.8
Madhya Pradesh,Ujjain,Ujjain APMC,Soybean,Yellow,2026-06-15,4066.11,5189.83,4552.12,111.9
Madhya Pradesh,Ujjain,Ujjain APMC,Wheat,Sharbati,2026-06-15,2602.8,3211.41,2795.12,138.9
Maharashtra,Ahmednagar,Kopargaon,Onion,Red,2026-06-16,1836.76,2216.89,2072.64,126.0
Maharashtra,Ahmednagar,Kopargaon,Tomato,Hybrid,2026-06-16,1762.98,2007.9,1857.12,171.5
Maharashtra,Ahmednagar,Kopargaon,Soybean,Yellow,2026-06-16,3712.89,4805.67,4187.63,161.9
Maharashtra,Ahmednagar,Kopargaon,Wheat,Sharbati,2026-06-16,2431.04,3006.63,2642.82,104.1
Madhya Pradesh,Indore,Indore Mandi,Onion,Red,2026-06-16,1917.37,2464.36,2177.87,141.4
Madhya Pradesh,Indore,Indore Mandi,Tomato,Hybrid,2026-06-16,1766.51,2274.88,1983.66,79.8
Madhya Pradesh,Indore,Indore Mandi,Soybean,Yellow,2026-06-16,4122.35,4879.16,4552.81,170.6
Madhya Pradesh,Indore,Indore Mandi,Wheat,Sharbati,2026-06-16,2597.28,3216.5,2877.3,153.5
Maharashtra,Jalgaon,Jalgaon Main,Onion,Red,2026-06-16,1818.96,2232.63,2021.82,157.0
Maharashtra,Jalgaon,Jalgaon Main,Tomato,Hybrid,2026-06-16,1782.07,2014.07,1884.82,103.7
Maharashtra,Jalgaon,Jalgaon Main,Soybean,Yellow,2026-06-16,3852.21,4523.25,4282.73,167.7
Maharashtra,Jalgaon,Jalgaon Main,Wheat,Sharbati,2026-06-16,2406.17,2957.13,2655.89,143.0
Maharashtra,Nandurbar,Nandurbar APMC,Onion,Red,2026-06-16,1794.03,2327.99,2026.65,106.5
Maharashtra,Nandurbar,Nandurbar APMC,Tomato,Hybrid,2026-06-16,1610.17,1928.65,1820.79,113.3
Maharashtra,Nandurbar,Nandurbar APMC,Soybean,Yellow,2026-06-16,3665.76,4637.4,4144.01,148.7
Maharashtra,Nandurbar,Nandurbar APMC,Wheat,Sharbati,2026-06-16,2378.37,2962.34,2609.7,160.0
Maharashtra,Nashik,Lasalgaon,Onion,Red,2026-06-16,1714.53,2216.84,1943.01,83.0
Maharashtra,Nashik,Lasalgaon,Tomato,Hybrid,2026-06-16,1576.2,1909.35,1708.06,127.5
Maharashtra,Nashik,Lasalgaon,Soybean,Yellow,2026-06-16,3636.56,4552.72,4100.01,170.5
Maharashtra,Nashik,Lasalgaon,Wheat,Sharbati,2026-06-16,2377.41,2765.86,2546.32,106.9
Maharashtra,Nashik,Pimpalgaon,Onion,Red,2026-06-16,1835.59,2243.06,2035.43,77.3
Maharashtra,Nashik,Pimpalgaon,Tomato,Hybrid,2026-06-16,1721.59,2071.22,1819.28,104.1
Maharashtra,Nashik,Pimpalgaon,Soybean,Yellow,2026-06-16,3727.83,4285.08,4046.64,143.9
Maharashtra,Nashik,Pimpalgaon,Wheat,Sharbati,2026-06-16,2412.09,2845.33,2579.08,130.3
Maharashtra,Pune,Pune(Gultekdi),Onion,Red,2026-06-16,2087.38,2482.99,2202.18,126.9
Maharashtra,Pune,Pune(Gultekdi),Tomato,Hybrid,2026-06-16,1753.23,2233.81,1948.65,153.4
Maharashtra,Pune,Pune(Gultekdi),Soybean,Yellow,2026-06-16,4471.44,5211.2,4711.26,110.7
Maharashtra,Pune,Pune(Gultekdi),Wheat,Sharbati,2026-06-16,2769.24,3206.47,2994.05,74.7
Maharashtra,Solapur,Solapur Mandi,Onion,Red,2026-06-16,1948.83,2313.86,2148.16,109.5
Maharashtra,Solapur,Solapur Mandi,Tomato,Hybrid,2026-06-16,1692.7,1999.49,1858.08,112.0
Maharashtra,Solapur,Solapur Mandi,Soybean,Yellow,2026-06-16,4139.59,4707.55,4472.86,61.4
Maharashtra,Solapur,Solapur Mandi,Wheat,Sharbati,2026-06-16,2621.46,3074.4,2810.42,147.3
Madhya Pradesh,Ujjain,Ujjain APMC,Onion,Red,2026-06-16,2050.88,2321.88,2195.83,152.6
Madhya Pradesh,Ujjain,Ujjain APMC,Tomato,Hybrid,2026-06-16,1696.83,2074.73,1891.11,15.3
Madhya Pradesh,Ujjain,Ujjain APMC,Soybean,Yellow,2026-06-16,4063.58,4889.86,4466.98,78.1
Madhya Pradesh,Ujjain,Ujjain APMC,Wheat,Sharbati,2026-06-16,2486.65,3143.83,2757.75,127.9
Maharashtra,Ahmednagar,Kopargaon,Onion,Red,2026-06-17,1924.65,2281.17,2062.3,97.4
Maharashtra,Ahmednagar,Kopargaon,Tomato,Hybrid,2026-06-17,1608.21,2002.27,1767.08,83.0
Maharashtra,Ahmednagar,Kopargaon,Soybean,Yellow,2026-06-17,3682.53,4487.58,4151.46,101.9
Maharashtra,Ahmednagar,Kopargaon,Wheat,Sharbati,2026-06-17,2495.51,2817.2,2637.92,151.4
Madhya Pradesh,Indore,Indore Mandi,Onion,Red,2026-06-17,2063.49,2469.02,2183.4,102.4
Madhya Pradesh,Indore,Indore Mandi,Tomato,Hybrid,2026-06-17,1890.78,2232.02,2016.9,127.0
Madhya Pradesh,Indore,Indore Mandi,Soybean,Yellow,2026-06-17,4102.35,5140.54,4612.52,127.3
Madhya Pradesh,Indore,Indore Mandi,Wheat,Sharbati,2026-06-17,2742.29,3205.09,2899.35,131.6
Maharashtra,Jalgaon,Jalgaon Main,Onion,Red,2026-06-17,1864.52,2275.56,2067.08,109.5
Maharashtra,Jalgaon,Jalgaon Main,Tomato,Hybrid,2026-06-17,1550.48,1839.24,1682.15,117.6
Maharashtra,Jalgaon,Jalgaon Main,Soybean,Yellow,2026-06-17,3757.35,4857.18,4261.9,99.0
Maharashtra,Jalgaon,Jalgaon Main,Wheat,Sharbati,2026-06-17,2425.3,2963.41,2685.72,142.2
Maharashtra,Nandurbar,Nandurbar APMC,Onion,Red,2026-06-17,1823.06,2258.05,2006.17,132.5
Maharashtra,Nandurbar,Nandurbar APMC,Tomato,Hybrid,2026-06-17,1678.22,2085.16,1856.28,123.7
Maharashtra,Nandurbar,Nandurbar APMC,Soybean,Yellow,2026-06-17,3751.16,4431.57,4169.94,95.6
Maharashtra,Nandurbar,Nandurbar APMC,Wheat,Sharbati,2026-06-17,2444.57,2920.36,2603.28,119.0
Maharashtra,Nashik,Lasalgaon,Onion,Red,2026-06-17,1791.7,2119.23,1905.22,109.2
Maharashtra,Nashik,Lasalgaon,Tomato,Hybrid,2026-06-17,1699.43,2018.3,1821.92,147.2
Maharashtra,Nashik,Lasalgaon,Soybean,Yellow,2026-06-17,3740.47,4519.58,4092.56,100.9
Maharashtra,Nashik,Lasalgaon,Wheat,Sharbati,2026-06-17,2248.88,2850.15,2551.44,95.1
Maharashtra,Nashik,Pimpalgaon,Onion,Red,2026-06-17,1775.89,2131.85,1969.34,113.5
Maharashtra,Nashik,Pimpalgaon,Tomato,Hybrid,2026-06-17,1542.02,1933.03,1697.94,181.2
Maharashtra,Nashik,Pimpalgaon,Soybean,Yellow,2026-06-17,3646.12,4614.83,4115.2,100.2
Maharashtra,Nashik,Pimpalgaon,Wheat,Sharbati,2026-06-17,2398.64,2896.18,2550.74,105.2
Maharashtra,Pune,Pune(Gultekdi),Onion,Red,2026-06-17,2208.7,2572.36,2344.43,167.5
Maharashtra,Pune,Pune(Gultekdi),Tomato,Hybrid,2026-06-17,1903.91,2264.03,2117.77,81.3
Maharashtra,Pune,Pune(Gultekdi),Soybean,Yellow,2026-06-17,4350.58,5234.05,4794.94,85.7
Maharashtra,Pune,Pune(Gultekdi),Wheat,Sharbati,2026-06-17,2699.57,3253.4,2980.49,110.3
Maharashtra,Solapur,Solapur Mandi,Onion,Red,2026-06-17,1985.33,2366.89,2165.99,174.8
Maharashtra,Solapur,Solapur Mandi,Tomato,Hybrid,2026-06-17,1784.98,2099.45,1946.11,100.0
Maharashtra,Solapur,Solapur Mandi,Soybean,Yellow,2026-06-17,4099.81,4992.5,4555.16,163.0
Maharashtra,Solapur,Solapur Mandi,Wheat,Sharbati,2026-06-17,2548.3,3072.97,2838.84,161.6
Madhya Pradesh,Ujjain,Ujjain APMC,Onion,Red,2026-06-17,2061.46,2352.98,2201.81,131.5
Madhya Pradesh,Ujjain,Ujjain APMC,Tomato,Hybrid,2026-06-17,1775.79,2117.49,1955.79,130.1
Madhya Pradesh,Ujjain,Ujjain APMC,Soybean,Yellow,2026-06-17,4146.71,4853.22,4512.1,85.7
Madhya Pradesh,Ujjain,Ujjain APMC,Wheat,Sharbati,2026-06-17,2582.82,2940.61,2792.39,122.3
Maharashtra,Ahmednagar,Kopargaon,Onion,Red,2026-06-18,1748.19,2132.65,1967.82,105.3
Maharashtra,Ahmednagar,Kopargaon,Tomato,Hybrid,2026-06-18,1731.21,2121.01,1847.0,114.6
Maharashtra,Ahmednagar,Kopargaon,Soybean,Yellow,2026-06-18,3924.88,4518.89,4157.86,107.7
Maharashtra,Ahmednagar,Kopargaon,Wheat,Sharbati,2026-06-18,2481.86,2863.32,2644.59,98.8
Madhya Pradesh,Indore,Indore Mandi,Onion,Red,2026-06-18,1987.05,2423.9,2248.8,206.2
Madhya Pradesh,Indore,Indore Mandi,Tomato,Hybrid,2026-06-18,1796.2,2157.0,1985.72,166.4
Madhya Pradesh,Indore,Indore Mandi,Soybean,Yellow,2026-06-18,4195.25,4936.91,4640.72,157.1
Madhya Pradesh,Indore,Indore Mandi,Wheat,Sharbati,2026-06-18,2695.1,3067.87,2909.6,94.0
Maharashtra,Jalgaon,Jalgaon Main,Onion,Red,2026-06-18,1979.61,2246.67,2089.58,117.4
Maharashtra,Jalgaon,Jalgaon Main,Tomato,Hybrid,2026-06-18,1621.4,2011.51,1809.89,186.1
Maharashtra,Jalgaon,Jalgaon Main,Soybean,Yellow,2026-06-18,3964.5,4457.63,4229.91,157.9
Maharashtra,Jalgaon,Jalgaon Main,Wheat,Sharbati,2026-06-18,2554.22,3091.63,2708.28,140.7
Maharashtra,Nandurbar,Nandurbar APMC,Onion,Red,2026-06-18,1724.5,2019.12,1916.24,119.1
Maharashtra,Nandurbar,Nandurbar APMC,Tomato,Hybrid,2026-06-18,1664.93,2082.87,1839.41,65.8
Maharashtra,Nandurbar,Nandurbar APMC,Soybean,Yellow,2026-06-18,3818.3,4625.12,4205.74,158.2
Maharashtra,Nandurbar,Nandurbar APMC,Wheat,Sharbati,2026-06-18,2301.76,2841.2,2610.49,145.2
Maharashtra,Nashik,Lasalgaon,Onion,Red,2026-06-18,1847.79,2248.49,1973.04,153.9
Maharashtra,Nashik,Lasalgaon,Tomato,Hybrid,2026-06-18,1598.53,1904.25,1736.82,123.3
Maharashtra,Nashik,Lasalgaon,Soybean,Yellow,2026-06-18,3705.78,4417.27,4038.78,131.2
Maharashtra,Nashik,Lasalgaon,Wheat,Sharbati,2026-06-18,2387.35,2827.96,2551.43,129.4
Maharashtra,Nashik,Pimpalgaon,Onion,Red,2026-06-18,1763.11,2150.3,1967.86,108.5
Maharashtra,Nashik,Pimpalgaon,Tomato,Hybrid,2026-06-18,1674.29,2117.59,1897.7,141.1
Maharashtra,Nashik,Pimpalgaon,Soybean,Yellow,2026-06-18,3939.83,4814.45,4186.88,67.5
Maharashtra,Nashik,Pimpalgaon,Wheat,Sharbati,2026-06-18,2341.65,2898.99,2602.3,97.3
Maharashtra,Pune,Pune(Gultekdi),Onion,Red,2026-06-18,2048.99,2562.32,2327.11,129.1
Maharashtra,Pune,Pune(Gultekdi),Tomato,Hybrid,2026-06-18,1764.78,2189.56,1978.28,122.7
Maharashtra,Pune,Pune(Gultekdi),Soybean,Yellow,2026-06-18,4228.38,5077.79,4720.41,178.5
Maharashtra,Pune,Pune(Gultekdi),Wheat,Sharbati,2026-06-18,2649.56,3294.39,2962.15,131.8
Maharashtra,Solapur,Solapur Mandi,Onion,Red,2026-06-18,1989.66,2432.59,2171.37,134.1
Maharashtra,Solapur,Solapur Mandi,Tomato,Hybrid,2026-06-18,1583.91,1891.82,1792.72,89.9
Maharashtra,Solapur,Solapur Mandi,Soybean,Yellow,2026-06-18,4184.18,4971.1,4458.07,66.8
Maharashtra,Solapur,Solapur Mandi,Wheat,Sharbati,2026-06-18,2537.32,3084.09,2832.14,119.3
Madhya Pradesh,Ujjain,Ujjain APMC,Onion,Red,2026-06-18,1912.13,2360.67,2148.12,130.6
Madhya Pradesh,Ujjain,Ujjain APMC,Tomato,Hybrid,2026-06-18,1675.69,1982.57,1873.05,156.3
Madhya Pradesh,Ujjain,Ujjain APMC,Soybean,Yellow,2026-06-18,4053.3,4988.73,4462.73,18.5
Madhya Pradesh,Ujjain,Ujjain APMC,Wheat,Sharbati,2026-06-18,2530.88,3105.13,2780.4,143.4
Maharashtra,Ahmednagar,Kopargaon,Onion,Red,2026-06-19,1824.11,2104.62,1971.66,122.4
Maharashtra,Ahmednagar,Kopargaon,Tomato,Hybrid,2026-06-19,1697.9,1949.76,1851.16,135.7
Maharashtra,Ahmednagar,Kopargaon,Soybean,Yellow,2026-06-19,3892.76,4636.35,4282.23,122.9
Maharashtra,Ahmednagar,Kopargaon,Wheat,Sharbati,2026-06-19,2366.42,2966.28,2665.66,164.5
Madhya Pradesh,Indore,Indore Mandi,Onion,Red,2026-06-19,1916.49,2463.87,2161.82,126.5
Madhya Pradesh,Indore,Indore Mandi,Tomato,Hybrid,2026-06-19,1778.07,2171.57,1965.1,127.8
Madhya Pradesh,Indore,Indore Mandi,Soybean,Yellow,2026-06-19,4332.82,5197.45,4704.59,64.7
Madhya Pradesh,Indore,Indore Mandi,Wheat,Sharbati,2026-06-19,2591.02,3249.15,2862.13,107.0
Maharashtra,Jalgaon,Jalgaon Main,Onion,Red,2026-06-19,1926.5,2320.08,2039.21,108.7
Maharashtra,Jalgaon,Jalgaon Main,Tomato,Hybrid,2026-06-19,1730.27,1966.2,1860.44,135.6
Maharashtra,Jalgaon,Jalgaon Main,Soybean,Yellow,2026-06-19,3913.1,4669.46,4348.05,134.1
Maharashtra,Jalgaon,Jalgaon Main,Wheat,Sharbati,2026-06-19,2373.54,3012.52,2648.54,109.5
Maharashtra,Nandurbar,Nandurbar APMC,Onion,Red,2026-06-19,1960.64,2312.76,2092.01,76.9
Maharashtra,Nandurbar,Nandurbar APMC,Tomato,Hybrid,2026-06-19,1610.95,1996.63,1745.54,112.8
Maharashtra,Nandurbar,Nandurbar APMC,Soybean,Yellow,2026-06-19,3875.68,4734.26,4216.25,39.0
Maharashtra,Nandurbar,Nandurbar APMC,Wheat,Sharbati,2026-06-19,2342.65,2957.04,2623.05,77.1
Maharashtra,Nashik,Lasalgaon,Onion,Red,2026-06-19,1835.63,2298.69,2047.24,146.3
Maharashtra,Nashik,Lasalgaon,Tomato,Hybrid,2026-06-19,1545.74,1765.13,1646.39,20.9
Maharashtra,Nashik,Lasalgaon,Soybean,Yellow,2026-06-19,3779.38,4635.32,4099.34,117.0
Maharashtra,Nashik,Lasalgaon,Wheat,Sharbati,2026-06-19,2222.33,2738.73,2512.26,49.9
Maharashtra,Nashik,Pimpalgaon,Onion,Red,2026-06-19,1946.55,2323.98,2105.86,70.9
Maharashtra,Nashik,Pimpalgaon,Tomato,Hybrid,2026-06-19,1770.88,2055.7,1888.63,103.8
Maharashtra,Nashik,Pimpalgaon,Soybean,Yellow,2026-06-19,3757.44,4603.12,4158.39,88.7
Maharashtra,Nashik,Pimpalgaon,Wheat,Sharbati,2026-06-19,2367.85,2845.65,2605.05,124.6
Maharashtra,Pune,Pune(Gultekdi),Onion,Red,2026-06-19,1998.22,2510.27,2263.36,100.2
Maharashtra,Pune,Pune(Gultekdi),Tomato,Hybrid,2026-06-19,1820.85,2045.43,1926.26,106.4
Maharashtra,Pune,Pune(Gultekdi),Soybean,Yellow,2026-06-19,4419.59,5456.06,4814.36,81.5
Maharashtra,Pune,Pune(Gultekdi),Wheat,Sharbati,2026-06-19,2690.85,3275.68,2994.18,124.7
Maharashtra,Solapur,Solapur Mandi,Onion,Red,2026-06-19,2022.18,2274.92,2138.58,174.2
Maharashtra,Solapur,Solapur Mandi,Tomato,Hybrid,2026-06-19,1573.17,1969.17,1765.06,97.0
Maharashtra,Solapur,Solapur Mandi,Soybean,Yellow,2026-06-19,4269.99,5229.74,4549.39,125.8
Maharashtra,Solapur,Solapur Mandi,Wheat,Sharbati,2026-06-19,2588.92,3211.66,2823.14,72.2
Madhya Pradesh,Ujjain,Ujjain APMC,Onion,Red,2026-06-19,1977.21,2373.62,2187.83,147.4
Madhya Pradesh,Ujjain,Ujjain APMC,Tomato,Hybrid,2026-06-19,1892.31,2244.01,2019.48,108.2
Madhya Pradesh,Ujjain,Ujjain APMC,Soybean,Yellow,2026-06-19,3920.5,4699.37,4425.32,147.0
Madhya Pradesh,Ujjain,Ujjain APMC,Wheat,Sharbati,2026-06-19,2667.48,3225.94,2829.34,135.0
Maharashtra,Ahmednagar,Kopargaon,Onion,Red,2026-06-20,2025.63,2346.86,2188.36,136.6
Maharashtra,Ahmednagar,Kopargaon,Tomato,Hybrid,2026-06-20,1644.89,2098.93,1844.51,101.5
Maharashtra,Ahmednagar,Kopargaon,Soybean,Yellow,2026-06-20,3973.32,4745.55,4235.61,148.3
Maharashtra,Ahmednagar,Kopargaon,Wheat,Sharbati,2026-06-20,2494.6,2840.74,2638.99,141.8
Madhya Pradesh,Indore,Indore Mandi,Onion,Red,2026-06-20,2136.0,2522.82,2266.45,131.9
Madhya Pradesh,Indore,Indore Mandi,Tomato,Hybrid,2026-06-20,1854.6,2360.91,2083.23,139.4
Madhya Pradesh,Indore,Indore Mandi,Soybean,Yellow,2026-06-20,4280.08,5329.67,4677.57,99.3
Madhya Pradesh,Indore,Indore Mandi,Wheat,Sharbati,2026-06-20,2749.09,3149.76,2905.06,129.9
Maharashtra,Jalgaon,Jalgaon Main,Onion,Red,2026-06-20,1996.38,2386.15,2155.84,134.4
Maharashtra,Jalgaon,Jalgaon Main,Tomato,Hybrid,2026-06-20,1744.39,2058.19,1887.69,144.2
Maharashtra,Jalgaon,Jalgaon Main,Soybean,Yellow,2026-06-20,3819.51,4707.19,4276.19,193.7
Maharashtra,Jalgaon,Jalgaon Main,Wheat,Sharbati,2026-06-20,2532.74,3043.41,2702.53,66.2
Maharashtra,Nandurbar,Nandurbar APMC,Onion,Red,2026-06-20,1833.12,2191.84,2040.06,93.6
Maharashtra,Nandurbar,Nandurbar APMC,Tomato,Hybrid,2026-06-20,1713.32,2018.92,1847.4,177.1
Maharashtra,Nandurbar,Nandurbar APMC,Soybean,Yellow,2026-06-20,3981.71,4772.05,4274.58,124.4
Maharashtra,Nandurbar,Nandurbar APMC,Wheat,Sharbati,2026-06-20,2477.83,2747.73,2614.83,91.3
Maharashtra,Nashik,Lasalgaon,Onion,Red,2026-06-20,1904.17,2279.9,2021.21,130.4
Maharashtra,Nashik,Lasalgaon,Tomato,Hybrid,2026-06-20,1483.3,1814.39,1671.49,95.2
Maharashtra,Nashik,Lasalgaon,Soybean,Yellow,2026-06-20,3836.66,4577.57,4086.64,65.9
Maharashtra,Nashik,Lasalgaon,Wheat,Sharbati,2026-06-20,2253.79,2780.2,2556.07,115.5
Maharashtra,Nashik,Pimpalgaon,Onion,Red,2026-06-20,1775.81,2270.99,1992.35,128.1
Maharashtra,Nashik,Pimpalgaon,Tomato,Hybrid,2026-06-20,1799.41,2053.84,1943.06,90.0
Maharashtra,Nashik,Pimpalgaon,Soybean,Yellow,2026-06-20,3770.81,4522.39,4151.39,160.8
Maharashtra,Nashik,Pimpalgaon,Wheat,Sharbati,2026-06-20,2336.51,2807.25,2598.67,138.6
Maharashtra,Pune,Pune(Gultekdi),Onion,Red,2026-06-20,2071.96,2509.07,2353.55,95.0
Maharashtra,Pune,Pune(Gultekdi),Tomato,Hybrid,2026-06-20,1775.53,2257.29,1992.79,106.2
Maharashtra,Pune,Pune(Gultekdi),Soybean,Yellow,2026-06-20,4282.52,5065.33,4802.77,120.9
Maharashtra,Pune,Pune(Gultekdi),Wheat,Sharbati,2026-06-20,2764.87,3384.5,2970.19,191.6
Maharashtra,Solapur,Solapur Mandi,Onion,Red,2026-06-20,1938.91,2415.42,2147.71,147.5
Maharashtra,Solapur,Solapur Mandi,Tomato,Hybrid,2026-06-20,1696.4,2081.92,1853.65,131.3
Maharashtra,Solapur,Solapur Mandi,Soybean,Yellow,2026-06-20,4192.48,4962.55,4525.87,141.1
Maharashtra,Solapur,Solapur Mandi,Wheat,Sharbati,2026-06-20,2497.3,3031.42,2806.86,125.6
Madhya Pradesh,Ujjain,Ujjain APMC,Onion,Red,2026-06-20,2011.35,2402.24,2185.34,170.9
Madhya Pradesh,Ujjain,Ujjain APMC,Tomato,Hybrid,2026-06-20,1854.96,2217.14,2037.99,124.9
Madhya Pradesh,Ujjain,Ujjain APMC,Soybean,Yellow,2026-06-20,4018.95,5076.37,4513.81,44.6
Madhya Pradesh,Ujjain,Ujjain APMC,Wheat,Sharbati,2026-06-20,2610.46,3065.75,2833.95,102.2
Maharashtra,Ahmednagar,Kopargaon,Onion,Red,2026-06-21,2005.01,2402.54,2116.21,117.5
Maharashtra,Ahmednagar,Kopargaon,Tomato,Hybrid,2026-06-21,1839.45,2118.88,1943.89,140.4
Maharashtra,Ahmednagar,Kopargaon,Soybean,Yellow,2026-06-21,3788.18,4808.15,4239.99,121.4
Maharashtra,Ahmednagar,Kopargaon,Wheat,Sharbati,2026-06-21,2357.93,2924.63,2656.61,126.2
Madhya Pradesh,Indore,Indore Mandi,Onion,Red,2026-06-21,2153.06,2570.81,2287.04,80.0
Madhya Pradesh,Indore,Indore Mandi,Tomato,Hybrid,2026-06-21,1742.5,2132.91,1953.55,110.1
Madhya Pradesh,Indore,Indore Mandi,Soybean,Yellow,2026-06-21,4173.92,4941.95,4627.8,97.9
Madhya Pradesh,Indore,Indore Mandi,Wheat,Sharbati,2026-06-21,2651.66,3089.68,2910.77,132.2
Maharashtra,Jalgaon,Jalgaon Main,Onion,Red,2026-06-21,2006.79,2376.25,2122.4,76.4
Maharashtra,Jalgaon,Jalgaon Main,Tomato,Hybrid,2026-06-21,1864.6,2133.54,2008.91,157.5
Maharashtra,Jalgaon,Jalgaon Main,Soybean,Yellow,2026-06-21,3936.96,4876.87,4276.44,138.2
Maharashtra,Jalgaon,Jalgaon Main,Wheat,Sharbati,2026-06-21,2417.91,3058.57,2671.92,198.4
Maharashtra,Nandurbar,Nandurbar APMC,Onion,Red,2026-06-21,1858.13,2312.98,2013.03,125.4
Maharashtra,Nandurbar,Nandurbar APMC,Tomato,Hybrid,2026-06-21,1577.04,1932.4,1749.34,140.0
Maharashtra,Nandurbar,Nandurbar APMC,Soybean,Yellow,2026-06-21,3816.87,4754.16,4273.48,77.4
Maharashtra,Nandurbar,Nandurbar APMC,Wheat,Sharbati,2026-06-21,2388.0,2810.16,2664.49,184.5
Maharashtra,Nashik,Lasalgaon,Onion,Red,2026-06-21,1833.82,2145.23,2038.36,90.0
Maharashtra,Nashik,Lasalgaon,Tomato,Hybrid,2026-06-21,1666.03,1948.65,1774.08,130.8
Maharashtra,Nashik,Lasalgaon,Soybean,Yellow,2026-06-21,3927.74,4661.5,4160.01,141.8
Maharashtra,Nashik,Lasalgaon,Wheat,Sharbati,2026-06-21,2283.88,2718.84,2586.61,133.7
Maharashtra,Nashik,Pimpalgaon,Onion,Red,2026-06-21,1872.8,2267.95,1980.06,136.9
Maharashtra,Nashik,Pimpalgaon,Tomato,Hybrid,2026-06-21,1546.31,1819.24,1680.56,125.0
Maharashtra,Nashik,Pimpalgaon,Soybean,Yellow,2026-06-21,3646.16,4399.87,4142.94,176.8
Maharashtra,Nashik,Pimpalgaon,Wheat,Sharbati,2026-06-21,2396.57,2771.38,2586.68,115.7
Maharashtra,Pune,Pune(Gultekdi),Onion,Red,2026-06-21,2057.66,2668.95,2335.38,145.0
Maharashtra,Pune,Pune(Gultekdi),Tomato,Hybrid,2026-06-21,1947.53,2268.83,2091.9,134.7
Maharashtra,Pune,Pune(Gultekdi),Soybean,Yellow,2026-06-21,4442.01,5486.76,4885.51,133.8
Maharashtra,Pune,Pune(Gultekdi),Wheat,Sharbati,2026-06-21,2727.54,3152.86,2969.9,109.5
Maharashtra,Solapur,Solapur Mandi,Onion,Red,2026-06-21,2036.53,2344.56,2167.49,67.0
Maharashtra,Solapur,Solapur Mandi,Tomato,Hybrid,2026-06-21,1831.59,2030.8,1929.36,149.9
Maharashtra,Solapur,Solapur Mandi,Soybean,Yellow,2026-06-21,4050.66,5239.98,4560.38,130.7
Maharashtra,Solapur,Solapur Mandi,Wheat,Sharbati,2026-06-21,2689.84,3206.76,2842.97,118.3
Madhya Pradesh,Ujjain,Ujjain APMC,Onion,Red,2026-06-21,2047.06,2441.0,2261.53,156.9
Madhya Pradesh,Ujjain,Ujjain APMC,Tomato,Hybrid,2026-06-21,1764.79,2170.03,1992.11,128.8
Madhya Pradesh,Ujjain,Ujjain APMC,Soybean,Yellow,2026-06-21,4024.52,4911.24,4485.8,149.3
Madhya Pradesh,Ujjain,Ujjain APMC,Wheat,Sharbati,2026-06-21,2636.54,3142.88,2798.7,126.5
Maharashtra,Ahmednagar,Kopargaon,Onion,Red,2026-06-22,1889.27,2162.48,2052.48,111.7
Maharashtra,Ahmednagar,Kopargaon,Tomato,Hybrid,2026-06-22,1725.25,2040.98,1872.86,118.7
Maharashtra,Ahmednagar,Kopargaon,Soybean,Yellow,2026-06-22,3921.21,4762.41,4289.21,134.0
Maharashtra,Ahmednagar,Kopargaon,Wheat,Sharbati,2026-06-22,2425.5,2807.56,2672.75,112.0
Madhya Pradesh,Indore,Indore Mandi,Onion,Red,2026-06-22,2109.53,2559.77,2298.35,97.2
Madhya Pradesh,Indore,Indore Mandi,Tomato,Hybrid,2026-06-22,1876.94,2289.15,2002.69,95.1
Madhya Pradesh,Indore,Indore Mandi,Soybean,Yellow,2026-06-22,4172.96,5020.18,4714.91,60.7
Madhya Pradesh,Indore,Indore Mandi,Wheat,Sharbati,2026-06-22,2644.51,3339.53,2923.84,118.2
Maharashtra,Jalgaon,Jalgaon Main,Onion,Red,2026-06-22,1859.91,2306.28,2092.39,158.1
Maharashtra,Jalgaon,Jalgaon Main,Tomato,Hybrid,2026-06-22,1753.24,2137.76,1934.65,110.6
Maharashtra,Jalgaon,Jalgaon Main,Soybean,Yellow,2026-06-22,3866.0,4568.96,4245.18,99.5
Maharashtra,Jalgaon,Jalgaon Main,Wheat,Sharbati,2026-06-22,2527.05,2957.44,2706.08,172.3
Maharashtra,Nandurbar,Nandurbar APMC,Onion,Red,2026-06-22,1878.66,2153.12,2034.06,143.8
Maharashtra,Nandurbar,Nandurbar APMC,Tomato,Hybrid,2026-06-22,1738.18,2094.43,1852.55,98.9
Maharashtra,Nandurbar,Nandurbar APMC,Soybean,Yellow,2026-06-22,3897.44,4552.65,4254.75,88.8
Maharashtra,Nandurbar,Nandurbar APMC,Wheat,Sharbati,2026-06-22,2356.33,2949.47,2626.65,166.5
Maharashtra,Nashik,Lasalgaon,Onion,Red,2026-06-22,1921.17,2330.91,2042.29,138.0
Maharashtra,Nashik,Lasalgaon,Tomato,Hybrid,2026-06-22,1675.76,2017.84,1879.89,177.9
Maharashtra,Nashik,Lasalgaon,Soybean,Yellow,2026-06-22,3930.85,4535.49,4146.53,90.7
Maharashtra,Nashik,Lasalgaon,Wheat,Sharbati,2026-06-22,2309.93,2734.93,2561.22,77.6
Maharashtra,Nashik,Pimpalgaon,Onion,Red,2026-06-22,1952.27,2325.9,2086.02,254.8
Maharashtra,Nashik,Pimpalgaon,Tomato,Hybrid,2026-06-22,1773.71,2049.88,1877.24,107.5
Maharashtra,Nashik,Pimpalgaon,Soybean,Yellow,2026-06-22,3740.5,4697.89,4198.06,158.3
Maharashtra,Nashik,Pimpalgaon,Wheat,Sharbati,2026-06-22,2366.34,2780.99,2606.39,156.8
Maharashtra,Pune,Pune(Gultekdi),Onion,Red,2026-06-22,2278.9,2621.1,2418.44,142.8
Maharashtra,Pune,Pune(Gultekdi),Tomato,Hybrid,2026-06-22,1738.7,2184.84,1971.3,166.1
Maharashtra,Pune,Pune(Gultekdi),Soybean,Yellow,2026-06-22,4618.37,5362.21,4901.28,126.8
Maharashtra,Pune,Pune(Gultekdi),Wheat,Sharbati,2026-06-22,2734.48,3458.53,3020.13,109.5
Maharashtra,Solapur,Solapur Mandi,Onion,Red,2026-06-22,2132.15,2627.31,2368.9,54.6
Maharashtra,Solapur,Solapur Mandi,Tomato,Hybrid,2026-06-22,1798.65,2242.03,2000.13,135.5
Maharashtra,Solapur,Solapur Mandi,Soybean,Yellow,2026-06-22,4093.56,5043.28,4533.97,124.1
Maharashtra,Solapur,Solapur Mandi,Wheat,Sharbati,2026-06-22,2665.28,3028.05,2847.68,65.9
Madhya Pradesh,Ujjain,Ujjain APMC,Onion,Red,2026-06-22,1952.4,2247.5,2086.65,126.5
Madhya Pradesh,Ujjain,Ujjain APMC,Tomato,Hybrid,2026-06-22,1779.37,2239.06,1969.15,88.6
Madhya Pradesh,Ujjain,Ujjain APMC,Soybean,Yellow,2026-06-22,4218.12,5065.23,4534.92,148.6
Madhya Pradesh,Ujjain,Ujjain APMC,Wheat,Sharbati,2026-06-22,2644.22,3066.48,2800.41,167.9
Maharashtra,Ahmednagar,Kopargaon,Onion,Red,2026-06-23,1925.68,2285.56,2033.8,152.1
Maharashtra,Ahmednagar,Kopargaon,Tomato,Hybrid,2026-06-23,1675.43,1906.79,1806.24,58.7
Maharashtra,Ahmednagar,Kopargaon,Soybean,Yellow,2026-06-23,4049.69,4741.9,4299.95,172.5
Maharashtra,Ahmednagar,Kopargaon,Wheat,Sharbati,2026-06-23,2352.33,2849.66,2670.77,123.6
Madhya Pradesh,Indore,Indore Mandi,Onion,Red,2026-06-23,1884.83,2310.04,2112.74,84.1
Madhya Pradesh,Indore,Indore Mandi,Tomato,Hybrid,2026-06-23,1987.2,2427.28,2143.42,138.0
Madhya Pradesh,Indore,Indore Mandi,Soybean,Yellow,2026-06-23,4180.01,5375.1,4722.83,102.6
Madhya Pradesh,Indore,Indore Mandi,Wheat,Sharbati,2026-06-23,2615.68,3244.19,2927.68,160.2
Maharashtra,Jalgaon,Jalgaon Main,Onion,Red,2026-06-23,1944.77,2343.43,2207.44,95.2
Maharashtra,Jalgaon,Jalgaon Main,Tomato,Hybrid,2026-06-23,1708.6,2066.89,1813.75,147.2
Maharashtra,Jalgaon,Jalgaon Main,Soybean,Yellow,2026-06-23,3999.48,4758.61,4332.93,145.3
Maharashtra,Jalgaon,Jalgaon Main,Wheat,Sharbati,2026-06-23,2449.9,2998.05,2714.28,157.6
Maharashtra,Nandurbar,Nandurbar APMC,Onion,Red,2026-06-23,1930.59,2240.5,2114.11,147.1
Maharashtra,Nandurbar,Nandurbar APMC,Tomato,Hybrid,2026-06-23,1633.95,1931.08,1797.94,93.7
Maharashtra,Nandurbar,Nandurbar APMC,Soybean,Yellow,2026-06-23,3961.24,4593.74,4248.86,110.4
Maharashtra,Nandurbar,Nandurbar APMC,Wheat,Sharbati,2026-06-23,2486.25,2883.43,2640.22,79.6
Maharashtra,Nashik,Lasalgaon,Onion,Red,2026-06-23,1740.63,2262.74,1974.01,116.0
Maharashtra,Nashik,Lasalgaon,Tomato,Hybrid,2026-06-23,1441.78,1738.7,1595.93,106.9
Maharashtra,Nashik,Lasalgaon,Soybean,Yellow,2026-06-23,3703.56,4666.33,4195.79,107.5
Maharashtra,Nashik,Lasalgaon,Wheat,Sharbati,2026-06-23,2289.46,2734.06,2555.35,178.3
Maharashtra,Nashik,Pimpalgaon,Onion,Red,2026-06-23,1904.31,2236.92,2095.81,150.3
Maharashtra,Nashik,Pimpalgaon,Tomato,Hybrid,2026-06-23,1619.8,1990.41,1760.58,123.8
Maharashtra,Nashik,Pimpalgaon,Soybean,Yellow,2026-06-23,3798.48,4523.38,4197.09,173.7
Maharashtra,Nashik,Pimpalgaon,Wheat,Sharbati,2026-06-23,2440.54,2960.5,2645.99,104.4
Maharashtra,Pune,Pune(Gultekdi),Onion,Red,2026-06-23,2153.42,2629.42,2344.64,97.1
Maharashtra,Pune,Pune(Gultekdi),Tomato,Hybrid,2026-06-23,1855.63,2244.01,2083.93,136.0
Maharashtra,Pune,Pune(Gultekdi),Soybean,Yellow,2026-06-23,4589.27,5288.0,4877.18,155.7
Maharashtra,Pune,Pune(Gultekdi),Wheat,Sharbati,2026-06-23,2651.05,3397.47,3001.95,56.5
Maharashtra,Solapur,Solapur Mandi,Onion,Red,2026-06-23,2153.97,2545.74,2368.63,156.1
Maharashtra,Solapur,Solapur Mandi,Tomato,Hybrid,2026-06-23,1861.2,2142.83,2003.87,105.4
Maharashtra,Solapur,Solapur Mandi,Soybean,Yellow,2026-06-23,4345.11,5342.41,4659.88,140.9
Maharashtra,Solapur,Solapur Mandi,Wheat,Sharbati,2026-06-23,2675.88,3077.16,2861.44,175.6
Madhya Pradesh,Ujjain,Ujjain APMC,Onion,Red,2026-06-23,2142.22,2443.63,2317.27,69.9
Madhya Pradesh,Ujjain,Ujjain APMC,Tomato,Hybrid,2026-06-23,1778.19,2072.86,1908.63,108.4
Madhya Pradesh,Ujjain,Ujjain APMC,Soybean,Yellow,2026-06-23,4285.67,5066.61,4532.61,67.2
Madhya Pradesh,Ujjain,Ujjain APMC,Wheat,Sharbati,2026-06-23,2451.79,3012.86,2759.86,125.2
Maharashtra,Ahmednagar,Kopargaon,Onion,Red,2026-06-24,2020.02,2446.33,2214.75,76.7
Maharashtra,Ahmednagar,Kopargaon,Tomato,Hybrid,2026-06-24,1840.5,2096.37,1958.94,54.1
Maharashtra,Ahmednagar,Kopargaon,Soybean,Yellow,2026-06-24,3845.73,4695.57,4289.26,108.3
Maharashtra,Ahmednagar,Kopargaon,Wheat,Sharbati,2026-06-24,2360.23,2941.85,2680.43,96.2
Madhya Pradesh,Indore,Indore Mandi,Onion,Red,2026-06-24,2209.67,2681.5,2372.28,130.8
Madhya Pradesh,Indore,Indore Mandi,Tomato,Hybrid,2026-06-24,2049.62,2446.74,2209.17,173.3
Madhya Pradesh,Indore,Indore Mandi,Soybean,Yellow,2026-06-24,4441.5,5038.27,4704.86,94.9
Madhya Pradesh,Indore,Indore Mandi,Wheat,Sharbati,2026-06-24,2667.88,3307.98,2919.24,68.0
Maharashtra,Jalgaon,Jalgaon Main,Onion,Red,2026-06-24,1910.26,2335.31,2158.53,98.2
Maharashtra,Jalgaon,Jalgaon Main,Tomato,Hybrid,2026-06-24,1730.76,1993.51,1853.91,96.3
Maharashtra,Jalgaon,Jalgaon Main,Soybean,Yellow,2026-06-24,4094.6,4782.76,4331.27,89.5
Maharashtra,Jalgaon,Jalgaon Main,Wheat,Sharbati,2026-06-24,2472.5,3089.7,2703.05,167.1
Maharashtra,Nandurbar,Nandurbar APMC,Onion,Red,2026-06-24,1831.75,2308.94,2062.15,149.7
Maharashtra,Nandurbar,Nandurbar APMC,Tomato,Hybrid,2026-06-24,1763.13,2182.96,1953.17,135.8
Maharashtra,Nandurbar,Nandurbar APMC,Soybean,Yellow,2026-06-24,3698.53,4753.21,4202.61,123.1
Maharashtra,Nandurbar,Nandurbar APMC,Wheat,Sharbati,2026-06-24,2387.86,2928.03,2651.0,130.3
Maharashtra,Nashik,Lasalgaon,Onion,Red,2026-06-24,1938.21,2405.02,2117.75,69.7
Maharashtra,Nashik,Lasalgaon,Tomato,Hybrid,2026-06-24,1537.84,1995.49,1736.33,151.3
Maharashtra,Nashik,Lasalgaon,Soybean,Yellow,2026-06-24,3781.29,4507.57,4182.48,93.0
Maharashtra,Nashik,Lasalgaon,Wheat,Sharbati,2026-06-24,2389.44,2750.55,2529.08,94.3
Maharashtra,Nashik,Pimpalgaon,Onion,Red,2026-06-24,1784.52,2246.91,2016.54,136.2
Maharashtra,Nashik,Pimpalgaon,Tomato,Hybrid,2026-06-24,1818.01,2085.34,1932.76,184.0
Maharashtra,Nashik,Pimpalgaon,Soybean,Yellow,2026-06-24,3666.42,4370.56,4150.16,166.8
Maharashtra,Nashik,Pimpalgaon,Wheat,Sharbati,2026-06-24,2437.13,2821.93,2622.58,176.3
Maharashtra,Pune,Pune(Gultekdi),Onion,Red,2026-06-24,2259.3,2645.63,2388.73,106.5
Maharashtra,Pune,Pune(Gultekdi),Tomato,Hybrid,2026-06-24,2103.65,2529.49,2314.8,98.4
Maharashtra,Pune,Pune(Gultekdi),Soybean,Yellow,2026-06-24,4488.65,5547.5,4891.64,131.2
Maharashtra,Pune,Pune(Gultekdi),Wheat,Sharbati,2026-06-24,2823.76,3270.15,3009.79,144.3
Maharashtra,Solapur,Solapur Mandi,Onion,Red,2026-06-24,2124.72,2558.17,2242.96,140.6
Maharashtra,Solapur,Solapur Mandi,Tomato,Hybrid,2026-06-24,1911.33,2253.77,2038.47,134.9
Maharashtra,Solapur,Solapur Mandi,Soybean,Yellow,2026-06-24,4200.63,5226.12,4571.95,118.6
Maharashtra,Solapur,Solapur Mandi,Wheat,Sharbati,2026-06-24,2704.79,3126.47,2851.47,78.7
Madhya Pradesh,Ujjain,Ujjain APMC,Onion,Red,2026-06-24,2033.18,2465.17,2180.25,100.4
Madhya Pradesh,Ujjain,Ujjain APMC,Tomato,Hybrid,2026-06-24,1756.0,2017.06,1880.49,101.6
Madhya Pradesh,Ujjain,Ujjain APMC,Soybean,Yellow,2026-06-24,4143.86,4791.45,4493.14,128.1
Madhya Pradesh,Ujjain,Ujjain APMC,Wheat,Sharbati,2026-06-24,2476.25,3192.61,2809.96,151.4
Maharashtra,Ahmednagar,Kopargaon,Onion,Red,2026-06-25,1992.08,2515.6,2207.53,120.7
Maharashtra,Ahmednagar,Kopargaon,Tomato,Hybrid,2026-06-25,1661.62,1995.85,1886.15,49.1
Maharashtra,Ahmednagar,Kopargaon,Soybean,Yellow,2026-06-25,3891.94,4930.97,4332.36,90.7
Maharashtra,Ahmednagar,Kopargaon,Wheat,Sharbati,2026-06-25,2379.59,2993.13,2675.69,121.3
Madhya Pradesh,Indore,Indore Mandi,Onion,Red,2026-06-25,2058.08,2572.41,2328.07,88.6
Madhya Pradesh,Indore,Indore Mandi,Tomato,Hybrid,2026-06-25,1862.09,2150.91,1972.12,157.1
Madhya Pradesh,Indore,Indore Mandi,Soybean,Yellow,2026-06-25,4287.26,5171.14,4777.28,121.2
Madhya Pradesh,Indore,Indore Mandi,Wheat,Sharbati,2026-06-25,2647.89,3237.96,2969.86,174.0
Maharashtra,Jalgaon,Jalgaon Main,Onion,Red,2026-06-25,1893.16,2276.49,2102.28,193.2
Maharashtra,Jalgaon,Jalgaon Main,Tomato,Hybrid,2026-06-25,1907.49,2123.83,2013.03,76.1
Maharashtra,Jalgaon,Jalgaon Main,Soybean,Yellow,2026-06-25,4080.16,4900.94,4405.46,92.8
Maharashtra,Jalgaon,Jalgaon Main,Wheat,Sharbati,2026-06-25,2479.91,3017.23,2687.69,140.1
Maharashtra,Nandurbar,Nandurbar APMC,Onion,Red,2026-06-25,2035.92,2457.19,2176.5,147.7
Maharashtra,Nandurbar,Nandurbar APMC,Tomato,Hybrid,2026-06-25,1757.46,2102.57,1911.38,152.8
Maharashtra,Nandurbar,Nandurbar APMC,Soybean,Yellow,2026-06-25,3745.81,4736.71,4222.03,69.1
Maharashtra,Nandurbar,Nandurbar APMC,Wheat,Sharbati,2026-06-25,2460.81,2905.54,2668.3,101.8
Maharashtra,Nashik,Lasalgaon,Onion,Red,2026-06-25,1847.63,2299.52,2039.23,124.1
Maharashtra,Nashik,Lasalgaon,Tomato,Hybrid,2026-06-25,1624.77,1978.18,1758.84,146.5
Maharashtra,Nashik,Lasalgaon,Soybean,Yellow,2026-06-25,3726.86,4533.57,4084.51,157.2
Maharashtra,Nashik,Lasalgaon,Wheat,Sharbati,2026-06-25,2270.16,2806.2,2574.61,80.5
Maharashtra,Nashik,Pimpalgaon,Onion,Red,2026-06-25,1990.8,2314.4,2117.67,112.9
Maharashtra,Nashik,Pimpalgaon,Tomato,Hybrid,2026-06-25,1783.88,2002.32,1898.83,85.4
Maharashtra,Nashik,Pimpalgaon,Soybean,Yellow,2026-06-25,3813.15,4723.09,4231.26,94.6
Maharashtra,Nashik,Pimpalgaon,Wheat,Sharbati,2026-06-25,2440.52,2941.32,2587.06,95.8
Maharashtra,Pune,Pune(Gultekdi),Onion,Red,2026-06-25,2169.13,2787.78,2444.87,148.5
Maharashtra,Pune,Pune(Gultekdi),Tomato,Hybrid,2026-06-25,1912.56,2392.83,2093.67,163.7
Maharashtra,Pune,Pune(Gultekdi),Soybean,Yellow,2026-06-25,4316.96,5305.48,4856.12,89.4
Maharashtra,Pune,Pune(Gultekdi),Wheat,Sharbati,2026-06-25,2779.81,3260.42,3008.78,116.0
Maharashtra,Solapur,Solapur Mandi,Onion,Red,2026-06-25,2159.74,2526.65,2281.72,115.4
Maharashtra,Solapur,Solapur Mandi,Tomato,Hybrid,2026-06-25,1797.28,2089.06,1957.03,186.9
Maharashtra,Solapur,Solapur Mandi,Soybean,Yellow,2026-06-25,4212.06,4831.81,4563.6,125.2
Maharashtra,Solapur,Solapur Mandi,Wheat,Sharbati,2026-06-25,2523.42,3058.43,2854.22,107.2
Madhya Pradesh,Ujjain,Ujjain APMC,Onion,Red,2026-06-25,2079.23,2440.44,2298.6,114.9
Madhya Pradesh,Ujjain,Ujjain APMC,Tomato,Hybrid,2026-06-25,1846.51,2260.73,2050.46,94.3
Madhya Pradesh,Ujjain,Ujjain APMC,Soybean,Yellow,2026-06-25,4305.81,5032.01,4566.99,100.0
Madhya Pradesh,Ujjain,Ujjain APMC,Wheat,Sharbati,2026-06-25,2609.33,3070.59,2795.88,61.1
Maharashtra,Ahmednagar,Kopargaon,Onion,Red,2026-06-26,1921.89,2348.22,2051.34,70.7
Maharashtra,Ahmednagar,Kopargaon,Tomato,Hybrid,2026-06-26,1779.1,2068.3,1910.93,121.6
Maharashtra,Ahmednagar,Kopargaon,Soybean,Yellow,2026-06-26,4078.43,4600.54,4381.17,89.1
Maharashtra,Ahmednagar,Kopargaon,Wheat,Sharbati,2026-06-26,2547.73,2883.71,2705.07,125.4
Madhya Pradesh,Indore,Indore Mandi,Onion,Red,2026-06-26,2198.23,2613.51,2358.05,91.0
Madhya Pradesh,Indore,Indore Mandi,Tomato,Hybrid,2026-06-26,1832.34,2145.57,2040.89,167.4
Madhya Pradesh,Indore,Indore Mandi,Soybean,Yellow,2026-06-26,4266.05,5130.31,4714.86,150.5
Madhya Pradesh,Indore,Indore Mandi,Wheat,Sharbati,2026-06-26,2630.12,3359.22,2962.71,134.7
Maharashtra,Jalgaon,Jalgaon Main,Onion,Red,2026-06-26,1963.74,2431.52,2211.96,114.4
Maharashtra,Jalgaon,Jalgaon Main,Tomato,Hybrid,2026-06-26,1744.52,2143.59,1966.23,142.6
Maharashtra,Jalgaon,Jalgaon Main,Soybean,Yellow,2026-06-26,3932.57,4607.44,4379.32,135.7
Maharashtra,Jalgaon,Jalgaon Main,Wheat,Sharbati,2026-06-26,2517.58,3006.53,2701.84,155.8
Maharashtra,Nandurbar,Nandurbar APMC,Onion,Red,2026-06-26,1869.39,2245.71,2114.84,109.9
Maharashtra,Nandurbar,Nandurbar APMC,Tomato,Hybrid,2026-06-26,1754.17,2073.55,1974.8,145.2
Maharashtra,Nandurbar,Nandurbar APMC,Soybean,Yellow,2026-06-26,3812.24,4686.5,4254.29,87.9
Maharashtra,Nandurbar,Nandurbar APMC,Wheat,Sharbati,2026-06-26,2447.78,2989.67,2633.01,108.0
Maharashtra,Nashik,Lasalgaon,Onion,Red,2026-06-26,1914.79,2198.58,2073.91,100.3
Maharashtra,Nashik,Lasalgaon,Tomato,Hybrid,2026-06-26,1771.43,2116.42,1893.66,130.4
Maharashtra,Nashik,Lasalgaon,Soybean,Yellow,2026-06-26,3866.66,4317.4,4106.72,118.4
Maharashtra,Nashik,Lasalgaon,Wheat,Sharbati,2026-06-26,2332.94,2896.47,2566.21,130.6
Maharashtra,Nashik,Pimpalgaon,Onion,Red,2026-06-26,1866.11,2387.08,2108.38,102.3
Maharashtra,Nashik,Pimpalgaon,Tomato,Hybrid,2026-06-26,1725.91,2012.19,1916.17,125.2
Maharashtra,Nashik,Pimpalgaon,Soybean,Yellow,2026-06-26,3810.2,4815.45,4215.12,143.9
Maharashtra,Nashik,Pimpalgaon,Wheat,Sharbati,2026-06-26,2355.68,2905.13,2665.6,189.7
Maharashtra,Pune,Pune(Gultekdi),Onion,Red,2026-06-26,2106.09,2730.65,2377.24,128.1
Maharashtra,Pune,Pune(Gultekdi),Tomato,Hybrid,2026-06-26,1948.81,2342.31,2103.8,95.1
Maharashtra,Pune,Pune(Gultekdi),Soybean,Yellow,2026-06-26,4450.89,5194.82,4846.22,107.0
Maharashtra,Pune,Pune(Gultekdi),Wheat,Sharbati,2026-06-26,2809.63,3284.56,3029.78,107.8
Maharashtra,Solapur,Solapur Mandi,Onion,Red,2026-06-26,2082.55,2464.65,2228.76,112.5
Maharashtra,Solapur,Solapur Mandi,Tomato,Hybrid,2026-06-26,1897.69,2232.45,2099.24,187.9
Maharashtra,Solapur,Solapur Mandi,Soybean,Yellow,2026-06-26,4010.45,4826.75,4543.66,89.5
Maharashtra,Solapur,Solapur Mandi,Wheat,Sharbati,2026-06-26,2492.57,3133.07,2823.03,77.0
Madhya Pradesh,Ujjain,Ujjain APMC,Onion,Red,2026-06-26,2018.76,2550.06,2243.07,134.1
Madhya Pradesh,Ujjain,Ujjain APMC,Tomato,Hybrid,2026-06-26,2004.88,2342.63,2117.01,124.7
Madhya Pradesh,Ujjain,Ujjain APMC,Soybean,Yellow,2026-06-26,4186.96,5216.04,4592.91,98.6
Madhya Pradesh,Ujjain,Ujjain APMC,Wheat,Sharbati,2026-06-26,2708.74,3024.11,2857.33,138.9
Maharashtra,Ahmednagar,Kopargaon,Onion,Red,2026-06-27,2048.89,2434.78,2278.02,91.7
Maharashtra,Ahmednagar,Kopargaon,Tomato,Hybrid,2026-06-27,1925.3,2351.63,2045.68,32.9
Maharashtra,Ahmednagar,Kopargaon,Soybean,Yellow,2026-06-27,4000.73,4758.3,4349.65,109.3
Maharashtra,Ahmednagar,Kopargaon,Wheat,Sharbati,2026-06-27,2477.02,3089.13,2697.18,120.5
Madhya Pradesh,Indore,Indore Mandi,Onion,Red,2026-06-27,2144.55,2578.58,2268.67,184.1
Madhya Pradesh,Indore,Indore Mandi,Tomato,Hybrid,2026-06-27,2055.45,2506.19,2203.66,157.1
Madhya Pradesh,Indore,Indore Mandi,Soybean,Yellow,2026-06-27,4186.32,4943.66,4606.75,114.8
Madhya Pradesh,Indore,Indore Mandi,Wheat,Sharbati,2026-06-27,2572.96,3213.87,2922.91,147.9
Maharashtra,Jalgaon,Jalgaon Main,Onion,Red,2026-06-27,1974.2,2477.16,2189.5,185.7
Maharashtra,Jalgaon,Jalgaon Main,Tomato,Hybrid,2026-06-27,1934.57,2255.22,2085.22,86.9
Maharashtra,Jalgaon,Jalgaon Main,Soybean,Yellow,2026-06-27,3868.58,4578.76,4355.07,164.8
Maharashtra,Jalgaon,Jalgaon Main,Wheat,Sharbati,2026-06-27,2572.48,3097.5,2735.91,190.5
Maharashtra,Nandurbar,Nandurbar APMC,Onion,Red,2026-06-27,1953.94,2344.18,2070.37,137.2
Maharashtra,Nandurbar,Nandurbar APMC,Tomato,Hybrid,2026-06-27,1728.61,2154.19,1944.48,87.2
Maharashtra,Nandurbar,Nandurbar APMC,Soybean,Yellow,2026-06-27,4030.75,4652.43,4309.5,82.3
Maharashtra,Nandurbar,Nandurbar APMC,Wheat,Sharbati,2026-06-27,2469.94,2869.8,2625.13,101.4
Maharashtra,Nashik,Lasalgaon,Onion,Red,2026-06-27,1832.86,2288.86,2070.64,120.4
Maharashtra,Nashik,Lasalgaon,Tomato,Hybrid,2026-06-27,1647.52,1951.72,1793.86,121.1
Maharashtra,Nashik,Lasalgaon,Soybean,Yellow,2026-06-27,3791.88,4370.44,4124.98,135.3
Maharashtra,Nashik,Lasalgaon,Wheat,Sharbati,2026-06-27,2446.31,2853.92,2592.97,108.7
Maharashtra,Nashik,Pimpalgaon,Onion,Red,2026-06-27,1943.64,2354.89,2103.38,137.4
Maharashtra,Nashik,Pimpalgaon,Tomato,Hybrid,2026-06-27,1597.94,1887.79,1781.78,172.6
Maharashtra,Nashik,Pimpalgaon,Soybean,Yellow,2026-06-27,3762.0,4784.99,4206.01,73.8
Maharashtra,Nashik,Pimpalgaon,Wheat,Sharbati,2026-06-27,2495.77,2825.22,2659.9,145.5
Maharashtra,Pune,Pune(Gultekdi),Onion,Red,2026-06-27,2342.91,2900.63,2544.15,93.1
Maharashtra,Pune,Pune(Gultekdi),Tomato,Hybrid,2026-06-27,1904.9,2452.11,2134.62,109.9
Maharashtra,Pune,Pune(Gultekdi),Soybean,Yellow,2026-06-27,4467.81,5420.99,4843.69,77.6
Maharashtra,Pune,Pune(Gultekdi),Wheat,Sharbati,2026-06-27,2750.42,3296.09,3017.32,168.2
Maharashtra,Solapur,Solapur Mandi,Onion,Red,2026-06-27,1982.93,2277.77,2153.36,101.6
Maharashtra,Solapur,Solapur Mandi,Tomato,Hybrid,2026-06-27,1946.87,2330.01,2156.27,131.8
Maharashtra,Solapur,Solapur Mandi,Soybean,Yellow,2026-06-27,4291.74,5088.34,4578.09,93.8
Maharashtra,Solapur,Solapur Mandi,Wheat,Sharbati,2026-06-27,2681.92,3200.23,2862.68,91.5
Madhya Pradesh,Ujjain,Ujjain APMC,Onion,Red,2026-06-27,2210.67,2480.7,2329.2,103.6
Madhya Pradesh,Ujjain,Ujjain APMC,Tomato,Hybrid,2026-06-27,2005.85,2321.54,2172.38,120.0
Madhya Pradesh,Ujjain,Ujjain APMC,Soybean,Yellow,2026-06-27,3998.35,4839.48,4523.67,107.5
Madhya Pradesh,Ujjain,Ujjain APMC,Wheat,Sharbati,2026-06-27,2543.55,3095.18,2828.29,106.3
Maharashtra,Ahmednagar,Kopargaon,Onion,Red,2026-06-28,1939.18,2261.22,2127.37,141.8
Maharashtra,Ahmednagar,Kopargaon,Tomato,Hybrid,2026-06-28,1793.86,2234.56,2031.76,136.6
Maharashtra,Ahmednagar,Kopargaon,Soybean,Yellow,2026-06-28,3864.84,4931.69,4355.6,124.4
Maharashtra,Ahmednagar,Kopargaon,Wheat,Sharbati,2026-06-28,2467.08,2861.88,2714.08,161.7
Madhya Pradesh,Indore,Indore Mandi,Onion,Red,2026-06-28,2334.58,2704.05,2479.99,181.4
Madhya Pradesh,Indore,Indore Mandi,Tomato,Hybrid,2026-06-28,1925.68,2362.86,2184.64,111.5
Madhya Pradesh,Indore,Indore Mandi,Soybean,Yellow,2026-06-28,4364.25,5083.68,4741.73,108.5
Madhya Pradesh,Indore,Indore Mandi,Wheat,Sharbati,2026-06-28,2801.68,3346.53,2960.05,106.8
Maharashtra,Jalgaon,Jalgaon Main,Onion,Red,2026-06-28,1851.17,2329.02,2084.77,164.7
Maharashtra,Jalgaon,Jalgaon Main,Tomato,Hybrid,2026-06-28,1891.22,2326.79,2088.5,140.1
Maharashtra,Jalgaon,Jalgaon Main,Soybean,Yellow,2026-06-28,4083.05,4772.37,4361.7,78.1
Maharashtra,Jalgaon,Jalgaon Main,Wheat,Sharbati,2026-06-28,2530.63,3037.78,2689.02,85.0
Maharashtra,Nandurbar,Nandurbar APMC,Onion,Red,2026-06-28,2039.02,2525.86,2225.0,124.0
Maharashtra,Nandurbar,Nandurbar APMC,Tomato,Hybrid,2026-06-28,1696.79,2019.16,1826.23,114.8
Maharashtra,Nandurbar,Nandurbar APMC,Soybean,Yellow,2026-06-28,4014.42,4747.06,4319.26,118.9
Maharashtra,Nandurbar,Nandurbar APMC,Wheat,Sharbati,2026-06-28,2359.52,2940.97,2636.17,121.6
Maharashtra,Nashik,Lasalgaon,Onion,Red,2026-06-28,1859.6,2225.12,1961.82,167.4
Maharashtra,Nashik,Lasalgaon,Tomato,Hybrid,2026-06-28,1901.74,2165.14,2024.21,84.5
Maharashtra,Nashik,Lasalgaon,Soybean,Yellow,2026-06-28,3723.65,4323.5,4114.31,81.6
Maharashtra,Nashik,Lasalgaon,Wheat,Sharbati,2026-06-28,2401.48,2736.65,2569.24,103.2
Maharashtra,Nashik,Pimpalgaon,Onion,Red,2026-06-28,1911.36,2265.24,2102.62,163.3
Maharashtra,Nashik,Pimpalgaon,Tomato,Hybrid,2026-06-28,1753.86,2102.63,1904.32,85.6
Maharashtra,Nashik,Pimpalgaon,Soybean,Yellow,2026-06-28,3997.45,4701.03,4318.0,185.4
Maharashtra,Nashik,Pimpalgaon,Wheat,Sharbati,2026-06-28,2451.93,2989.89,2643.34,128.1
Maharashtra,Pune,Pune(Gultekdi),Onion,Red,2026-06-28,2263.58,2774.19,2423.98,121.6
Maharashtra,Pune,Pune(Gultekdi),Tomato,Hybrid,2026-06-28,2026.53,2369.26,2207.3,88.4
Maharashtra,Pune,Pune(Gultekdi),Soybean,Yellow,2026-06-28,4277.33,5303.08,4839.8,124.5
Maharashtra,Pune,Pune(Gultekdi),Wheat,Sharbati,2026-06-28,2842.93,3382.46,3015.99,103.8
Maharashtra,Solapur,Solapur Mandi,Onion,Red,2026-06-28,2057.44,2565.29,2296.24,138.0
Maharashtra,Solapur,Solapur Mandi,Tomato,Hybrid,2026-06-28,1793.04,2210.35,1988.86,149.2
Maharashtra,Solapur,Solapur Mandi,Soybean,Yellow,2026-06-28,4120.13,4978.05,4566.95,74.3
Maharashtra,Solapur,Solapur Mandi,Wheat,Sharbati,2026-06-28,2618.24,3268.8,2867.43,157.4
Madhya Pradesh,Ujjain,Ujjain APMC,Onion,Red,2026-06-28,2142.28,2469.66,2305.3,167.9
Madhya Pradesh,Ujjain,Ujjain APMC,Tomato,Hybrid,2026-06-28,1830.02,2150.31,1973.5,163.1
Madhya Pradesh,Ujjain,Ujjain APMC,Soybean,Yellow,2026-06-28,4039.46,5256.75,4574.23,97.9
Madhya Pradesh,Ujjain,Ujjain APMC,Wheat,Sharbati,2026-06-28,2579.18,3041.38,2851.18,101.3
Maharashtra,Ahmednagar,Kopargaon,Onion,Red,2026-06-29,1878.28,2363.97,2059.2,118.1
Maharashtra,Ahmednagar,Kopargaon,Tomato,Hybrid,2026-06-29,1892.2,2181.72,1992.12,85.7
Maharashtra,Ahmednagar,Kopargaon,Soybean,Yellow,2026-06-29,3903.97,4627.77,4374.24,152.5
Maharashtra,Ahmednagar,Kopargaon,Wheat,Sharbati,2026-06-29,2428.77,2933.42,2686.68,176.4
Madhya Pradesh,Indore,Indore Mandi,Onion,Red,2026-06-29,2081.25,2469.52,2332.22,92.2
Madhya Pradesh,Indore,Indore Mandi,Tomato,Hybrid,2026-06-29,1933.79,2383.56,2171.33,124.6
Madhya Pradesh,Indore,Indore Mandi,Soybean,Yellow,2026-06-29,4509.49,5099.08,4781.62,72.9
Madhya Pradesh,Indore,Indore Mandi,Wheat,Sharbati,2026-06-29,2571.3,3301.76,2918.09,60.3
Maharashtra,Jalgaon,Jalgaon Main,Onion,Red,2026-06-29,1969.29,2392.47,2205.92,87.1
Maharashtra,Jalgaon,Jalgaon Main,Tomato,Hybrid,2026-06-29,1707.51,2017.28,1843.61,72.6
Maharashtra,Jalgaon,Jalgaon Main,Soybean,Yellow,2026-06-29,3861.38,4565.48,4298.18,155.2
Maharashtra,Jalgaon,Jalgaon Main,Wheat,Sharbati,2026-06-29,2510.19,2994.65,2747.22,169.5
Maharashtra,Nandurbar,Nandurbar APMC,Onion,Red,2026-06-29,1978.69,2278.68,2135.13,153.4
Maharashtra,Nandurbar,Nandurbar APMC,Tomato,Hybrid,2026-06-29,1778.28,2171.32,1897.92,126.2
Maharashtra,Nandurbar,Nandurbar APMC,Soybean,Yellow,2026-06-29,3965.88,4808.79,4381.44,130.6
Maharashtra,Nandurbar,Nandurbar APMC,Wheat,Sharbati,2026-06-29,2421.33,2855.42,2693.75,103.3
Maharashtra,Nashik,Lasalgaon,Onion,Red,2026-06-29,1937.28,2334.99,2134.85,58.4
Maharashtra,Nashik,Lasalgaon,Tomato,Hybrid,2026-06-29,1685.81,2120.98,1854.86,175.7
Maharashtra,Nashik,Lasalgaon,Soybean,Yellow,2026-06-29,3769.0,4564.57,4152.55,107.3
Maharashtra,Nashik,Lasalgaon,Wheat,Sharbati,2026-06-29,2428.44,2764.81,2574.55,106.4
Maharashtra,Nashik,Pimpalgaon,Onion,Red,2026-06-29,1923.75,2369.8,2100.21,145.1
Maharashtra,Nashik,Pimpalgaon,Tomato,Hybrid,2026-06-29,1729.5,2153.96,1878.02,108.1
Maharashtra,Nashik,Pimpalgaon,Soybean,Yellow,2026-06-29,3874.26,4453.97,4222.05,153.9
Maharashtra,Nashik,Pimpalgaon,Wheat,Sharbati,2026-06-29,2482.46,2797.2,2629.04,117.7
Maharashtra,Pune,Pune(Gultekdi),Onion,Red,2026-06-29,2378.47,2895.93,2529.3,71.7
Maharashtra,Pune,Pune(Gultekdi),Tomato,Hybrid,2026-06-29,1950.24,2375.01,2157.94,114.2
Maharashtra,Pune,Pune(Gultekdi),Soybean,Yellow,2026-06-29,4289.59,5270.89,4830.82,132.6
Maharashtra,Pune,Pune(Gultekdi),Wheat,Sharbati,2026-06-29,2645.15,3154.79,2990.34,133.7
Maharashtra,Solapur,Solapur Mandi,Onion,Red,2026-06-29,2008.08,2333.24,2172.45,116.9
Maharashtra,Solapur,Solapur Mandi,Tomato,Hybrid,2026-06-29,1770.45,2269.39,1993.62,60.9
Maharashtra,Solapur,Solapur Mandi,Soybean,Yellow,2026-06-29,4281.49,5146.44,4566.8,137.4
Maharashtra,Solapur,Solapur Mandi,Wheat,Sharbati,2026-06-29,2588.79,3121.64,2868.86,132.1
Madhya Pradesh,Ujjain,Ujjain APMC,Onion,Red,2026-06-29,2028.2,2463.54,2267.56,83.8
Madhya Pradesh,Ujjain,Ujjain APMC,Tomato,Hybrid,2026-06-29,1969.26,2350.28,2168.54,183.3
Madhya Pradesh,Ujjain,Ujjain APMC,Soybean,Yellow,2026-06-29,4162.26,5059.56,4505.85,108.4
Madhya Pradesh,Ujjain,Ujjain APMC,Wheat,Sharbati,2026-06-29,2522.35,3041.88,2849.54,55.5
Maharashtra,Ahmednagar,Kopargaon,Onion,Red,2026-06-30,1934.96,2346.15,2135.87,99.8
Maharashtra,Ahmednagar,Kopargaon,Tomato,Hybrid,2026-06-30,1842.94,2191.92,2030.25,124.9
Maharashtra,Ahmednagar,Kopargaon,Soybean,Yellow,2026-06-30,3832.28,4728.11,4310.64,146.0
Maharashtra,Ahmednagar,Kopargaon,Wheat,Sharbati,2026-06-30,2519.7,2856.18,2714.7,129.4
Madhya Pradesh,Indore,Indore Mandi,Onion,Red,2026-06-30,2049.74,2516.72,2325.54,70.2
Madhya Pradesh,Indore,Indore Mandi,Tomato,Hybrid,2026-06-30,1923.65,2462.22,2164.56,116.5
Madhya Pradesh,Indore,Indore Mandi,Soybean,Yellow,2026-06-30,4262.18,5106.38,4767.41,155.7
Madhya Pradesh,Indore,Indore Mandi,Wheat,Sharbati,2026-06-30,2600.85,3303.37,2941.75,142.9
Maharashtra,Jalgaon,Jalgaon Main,Onion,Red,2026-06-30,2037.57,2454.5,2224.87,130.9
Maharashtra,Jalgaon,Jalgaon Main,Tomato,Hybrid,2026-06-30,1898.51,2141.45,2024.02,172.1
Maharashtra,Jalgaon,Jalgaon Main,Soybean,Yellow,2026-06-30,4180.91,4907.64,4406.59,113.6
Maharashtra,Jalgaon,Jalgaon Main,Wheat,Sharbati,2026-06-30,2511.23,2933.99,2737.37,66.5
Maharashtra,Nandurbar,Nandurbar APMC,Onion,Red,2026-06-30,1960.64,2296.14,2137.44,86.6
Maharashtra,Nandurbar,Nandurbar APMC,Tomato,Hybrid,2026-06-30,1984.36,2387.03,2115.51,105.8
Maharashtra,Nandurbar,Nandurbar APMC,Soybean,Yellow,2026-06-30,3996.94,4763.83,4231.71,122.0
Maharashtra,Nandurbar,Nandurbar APMC,Wheat,Sharbati,2026-06-30,2427.7,2857.28,2652.71,98.1
Maharashtra,Nashik,Lasalgaon,Onion,Red,2026-06-30,1937.87,2480.51,2195.26,121.2
Maharashtra,Nashik,Lasalgaon,Tomato,Hybrid,2026-06-30,1660.42,2092.67,1862.74,86.2
Maharashtra,Nashik,Lasalgaon,Soybean,Yellow,2026-06-30,3917.26,4371.72,4138.61,130.8
Maharashtra,Nashik,Lasalgaon,Wheat,Sharbati,2026-06-30,2445.24,2970.59,2583.4,151.0
Maharashtra,Nashik,Pimpalgaon,Onion,Red,2026-06-30,1958.11,2376.17,2080.55,127.5
Maharashtra,Nashik,Pimpalgaon,Tomato,Hybrid,2026-06-30,1963.98,2311.82,2087.05,161.7
Maharashtra,Nashik,Pimpalgaon,Soybean,Yellow,2026-06-30,3969.15,4644.66,4211.01,124.9
Maharashtra,Nashik,Pimpalgaon,Wheat,Sharbati,2026-06-30,2449.38,2995.95,2605.49,87.7
Maharashtra,Pune,Pune(Gultekdi),Onion,Red,2026-06-30,2277.33,2735.49,2431.92,112.3
Maharashtra,Pune,Pune(Gultekdi),Tomato,Hybrid,2026-06-30,2105.73,2427.17,2294.27,100.3
Maharashtra,Pune,Pune(Gultekdi),Soybean,Yellow,2026-06-30,4367.53,5168.61,4904.46,137.3
Maharashtra,Pune,Pune(Gultekdi),Wheat,Sharbati,2026-06-30,2851.98,3312.13,3051.15,138.7
Maharashtra,Solapur,Solapur Mandi,Onion,Red,2026-06-30,2018.43,2488.24,2212.27,167.8
Maharashtra,Solapur,Solapur Mandi,Tomato,Hybrid,2026-06-30,1896.08,2311.15,2082.93,117.4
Maharashtra,Solapur,Solapur Mandi,Soybean,Yellow,2026-06-30,4117.92,4823.31,4579.32,123.0
Maharashtra,Solapur,Solapur Mandi,Wheat,Sharbati,2026-06-30,2546.16,3239.98,2840.72,105.5
Madhya Pradesh,Ujjain,Ujjain APMC,Onion,Red,2026-06-30,1991.59,2553.54,2241.81,82.1
Madhya Pradesh,Ujjain,Ujjain APMC,Tomato,Hybrid,2026-06-30,1934.0,2402.35,2100.7,31.4
Madhya Pradesh,Ujjain,Ujjain APMC,Soybean,Yellow,2026-06-30,4106.19,5086.82,4508.79,144.5
Madhya Pradesh,Ujjain,Ujjain APMC,Wheat,Sharbati,2026-06-30,2567.59,3159.86,2854.24,74.1
Maharashtra,Ahmednagar,Kopargaon,Onion,Red,2026-07-01,2016.89,2560.1,2228.79,186.8
Maharashtra,Ahmednagar,Kopargaon,Tomato,Hybrid,2026-07-01,1708.61,1978.42,1875.57,101.4
Maharashtra,Ahmednagar,Kopargaon,Soybean,Yellow,2026-07-01,3872.37,4988.42,4367.16,159.5
Maharashtra,Ahmednagar,Kopargaon,Wheat,Sharbati,2026-07-01,2555.69,2886.89,2719.0,61.4
Madhya Pradesh,Indore,Indore Mandi,Onion,Red,2026-07-01,2239.44,2685.24,2362.62,88.2
Madhya Pradesh,Indore,Indore Mandi,Tomato,Hybrid,2026-07-01,2084.46,2589.92,2327.88,151.1
Madhya Pradesh,Indore,Indore Mandi,Soybean,Yellow,2026-07-01,4402.52,5500.65,4827.63,101.5
Madhya Pradesh,Indore,Indore Mandi,Wheat,Sharbati,2026-07-01,2628.49,3135.61,2957.04,93.2
Maharashtra,Jalgaon,Jalgaon Main,Onion,Red,2026-07-01,1926.17,2326.15,2156.82,103.0
Maharashtra,Jalgaon,Jalgaon Main,Tomato,Hybrid,2026-07-01,1886.89,2239.66,2012.01,168.5
Maharashtra,Jalgaon,Jalgaon Main,Soybean,Yellow,2026-07-01,4103.47,4785.63,4371.17,121.0
Maharashtra,Jalgaon,Jalgaon Main,Wheat,Sharbati,2026-07-01,2446.06,2945.92,2724.83,103.4
Maharashtra,Nandurbar,Nandurbar APMC,Onion,Red,2026-07-01,1956.94,2472.72,2153.49,90.9
Maharashtra,Nandurbar,Nandurbar APMC,Tomato,Hybrid,2026-07-01,1806.14,2276.66,1986.97,167.1
Maharashtra,Nandurbar,Nandurbar APMC,Soybean,Yellow,2026-07-01,3926.72,4772.82,4234.14,141.3
Maharashtra,Nandurbar,Nandurbar APMC,Wheat,Sharbati,2026-07-01,2501.77,2967.36,2719.73,111.2
Maharashtra,Nashik,Lasalgaon,Onion,Red,2026-07-01,2042.47,2401.95,2183.9,150.9
Maharashtra,Nashik,Lasalgaon,Tomato,Hybrid,2026-07-01,1755.01,2145.43,1873.65,191.6
Maharashtra,Nashik,Lasalgaon,Soybean,Yellow,2026-07-01,3871.64,4692.82,4138.79,171.3
Maharashtra,Nashik,Lasalgaon,Wheat,Sharbati,2026-07-01,2339.14,2929.3,2563.45,77.6
Maharashtra,Nashik,Pimpalgaon,Onion,Red,2026-07-01,1964.27,2398.18,2132.58,89.9
Maharashtra,Nashik,Pimpalgaon,Tomato,Hybrid,2026-07-01,1713.02,2095.97,1880.81,105.9
Maharashtra,Nashik,Pimpalgaon,Soybean,Yellow,2026-07-01,3768.46,4532.49,4190.99,143.8
Maharashtra,Nashik,Pimpalgaon,Wheat,Sharbati,2026-07-01,2339.39,2858.94,2636.04,81.3
Maharashtra,Pune,Pune(Gultekdi),Onion,Red,2026-07-01,2144.04,2588.27,2382.63,113.3
Maharashtra,Pune,Pune(Gultekdi),Tomato,Hybrid,2026-07-01,2007.88,2483.25,2177.83,114.9
Maharashtra,Pune,Pune(Gultekdi),Soybean,Yellow,2026-07-01,4344.54,5319.95,4856.04,99.5
Maharashtra,Pune,Pune(Gultekdi),Wheat,Sharbati,2026-07-01,2874.06,3491.13,3036.63,85.3
Maharashtra,Solapur,Solapur Mandi,Onion,Red,2026-07-01,1973.97,2370.4,2225.13,139.7
Maharashtra,Solapur,Solapur Mandi,Tomato,Hybrid,2026-07-01,1959.99,2309.26,2127.74,134.6
Maharashtra,Solapur,Solapur Mandi,Soybean,Yellow,2026-07-01,4218.34,4863.91,4521.47,154.2
Maharashtra,Solapur,Solapur Mandi,Wheat,Sharbati,2026-07-01,2544.25,3101.34,2844.55,178.7
Madhya Pradesh,Ujjain,Ujjain APMC,Onion,Red,2026-07-01,2008.52,2514.96,2251.8,146.4
Madhya Pradesh,Ujjain,Ujjain APMC,Tomato,Hybrid,2026-07-01,1749.45,2197.14,1978.63,130.2
Madhya Pradesh,Ujjain,Ujjain APMC,Soybean,Yellow,2026-07-01,4309.41,5022.77,4603.61,119.7
Madhya Pradesh,Ujjain,Ujjain APMC,Wheat,Sharbati,2026-07-01,2536.72,3088.4,2813.97,143.6
Maharashtra,Ahmednagar,Kopargaon,Onion,Red,2026-07-02,1974.25,2433.7,2216.25,61.8
Maharashtra,Ahmednagar,Kopargaon,Tomato,Hybrid,2026-07-02,1594.79,1994.23,1758.71,191.9
Maharashtra,Ahmednagar,Kopargaon,Soybean,Yellow,2026-07-02,3942.17,5001.78,4359.59,104.4
Maharashtra,Ahmednagar,Kopargaon,Wheat,Sharbati,2026-07-02,2462.78,3049.3,2684.72,109.3
Madhya Pradesh,Indore,Indore Mandi,Onion,Red,2026-07-02,2267.25,2770.8,2416.74,112.9
Madhya Pradesh,Indore,Indore Mandi,Tomato,Hybrid,2026-07-02,1899.55,2263.33,2129.8,112.3
Madhya Pradesh,Indore,Indore Mandi,Soybean,Yellow,2026-07-02,4481.82,5216.43,4849.28,83.7
Madhya Pradesh,Indore,Indore Mandi,Wheat,Sharbati,2026-07-02,2681.04,3150.46,2985.6,85.2
Maharashtra,Jalgaon,Jalgaon Main,Onion,Red,2026-07-02,2029.98,2528.14,2261.0,99.8
Maharashtra,Jalgaon,Jalgaon Main,Tomato,Hybrid,2026-07-02,2001.75,2351.14,2126.21,186.4
Maharashtra,Jalgaon,Jalgaon Main,Soybean,Yellow,2026-07-02,4140.61,4892.9,4371.33,114.2
Maharashtra,Jalgaon,Jalgaon Main,Wheat,Sharbati,2026-07-02,2576.82,3006.2,2730.61,133.7
Maharashtra,Nandurbar,Nandurbar APMC,Onion,Red,2026-07-02,1996.79,2386.46,2187.04,170.5
Maharashtra,Nandurbar,Nandurbar APMC,Tomato,Hybrid,2026-07-02,1823.51,2078.49,1970.96,73.2
Maharashtra,Nandurbar,Nandurbar APMC,Soybean,Yellow,2026-07-02,3857.71,4583.13,4269.54,164.5
Maharashtra,Nandurbar,Nandurbar APMC,Wheat,Sharbati,2026-07-02,2439.13,2851.06,2652.47,131.8
Maharashtra,Nashik,Lasalgaon,Onion,Red,2026-07-02,1925.72,2256.41,2093.15,146.3
Maharashtra,Nashik,Lasalgaon,Tomato,Hybrid,2026-07-02,1708.04,2128.96,1906.56,175.6
Maharashtra,Nashik,Lasalgaon,Soybean,Yellow,2026-07-02,3874.95,4432.44,4131.8,70.6
Maharashtra,Nashik,Lasalgaon,Wheat,Sharbati,2026-07-02,2417.6,2917.01,2617.47,104.8
Maharashtra,Nashik,Pimpalgaon,Onion,Red,2026-07-02,1889.08,2286.48,2092.8,140.0
Maharashtra,Nashik,Pimpalgaon,Tomato,Hybrid,2026-07-02,1719.44,2060.86,1928.84,91.8
Maharashtra,Nashik,Pimpalgaon,Soybean,Yellow,2026-07-02,3888.04,4788.24,4297.39,123.9
Maharashtra,Nashik,Pimpalgaon,Wheat,Sharbati,2026-07-02,2362.76,2863.38,2617.83,156.2
Maharashtra,Pune,Pune(Gultekdi),Onion,Red,2026-07-02,2089.13,2613.8,2352.52,121.7
Maharashtra,Pune,Pune(Gultekdi),Tomato,Hybrid,2026-07-02,1934.95,2386.51,2189.9,76.1
Maharashtra,Pune,Pune(Gultekdi),Soybean,Yellow,2026-07-02,4543.05,5146.56,4855.72,109.9
Maharashtra,Pune,Pune(Gultekdi),Wheat,Sharbati,2026-07-02,2660.75,3186.27,3022.23,133.9
Maharashtra,Solapur,Solapur Mandi,Onion,Red,2026-07-02,2055.56,2419.28,2274.95,121.7
Maharashtra,Solapur,Solapur Mandi,Tomato,Hybrid,2026-07-02,1860.2,2223.62,2103.48,79.0
Maharashtra,Solapur,Solapur Mandi,Soybean,Yellow,2026-07-02,4243.91,4808.19,4565.67,116.0
Maharashtra,Solapur,Solapur Mandi,Wheat,Sharbati,2026-07-02,2583.57,3132.29,2845.49,144.6
Madhya Pradesh,Ujjain,Ujjain APMC,Onion,Red,2026-07-02,2187.97,2471.25,2313.64,98.9
Madhya Pradesh,Ujjain,Ujjain APMC,Tomato,Hybrid,2026-07-02,1871.02,2264.33,2085.38,82.9
Madhya Pradesh,Ujjain,Ujjain APMC,Soybean,Yellow,2026-07-02,4078.22,4953.56,4474.49,111.8
Madhya Pradesh,Ujjain,Ujjain APMC,Wheat,Sharbati,2026-07-02,2675.53,3046.31,2819.09,95.1
Maharashtra,Ahmednagar,Kopargaon,Onion,Red,2026-07-03,2027.37,2528.23,2234.09,108.6
Maharashtra,Ahmednagar,Kopargaon,Tomato,Hybrid,2026-07-03,1892.6,2285.44,2098.05,143.3
Maharashtra,Ahmednagar,Kopargaon,Soybean,Yellow,2026-07-03,4012.05,4826.11,4324.19,113.4
Maharashtra,Ahmednagar,Kopargaon,Wheat,Sharbati,2026-07-03,2562.28,2871.98,2733.75,86.6
Madhya Pradesh,Indore,Indore Mandi,Onion,Red,2026-07-03,2044.34,2594.98,2297.66,160.0
Madhya Pradesh,Indore,Indore Mandi,Tomato,Hybrid,2026-07-03,1946.06,2368.0,2172.61,121.8
Madhya Pradesh,Indore,Indore Mandi,Soybean,Yellow,2026-07-03,4418.6,5241.61,4720.31,115.6
Madhya Pradesh,Indore,Indore Mandi,Wheat,Sharbati,2026-07-03,2723.37,3155.36,2919.05,132.7
Maharashtra,Jalgaon,Jalgaon Main,Onion,Red,2026-07-03,1976.83,2514.36,2205.66,178.7
Maharashtra,Jalgaon,Jalgaon Main,Tomato,Hybrid,2026-07-03,1865.14,2332.8,2042.3,187.7
Maharashtra,Jalgaon,Jalgaon Main,Soybean,Yellow,2026-07-03,3911.71,4721.13,4415.96,122.5
Maharashtra,Jalgaon,Jalgaon Main,Wheat,Sharbati,2026-07-03,2425.24,2952.36,2717.66,85.1
Maharashtra,Nandurbar,Nandurbar APMC,Onion,Red,2026-07-03,2083.96,2457.19,2208.86,42.6
Maharashtra,Nandurbar,Nandurbar APMC,Tomato,Hybrid,2026-07-03,1762.76,2198.82,1948.89,107.5
Maharashtra,Nandurbar,Nandurbar APMC,Soybean,Yellow,2026-07-03,4096.89,5022.34,4371.71,69.7
Maharashtra,Nandurbar,Nandurbar APMC,Wheat,Sharbati,2026-07-03,2383.99,2928.17,2658.22,105.8
Maharashtra,Nashik,Lasalgaon,Onion,Red,2026-07-03,1928.87,2377.37,2096.11,114.6
Maharashtra,Nashik,Lasalgaon,Tomato,Hybrid,2026-07-03,1747.71,2073.51,1973.98,46.3
Maharashtra,Nashik,Lasalgaon,Soybean,Yellow,2026-07-03,3794.7,4557.88,4074.67,67.5
Maharashtra,Nashik,Lasalgaon,Wheat,Sharbati,2026-07-03,2430.58,2890.17,2585.57,82.8
Maharashtra,Nashik,Pimpalgaon,Onion,Red,2026-07-03,1928.27,2299.76,2156.63,105.6
Maharashtra,Nashik,Pimpalgaon,Tomato,Hybrid,2026-07-03,1843.39,2229.23,2028.48,168.5
Maharashtra,Nashik,Pimpalgaon,Soybean,Yellow,2026-07-03,3897.11,4682.1,4223.74,143.9
Maharashtra,Nashik,Pimpalgaon,Wheat,Sharbati,2026-07-03,2464.43,2975.23,2649.81,58.1
Maharashtra,Pune,Pune(Gultekdi),Onion,Red,2026-07-03,2296.23,2731.76,2478.22,105.3
Maharashtra,Pune,Pune(Gultekdi),Tomato,Hybrid,2026-07-03,1991.34,2353.33,2204.09,117.8
Maharashtra,Pune,Pune(Gultekdi),Soybean,Yellow,2026-07-03,4389.43,5178.87,4866.52,39.4
Maharashtra,Pune,Pune(Gultekdi),Wheat,Sharbati,2026-07-03,2868.63,3377.74,3048.79,133.0
Maharashtra,Solapur,Solapur Mandi,Onion,Red,2026-07-03,2003.51,2371.87,2195.9,84.7
Maharashtra,Solapur,Solapur Mandi,Tomato,Hybrid,2026-07-03,1858.89,2352.94,2082.71,112.5
Maharashtra,Solapur,Solapur Mandi,Soybean,Yellow,2026-07-03,4235.35,5277.38,4598.59,158.4
Maharashtra,Solapur,Solapur Mandi,Wheat,Sharbati,2026-07-03,2584.51,3167.12,2885.29,117.0
Madhya Pradesh,Ujjain,Ujjain APMC,Onion,Red,2026-07-03,2199.43,2634.12,2333.43,199.5
Madhya Pradesh,Ujjain,Ujjain APMC,Tomato,Hybrid,2026-07-03,1884.23,2385.03,2110.8,117.9
Madhya Pradesh,Ujjain,Ujjain APMC,Soybean,Yellow,2026-07-03,4249.12,5138.55,4559.33,70.2
Madhya Pradesh,Ujjain,Ujjain APMC,Wheat,Sharbati,2026-07-03,2586.09,3206.52,2840.16,141.2
Maharashtra,Ahmednagar,Kopargaon,Onion,Red,2026-07-04,2029.47,2309.63,2168.68,85.7
Maharashtra,Ahmednagar,Kopargaon,Tomato,Hybrid,2026-07-04,1923.06,2153.41,2024.79,32.7
Maharashtra,Ahmednagar,Kopargaon,Soybean,Yellow,2026-07-04,3914.07,4567.39,4349.79,91.5
Maharashtra,Ahmednagar,Kopargaon,Wheat,Sharbati,2026-07-04,2540.68,3012.63,2696.91,114.3
Madhya Pradesh,Indore,Indore Mandi,Onion,Red,2026-07-04,2202.94,2673.97,2406.5,80.6
Madhya Pradesh,Indore,Indore Mandi,Tomato,Hybrid,2026-07-04,1989.65,2397.4,2165.62,76.6
Madhya Pradesh,Indore,Indore Mandi,Soybean,Yellow,2026-07-04,4401.56,5173.52,4757.72,96.2
Madhya Pradesh,Indore,Indore Mandi,Wheat,Sharbati,2026-07-04,2604.96,3094.36,2941.17,130.8
Maharashtra,Jalgaon,Jalgaon Main,Onion,Red,2026-07-04,2003.9,2421.24,2232.44,185.7
Maharashtra,Jalgaon,Jalgaon Main,Tomato,Hybrid,2026-07-04,1820.46,2157.38,1964.15,78.9
Maharashtra,Jalgaon,Jalgaon Main,Soybean,Yellow,2026-07-04,4061.91,4625.2,4378.46,130.7
Maharashtra,Jalgaon,Jalgaon Main,Wheat,Sharbati,2026-07-04,2480.42,2935.93,2704.23,125.9
Maharashtra,Nandurbar,Nandurbar APMC,Onion,Red,2026-07-04,1875.22,2352.86,2055.39,172.4
Maharashtra,Nandurbar,Nandurbar APMC,Tomato,Hybrid,2026-07-04,1685.55,2025.74,1829.01,83.2
Maharashtra,Nandurbar,Nandurbar APMC,Soybean,Yellow,2026-07-04,3954.48,4648.49,4308.99,116.6
Maharashtra,Nandurbar,Nandurbar APMC,Wheat,Sharbati,2026-07-04,2530.56,2819.46,2681.41,146.2
Maharashtra,Nashik,Lasalgaon,Onion,Red,2026-07-04,1854.26,2323.3,2066.27,90.3
Maharashtra,Nashik,Lasalgaon,Tomato,Hybrid,2026-07-04,1815.03,2211.07,1995.85,89.3
Maharashtra,Nashik,Lasalgaon,Soybean,Yellow,2026-07-04,3866.81,4552.66,4078.22,119.9
Maharashtra,Nashik,Lasalgaon,Wheat,Sharbati,2026-07-04,2324.94,2941.85,2572.46,150.5
Maharashtra,Nashik,Pimpalgaon,Onion,Red,2026-07-04,2000.82,2438.78,2143.65,103.3
Maharashtra,Nashik,Pimpalgaon,Tomato,Hybrid,2026-07-04,1860.89,2089.01,1978.3,136.6
Maharashtra,Nashik,Pimpalgaon,Soybean,Yellow,2026-07-04,3894.77,4493.06,4182.63,96.7
Maharashtra,Nashik,Pimpalgaon,Wheat,Sharbati,2026-07-04,2491.91,3046.67,2667.95,112.6
Maharashtra,Pune,Pune(Gultekdi),Onion,Red,2026-07-04,2237.32,2859.57,2520.23,102.1
Maharashtra,Pune,Pune(Gultekdi),Tomato,Hybrid,2026-07-04,1978.04,2403.96,2175.81,134.9
Maharashtra,Pune,Pune(Gultekdi),Soybean,Yellow,2026-07-04,4396.46,5434.61,4883.33,75.0
Maharashtra,Pune,Pune(Gultekdi),Wheat,Sharbati,2026-07-04,2777.1,3400.02,3014.63,122.7
Maharashtra,Solapur,Solapur Mandi,Onion,Red,2026-07-04,2202.11,2636.93,2366.84,87.7
Maharashtra,Solapur,Solapur Mandi,Tomato,Hybrid,2026-07-04,1813.18,2173.17,2038.86,177.0
Maharashtra,Solapur,Solapur Mandi,Soybean,Yellow,2026-07-04,4292.09,5102.16,4592.99,137.6
Maharashtra,Solapur,Solapur Mandi,Wheat,Sharbati,2026-07-04,2709.12,3238.82,2876.99,108.4
Madhya Pradesh,Ujjain,Ujjain APMC,Onion,Red,2026-07-04,2141.02,2633.15,2305.23,145.4
Madhya Pradesh,Ujjain,Ujjain APMC,Tomato,Hybrid,2026-07-04,1888.3,2324.56,2141.5,91.6
Madhya Pradesh,Ujjain,Ujjain APMC,Soybean,Yellow,2026-07-04,4135.19,4926.79,4582.1,112.0
Madhya Pradesh,Ujjain,Ujjain APMC,Wheat,Sharbati,2026-07-04,2719.32,3122.51,2865.2,169.5
Maharashtra,Ahmednagar,Kopargaon,Onion,Red,2026-07-05,2018.21,2387.32,2190.4,158.3
Maharashtra,Ahmednagar,Kopargaon,Tomato,Hybrid,2026-07-05,1814.59,2117.91,2015.82,207.9
Maharashtra,Ahmednagar,Kopargaon,Soybean,Yellow,2026-07-05,3908.95,4685.17,4312.89,28.4
Maharashtra,Ahmednagar,Kopargaon,Wheat,Sharbati,2026-07-05,2408.83,2899.47,2685.22,131.6
Madhya Pradesh,Indore,Indore Mandi,Onion,Red,2026-07-05,2114.77,2537.26,2376.52,67.4
Madhya Pradesh,Indore,Indore Mandi,Tomato,Hybrid,2026-07-05,2009.34,2365.73,2248.24,121.8
Madhya Pradesh,Indore,Indore Mandi,Soybean,Yellow,2026-07-05,4227.92,5391.09,4714.09,103.9
Madhya Pradesh,Indore,Indore Mandi,Wheat,Sharbati,2026-07-05,2726.0,3302.55,2933.95,181.1
Maharashtra,Jalgaon,Jalgaon Main,Onion,Red,2026-07-05,1972.06,2454.25,2149.11,62.1
Maharashtra,Jalgaon,Jalgaon Main,Tomato,Hybrid,2026-07-05,1836.69,2258.61,2058.59,124.3
Maharashtra,Jalgaon,Jalgaon Main,Soybean,Yellow,2026-07-05,4024.95,4755.03,4403.44,138.5
Maharashtra,Jalgaon,Jalgaon Main,Wheat,Sharbati,2026-07-05,2462.34,2941.93,2725.07,82.6
Maharashtra,Nandurbar,Nandurbar APMC,Onion,Red,2026-07-05,1944.19,2285.6,2086.88,74.7
Maharashtra,Nandurbar,Nandurbar APMC,Tomato,Hybrid,2026-07-05,1824.72,2166.8,1986.55,93.5
Maharashtra,Nandurbar,Nandurbar APMC,Soybean,Yellow,2026-07-05,3799.02,4758.95,4237.52,151.6
Maharashtra,Nandurbar,Nandurbar APMC,Wheat,Sharbati,2026-07-05,2348.01,3045.96,2654.46,132.8
Maharashtra,Nashik,Lasalgaon,Onion,Red,2026-07-05,1885.32,2275.21,2048.5,136.5
Maharashtra,Nashik,Lasalgaon,Tomato,Hybrid,2026-07-05,1735.23,2162.55,1931.72,170.8
Maharashtra,Nashik,Lasalgaon,Soybean,Yellow,2026-07-05,3734.66,4816.81,4209.39,124.8
Maharashtra,Nashik,Lasalgaon,Wheat,Sharbati,2026-07-05,2444.69,2981.41,2606.86,67.5
Maharashtra,Nashik,Pimpalgaon,Onion,Red,2026-07-05,2114.95,2555.99,2237.08,102.1
Maharashtra,Nashik,Pimpalgaon,Tomato,Hybrid,2026-07-05,1910.97,2279.35,2051.6,131.0
Maharashtra,Nashik,Pimpalgaon,Soybean,Yellow,2026-07-05,3929.17,4599.59,4225.64,137.8
Maharashtra,Nashik,Pimpalgaon,Wheat,Sharbati,2026-07-05,2435.33,2991.67,2634.37,166.7
Maharashtra,Pune,Pune(Gultekdi),Onion,Red,2026-07-05,2278.46,2722.54,2401.06,115.6
Maharashtra,Pune,Pune(Gultekdi),Tomato,Hybrid,2026-07-05,1935.98,2353.26,2155.18,118.7
Maharashtra,Pune,Pune(Gultekdi),Soybean,Yellow,2026-07-05,4674.83,5243.62,4934.4,103.7
Maharashtra,Pune,Pune(Gultekdi),Wheat,Sharbati,2026-07-05,2679.24,3154.28,3004.03,118.3
Maharashtra,Solapur,Solapur Mandi,Onion,Red,2026-07-05,2166.62,2431.06,2314.27,105.1
Maharashtra,Solapur,Solapur Mandi,Tomato,Hybrid,2026-07-05,1840.66,2079.72,1976.18,118.9
Maharashtra,Solapur,Solapur Mandi,Soybean,Yellow,2026-07-05,4201.73,4935.19,4614.57,108.6
Maharashtra,Solapur,Solapur Mandi,Wheat,Sharbati,2026-07-05,2618.75,2981.21,2824.28,162.8
Madhya Pradesh,Ujjain,Ujjain APMC,Onion,Red,2026-07-05,2019.44,2323.63,2139.15,118.1
Madhya Pradesh,Ujjain,Ujjain APMC,Tomato,Hybrid,2026-07-05,1988.95,2342.17,2110.64,157.6
Madhya Pradesh,Ujjain,Ujjain APMC,Soybean,Yellow,2026-07-05,4210.52,4874.27,4473.86,131.8
Madhya Pradesh,Ujjain,Ujjain APMC,Wheat,Sharbati,2026-07-05,2580.19,2979.97,2835.09,173.0
Maharashtra,Ahmednagar,Kopargaon,Onion,Red,2026-07-06,1967.82,2352.22,2200.25,114.9
Maharashtra,Ahmednagar,Kopargaon,Tomato,Hybrid,2026-07-06,1891.43,2261.01,2135.49,77.2
Maharashtra,Ahmednagar,Kopargaon,Soybean,Yellow,2026-07-06,3813.88,4530.25,4290.6,148.3
Maharashtra,Ahmednagar,Kopargaon,Wheat,Sharbati,2026-07-06,2474.55,2949.76,2665.71,112.7
Madhya Pradesh,Indore,Indore Mandi,Onion,Red,2026-07-06,2136.08,2518.91,2309.08,92.8
Madhya Pradesh,Indore,Indore Mandi,Tomato,Hybrid,2026-07-06,2177.93,2628.12,2350.93,68.2
Madhya Pradesh,Indore,Indore Mandi,Soybean,Yellow,2026-07-06,4199.97,5397.9,4735.92,130.3
Madhya Pradesh,Indore,Indore Mandi,Wheat,Sharbati,2026-07-06,2687.22,3283.35,2925.85,88.8
Maharashtra,Jalgaon,Jalgaon Main,Onion,Red,2026-07-06,2012.96,2402.44,2195.86,172.6
Maharashtra,Jalgaon,Jalgaon Main,Tomato,Hybrid,2026-07-06,1854.59,2347.13,2105.17,106.1
Maharashtra,Jalgaon,Jalgaon Main,Soybean,Yellow,2026-07-06,3975.83,4827.04,4385.61,109.0
Maharashtra,Jalgaon,Jalgaon Main,Wheat,Sharbati,2026-07-06,2415.2,2896.24,2724.86,88.2
Maharashtra,Nandurbar,Nandurbar APMC,Onion,Red,2026-07-06,1995.84,2393.12,2240.34,47.4
Maharashtra,Nandurbar,Nandurbar APMC,Tomato,Hybrid,2026-07-06,1938.64,2157.51,2050.84,141.1
Maharashtra,Nandurbar,Nandurbar APMC,Soybean,Yellow,2026-07-06,3801.25,4741.09,4220.53,141.6
Maharashtra,Nandurbar,Nandurbar APMC,Wheat,Sharbati,2026-07-06,2532.36,3036.04,2680.53,105.8
Maharashtra,Nashik,Lasalgaon,Onion,Red,2026-07-06,1945.17,2465.04,2208.12,159.4
Maharashtra,Nashik,Lasalgaon,Tomato,Hybrid,2026-07-06,1758.84,2152.69,1886.17,165.9
Maharashtra,Nashik,Lasalgaon,Soybean,Yellow,2026-07-06,3729.29,4450.19,4114.19,98.3
Maharashtra,Nashik,Lasalgaon,Wheat,Sharbati,2026-07-06,2314.65,2955.92,2588.46,144.6
Maharashtra,Nashik,Pimpalgaon,Onion,Red,2026-07-06,1884.15,2444.97,2126.64,81.3
Maharashtra,Nashik,Pimpalgaon,Tomato,Hybrid,2026-07-06,1667.05,1984.3,1854.72,130.0
Maharashtra,Nashik,Pimpalgaon,Soybean,Yellow,2026-07-06,3866.84,4438.98,4201.24,154.9
Maharashtra,Nashik,Pimpalgaon,Wheat,Sharbati,2026-07-06,2488.42,2847.99,2654.0,103.4
Maharashtra,Pune,Pune(Gultekdi),Onion,Red,2026-07-06,2314.64,2943.34,2616.31,122.1
Maharashtra,Pune,Pune(Gultekdi),Tomato,Hybrid,2026-07-06,2002.42,2416.34,2179.24,82.7
Maharashtra,Pune,Pune(Gultekdi),Soybean,Yellow,2026-07-06,4601.26,5292.91,4866.04,75.6
Maharashtra,Pune,Pune(Gultekdi),Wheat,Sharbati,2026-07-06,2683.95,3207.8,3048.94,106.2
Maharashtra,Solapur,Solapur Mandi,Onion,Red,2026-07-06,2136.25,2454.59,2323.17,101.0
Maharashtra,Solapur,Solapur Mandi,Tomato,Hybrid,2026-07-06,1898.49,2287.43,2121.27,74.7
Maharashtra,Solapur,Solapur Mandi,Soybean,Yellow,2026-07-06,4082.71,5153.04,4576.1,103.1
Maharashtra,Solapur,Solapur Mandi,Wheat,Sharbati,2026-07-06,2658.65,3102.45,2842.09,105.1
Madhya Pradesh,Ujjain,Ujjain APMC,Onion,Red,2026-07-06,2079.94,2528.77,2358.49,164.5
Madhya Pradesh,Ujjain,Ujjain APMC,Tomato,Hybrid,2026-07-06,1904.05,2133.24,2022.18,155.2
Madhya Pradesh,Ujjain,Ujjain APMC,Soybean,Yellow,2026-07-06,4157.1,4880.04,4592.63,49.0
Madhya Pradesh,Ujjain,Ujjain APMC,Wheat,Sharbati,2026-07-06,2664.74,3222.48,2840.1,111.3
Maharashtra,Ahmednagar,Kopargaon,Onion,Red,2026-07-07,2008.43,2319.92,2167.14,160.6
Maharashtra,Ahmednagar,Kopargaon,Tomato,Hybrid,2026-07-07,1885.68,2154.79,1994.55,123.9
Maharashtra,Ahmednagar,Kopargaon,Soybean,Yellow,2026-07-07,3861.09,4778.35,4379.09,161.4
Maharashtra,Ahmednagar,Kopargaon,Wheat,Sharbati,2026-07-07,2431.24,3099.68,2728.45,70.3
Madhya Pradesh,Indore,Indore Mandi,Onion,Red,2026-07-07,2125.04,2509.82,2300.6,141.2
Madhya Pradesh,Indore,Indore Mandi,Tomato,Hybrid,2026-07-07,2163.63,2491.04,2321.08,86.8
Madhya Pradesh,Indore,Indore Mandi,Soybean,Yellow,2026-07-07,4334.48,5258.85,4697.07,169.9
Madhya Pradesh,Indore,Indore Mandi,Wheat,Sharbati,2026-07-07,2783.08,3183.29,2942.87,145.9
Maharashtra,Jalgaon,Jalgaon Main,Onion,Red,2026-07-07,2029.25,2541.9,2231.17,76.2
Maharashtra,Jalgaon,Jalgaon Main,Tomato,Hybrid,2026-07-07,1797.31,2177.15,1938.81,110.1
Maharashtra,Jalgaon,Jalgaon Main,Soybean,Yellow,2026-07-07,3973.81,5082.67,4427.02,111.0
Maharashtra,Jalgaon,Jalgaon Main,Wheat,Sharbati,2026-07-07,2455.72,3001.05,2706.26,122.8
Maharashtra,Nandurbar,Nandurbar APMC,Onion,Red,2026-07-07,1917.25,2322.42,2134.64,156.7
Maharashtra,Nandurbar,Nandurbar APMC,Tomato,Hybrid,2026-07-07,1710.07,2020.03,1868.29,132.3
Maharashtra,Nandurbar,Nandurbar APMC,Soybean,Yellow,2026-07-07,3849.4,4641.68,4344.74,137.2
Maharashtra,Nandurbar,Nandurbar APMC,Wheat,Sharbati,2026-07-07,2478.98,3037.41,2653.5,100.7
Maharashtra,Nashik,Lasalgaon,Onion,Red,2026-07-07,1886.95,2270.23,2140.9,80.5
Maharashtra,Nashik,Lasalgaon,Tomato,Hybrid,2026-07-07,1736.79,2073.6,1934.21,112.0
Maharashtra,Nashik,Lasalgaon,Soybean,Yellow,2026-07-07,3743.64,4585.03,4186.53,207.4
Maharashtra,Nashik,Lasalgaon,Wheat,Sharbati,2026-07-07,2372.8,2957.37,2591.04,124.0
Maharashtra,Nashik,Pimpalgaon,Onion,Red,2026-07-07,1954.81,2267.61,2111.73,137.1
Maharashtra,Nashik,Pimpalgaon,Tomato,Hybrid,2026-07-07,1886.94,2368.96,2104.24,120.0
Maharashtra,Nashik,Pimpalgaon,Soybean,Yellow,2026-07-07,3782.04,4711.86,4264.89,166.2
Maharashtra,Nashik,Pimpalgaon,Wheat,Sharbati,2026-07-07,2407.82,2871.71,2621.84,98.6
Maharashtra,Pune,Pune(Gultekdi),Onion,Red,2026-07-07,2277.99,2779.85,2447.98,106.9
Maharashtra,Pune,Pune(Gultekdi),Tomato,Hybrid,2026-07-07,1983.35,2337.4,2182.51,157.9
Maharashtra,Pune,Pune(Gultekdi),Soybean,Yellow,2026-07-07,4546.19,5241.02,4919.92,143.2
Maharashtra,Pune,Pune(Gultekdi),Wheat,Sharbati,2026-07-07,2706.11,3302.56,3052.06,90.9
Maharashtra,Solapur,Solapur Mandi,Onion,Red,2026-07-07,2080.0,2499.44,2361.19,109.2
Maharashtra,Solapur,Solapur Mandi,Tomato,Hybrid,2026-07-07,2013.23,2486.28,2168.46,145.7
Maharashtra,Solapur,Solapur Mandi,Soybean,Yellow,2026-07-07,4170.85,5167.78,4659.49,77.6
Maharashtra,Solapur,Solapur Mandi,Wheat,Sharbati,2026-07-07,2631.22,3106.16,2882.74,116.4
Madhya Pradesh,Ujjain,Ujjain APMC,Onion,Red,2026-07-07,1961.43,2493.34,2177.88,179.4
Madhya Pradesh,Ujjain,Ujjain APMC,Tomato,Hybrid,2026-07-07,1769.97,2234.16,1980.04,97.9
Madhya Pradesh,Ujjain,Ujjain APMC,Soybean,Yellow,2026-07-07,4012.68,5028.54,4534.74,109.3
Madhya Pradesh,Ujjain,Ujjain APMC,Wheat,Sharbati,2026-07-07,2534.44,3185.47,2825.58,128.0
Maharashtra,Ahmednagar,Kopargaon,Onion,Red,2026-07-08,2086.27,2424.11,2198.6,113.6
Maharashtra,Ahmednagar,Kopargaon,Tomato,Hybrid,2026-07-08,1808.24,2196.16,1930.61,81.0
Maharashtra,Ahmednagar,Kopargaon,Soybean,Yellow,2026-07-08,3828.85,4762.36,4325.33,118.6
Maharashtra,Ahmednagar,Kopargaon,Wheat,Sharbati,2026-07-08,2562.13,3128.02,2726.12,54.9
Madhya Pradesh,Indore,Indore Mandi,Onion,Red,2026-07-08,2221.07,2689.51,2408.87,154.4
Madhya Pradesh,Indore,Indore Mandi,Tomato,Hybrid,2026-07-08,2013.82,2443.99,2151.13,94.5
Madhya Pradesh,Indore,Indore Mandi,Soybean,Yellow,2026-07-08,4124.1,5192.33,4675.63,113.8
Madhya Pradesh,Indore,Indore Mandi,Wheat,Sharbati,2026-07-08,2722.1,3171.38,2962.01,104.8
Maharashtra,Jalgaon,Jalgaon Main,Onion,Red,2026-07-08,1998.8,2457.23,2222.9,85.8
Maharashtra,Jalgaon,Jalgaon Main,Tomato,Hybrid,2026-07-08,1935.39,2287.43,2045.54,91.1
Maharashtra,Jalgaon,Jalgaon Main,Soybean,Yellow,2026-07-08,4049.99,4668.11,4356.67,148.7
Maharashtra,Jalgaon,Jalgaon Main,Wheat,Sharbati,2026-07-08,2460.32,2913.85,2688.38,102.2
Maharashtra,Nandurbar,Nandurbar APMC,Onion,Red,2026-07-08,1992.22,2341.12,2227.31,136.5
Maharashtra,Nandurbar,Nandurbar APMC,Tomato,Hybrid,2026-07-08,1823.78,2170.44,1971.23,47.0
Maharashtra,Nandurbar,Nandurbar APMC,Soybean,Yellow,2026-07-08,3885.44,4703.99,4273.04,84.2
Maharashtra,Nandurbar,Nandurbar APMC,Wheat,Sharbati,2026-07-08,2517.99,2953.92,2674.79,175.7
Maharashtra,Nashik,Lasalgaon,Onion,Red,2026-07-08,1942.25,2268.33,2064.48,134.0
Maharashtra,Nashik,Lasalgaon,Tomato,Hybrid,2026-07-08,1763.31,2154.91,1890.77,146.0
Maharashtra,Nashik,Lasalgaon,Soybean,Yellow,2026-07-08,3869.5,4615.62,4225.81,125.1
Maharashtra,Nashik,Lasalgaon,Wheat,Sharbati,2026-07-08,2366.65,2956.92,2600.68,121.8
Maharashtra,Nashik,Pimpalgaon,Onion,Red,2026-07-08,1955.64,2261.92,2149.61,125.3
Maharashtra,Nashik,Pimpalgaon,Tomato,Hybrid,2026-07-08,1822.41,2093.24,1924.52,133.0
Maharashtra,Nashik,Pimpalgaon,Soybean,Yellow,2026-07-08,3825.9,4859.61,4234.58,117.4
Maharashtra,Nashik,Pimpalgaon,Wheat,Sharbati,2026-07-08,2508.99,2868.51,2648.88,118.6
Maharashtra,Pune,Pune(Gultekdi),Onion,Red,2026-07-08,2292.7,2668.34,2480.36,60.1
Maharashtra,Pune,Pune(Gultekdi),Tomato,Hybrid,2026-07-08,2013.7,2337.27,2203.1,113.6
Maharashtra,Pune,Pune(Gultekdi),Soybean,Yellow,2026-07-08,4482.77,5522.18,4866.52,148.2
Maharashtra,Pune,Pune(Gultekdi),Wheat,Sharbati,2026-07-08,2695.42,3452.45,3045.37,76.3
Maharashtra,Solapur,Solapur Mandi,Onion,Red,2026-07-08,2020.56,2617.0,2292.74,92.8
Maharashtra,Solapur,Solapur Mandi,Tomato,Hybrid,2026-07-08,2044.16,2449.63,2174.62,104.9
Maharashtra,Solapur,Solapur Mandi,Soybean,Yellow,2026-07-08,4277.59,5163.48,4633.24,136.1
Maharashtra,Solapur,Solapur Mandi,Wheat,Sharbati,2026-07-08,2659.63,3156.16,2852.34,116.7
Madhya Pradesh,Ujjain,Ujjain APMC,Onion,Red,2026-07-08,2008.47,2311.77,2191.88,75.2
Madhya Pradesh,Ujjain,Ujjain APMC,Tomato,Hybrid,2026-07-08,2037.44,2471.23,2184.62,76.0
Madhya Pradesh,Ujjain,Ujjain APMC,Soybean,Yellow,2026-07-08,4234.7,5062.96,4501.71,91.4
Madhya Pradesh,Ujjain,Ujjain APMC,Wheat,Sharbati,2026-07-08,2637.11,3075.8,2808.1,165.3
Maharashtra,Ahmednagar,Kopargaon,Onion,Red,2026-07-09,2064.29,2375.1,2216.62,126.5
Maharashtra,Ahmednagar,Kopargaon,Tomato,Hybrid,2026-07-09,1885.46,2218.11,2079.16,117.1
Maharashtra,Ahmednagar,Kopargaon,Soybean,Yellow,2026-07-09,4044.75,4742.25,4325.9,167.1
Maharashtra,Ahmednagar,Kopargaon,Wheat,Sharbati,2026-07-09,2391.99,2978.16,2691.65,166.3
Madhya Pradesh,Indore,Indore Mandi,Onion,Red,2026-07-09,2278.61,2725.37,2434.52,100.3
Madhya Pradesh,Indore,Indore Mandi,Tomato,Hybrid,2026-07-09,2053.19,2580.47,2267.69,157.0
Madhya Pradesh,Indore,Indore Mandi,Soybean,Yellow,2026-07-09,4246.55,5139.34,4751.06,160.5
Madhya Pradesh,Indore,Indore Mandi,Wheat,Sharbati,2026-07-09,2639.21,3199.18,2986.81,161.7
Maharashtra,Jalgaon,Jalgaon Main,Onion,Red,2026-07-09,2022.31,2409.82,2278.76,95.4
Maharashtra,Jalgaon,Jalgaon Main,Tomato,Hybrid,2026-07-09,2004.15,2488.8,2196.9,129.3
Maharashtra,Jalgaon,Jalgaon Main,Soybean,Yellow,2026-07-09,3920.18,4816.97,4391.94,165.1
Maharashtra,Jalgaon,Jalgaon Main,Wheat,Sharbati,2026-07-09,2479.19,2965.66,2717.03,149.0
Maharashtra,Nandurbar,Nandurbar APMC,Onion,Red,2026-07-09,2006.87,2364.26,2162.14,182.0
Maharashtra,Nandurbar,Nandurbar APMC,Tomato,Hybrid,2026-07-09,1782.8,2278.04,2009.06,149.4
Maharashtra,Nandurbar,Nandurbar APMC,Soybean,Yellow,2026-07-09,4107.53,4619.05,4378.55,103.6
Maharashtra,Nandurbar,Nandurbar APMC,Wheat,Sharbati,2026-07-09,2401.52,2970.22,2688.5,111.3
Maharashtra,Nashik,Lasalgaon,Onion,Red,2026-07-09,1884.05,2361.6,2126.96,94.6
Maharashtra,Nashik,Lasalgaon,Tomato,Hybrid,2026-07-09,1782.62,2015.99,1896.21,131.9
Maharashtra,Nashik,Lasalgaon,Soybean,Yellow,2026-07-09,3695.92,4653.84,4156.62,160.5
Maharashtra,Nashik,Lasalgaon,Wheat,Sharbati,2026-07-09,2337.41,2956.97,2575.03,129.4
Maharashtra,Nashik,Pimpalgaon,Onion,Red,2026-07-09,1894.73,2284.87,2104.77,70.8
Maharashtra,Nashik,Pimpalgaon,Tomato,Hybrid,2026-07-09,1878.57,2177.92,2025.54,150.5
Maharashtra,Nashik,Pimpalgaon,Soybean,Yellow,2026-07-09,3747.33,4797.88,4236.42,70.9
Maharashtra,Nashik,Pimpalgaon,Wheat,Sharbati,2026-07-09,2367.49,2850.59,2632.17,133.7
Maharashtra,Pune,Pune(Gultekdi),Onion,Red,2026-07-09,2208.86,2636.28,2401.85,156.9
Maharashtra,Pune,Pune(Gultekdi),Tomato,Hybrid,2026-07-09,1974.0,2505.59,2233.65,122.6
Maharashtra,Pune,Pune(Gultekdi),Soybean,Yellow,2026-07-09,4544.89,5421.77,4875.94,158.9
Maharashtra,Pune,Pune(Gultekdi),Wheat,Sharbati,2026-07-09,2852.41,3367.91,3058.99,145.5
Maharashtra,Solapur,Solapur Mandi,Onion,Red,2026-07-09,2094.01,2540.26,2289.17,124.3
Maharashtra,Solapur,Solapur Mandi,Tomato,Hybrid,2026-07-09,1900.41,2387.18,2127.54,163.0
Maharashtra,Solapur,Solapur Mandi,Soybean,Yellow,2026-07-09,4204.51,5200.47,4608.27,144.8
Maharashtra,Solapur,Solapur Mandi,Wheat,Sharbati,2026-07-09,2743.3,3171.98,2902.53,154.7
Madhya Pradesh,Ujjain,Ujjain APMC,Onion,Red,2026-07-09,2116.73,2476.57,2338.24,65.0
Madhya Pradesh,Ujjain,Ujjain APMC,Tomato,Hybrid,2026-07-09,1863.0,2334.81,2050.53,131.6
Madhya Pradesh,Ujjain,Ujjain APMC,Soybean,Yellow,2026-07-09,4041.76,4875.32,4574.1,57.2
Madhya Pradesh,Ujjain,Ujjain APMC,Wheat,Sharbati,2026-07-09,2617.89,3135.56,2833.46,105.8
Maharashtra,Ahmednagar,Kopargaon,Onion,Red,2026-07-10,1973.27,2446.68,2210.6,127.3
Maharashtra,Ahmednagar,Kopargaon,Tomato,Hybrid,2026-07-10,1829.08,2285.21,2008.11,45.4
Maharashtra,Ahmednagar,Kopargaon,Soybean,Yellow,2026-07-10,4046.58,4785.7,4395.34,98.2
Maharashtra,Ahmednagar,Kopargaon,Wheat,Sharbati,2026-07-10,2531.27,2928.9,2712.68,103.6
Madhya Pradesh,Indore,Indore Mandi,Onion,Red,2026-07-10,2092.68,2646.33,2363.58,109.2
Madhya Pradesh,Indore,Indore Mandi,Tomato,Hybrid,2026-07-10,2010.14,2422.36,2210.58,157.4
Madhya Pradesh,Indore,Indore Mandi,Soybean,Yellow,2026-07-10,4345.26,4988.47,4710.71,126.6
Madhya Pradesh,Indore,Indore Mandi,Wheat,Sharbati,2026-07-10,2706.42,3369.32,2936.5,48.1
Maharashtra,Jalgaon,Jalgaon Main,Onion,Red,2026-07-10,2073.65,2501.71,2205.21,143.9
Maharashtra,Jalgaon,Jalgaon Main,Tomato,Hybrid,2026-07-10,1847.39,2212.55,1994.12,116.3
Maharashtra,Jalgaon,Jalgaon Main,Soybean,Yellow,2026-07-10,4011.46,4915.81,4330.14,122.0
Maharashtra,Jalgaon,Jalgaon Main,Wheat,Sharbati,2026-07-10,2602.18,2898.01,2740.02,100.1
Maharashtra,Nandurbar,Nandurbar APMC,Onion,Red,2026-07-10,1957.9,2461.55,2218.36,101.9
Maharashtra,Nandurbar,Nandurbar APMC,Tomato,Hybrid,2026-07-10,1723.57,1971.73,1843.48,57.5
Maharashtra,Nandurbar,Nandurbar APMC,Soybean,Yellow,2026-07-10,4067.19,4646.37,4288.99,60.4
Maharashtra,Nandurbar,Nandurbar APMC,Wheat,Sharbati,2026-07-10,2521.71,3036.1,2696.36,115.6
Maharashtra,Nashik,Lasalgaon,Onion,Red,2026-07-10,1865.68,2307.01,2089.32,141.7
Maharashtra,Nashik,Lasalgaon,Tomato,Hybrid,2026-07-10,1783.61,2132.7,1984.13,170.8
Maharashtra,Nashik,Lasalgaon,Soybean,Yellow,2026-07-10,3714.73,4539.45,4144.34,128.6
Maharashtra,Nashik,Lasalgaon,Wheat,Sharbati,2026-07-10,2340.4,2796.81,2603.01,196.0
Maharashtra,Nashik,Pimpalgaon,Onion,Red,2026-07-10,2024.74,2412.66,2162.12,141.4
Maharashtra,Nashik,Pimpalgaon,Tomato,Hybrid,2026-07-10,1807.94,2107.94,1935.11,130.8
Maharashtra,Nashik,Pimpalgaon,Soybean,Yellow,2026-07-10,3927.73,4865.9,4309.97,123.6
Maharashtra,Nashik,Pimpalgaon,Wheat,Sharbati,2026-07-10,2334.82,2975.55,2616.32,135.5
Maharashtra,Pune,Pune(Gultekdi),Onion,Red,2026-07-10,2250.84,2756.1,2507.96,136.1
Maharashtra,Pune,Pune(Gultekdi),Tomato,Hybrid,2026-07-10,2053.73,2461.55,2267.21,121.4
Maharashtra,Pune,Pune(Gultekdi),Soybean,Yellow,2026-07-10,4315.21,5297.26,4843.42,129.4
Maharashtra,Pune,Pune(Gultekdi),Wheat,Sharbati,2026-07-10,2770.4,3281.85,3049.49,163.1
Maharashtra,Solapur,Solapur Mandi,Onion,Red,2026-07-10,2131.74,2588.46,2256.51,156.9
Maharashtra,Solapur,Solapur Mandi,Tomato,Hybrid,2026-07-10,2094.72,2703.55,2354.45,200.8
Maharashtra,Solapur,Solapur Mandi,Soybean,Yellow,2026-07-10,4221.72,5011.03,4587.41,98.7
Maharashtra,Solapur,Solapur Mandi,Wheat,Sharbati,2026-07-10,2520.39,3186.14,2839.0,109.4
Madhya Pradesh,Ujjain,Ujjain APMC,Onion,Red,2026-07-10,2099.95,2567.51,2373.96,88.7
Madhya Pradesh,Ujjain,Ujjain APMC,Tomato,Hybrid,2026-07-10,1973.65,2331.75,2154.87,91.0
Madhya Pradesh,Ujjain,Ujjain APMC,Soybean,Yellow,2026-07-10,4228.39,5025.66,4589.68,153.7
Madhya Pradesh,Ujjain,Ujjain APMC,Wheat,Sharbati,2026-07-10,2559.78,3271.88,2847.82,112.1
Maharashtra,Ahmednagar,Kopargaon,Onion,Red,2026-07-11,1964.89,2393.23,2150.73,169.3
Maharashtra,Ahmednagar,Kopargaon,Tomato,Hybrid,2026-07-11,1826.95,2131.61,2007.33,125.9
Maharashtra,Ahmednagar,Kopargaon,Soybean,Yellow,2026-07-11,3831.6,4544.41,4308.33,48.3
Maharashtra,Ahmednagar,Kopargaon,Wheat,Sharbati,2026-07-11,2506.98,2887.26,2704.65,123.6
Madhya Pradesh,Indore,Indore Mandi,Onion,Red,2026-07-11,2162.26,2665.47,2384.22,128.2
Madhya Pradesh,Indore,Indore Mandi,Tomato,Hybrid,2026-07-11,2046.93,2474.26,2176.89,191.5
Madhya Pradesh,Indore,Indore Mandi,Soybean,Yellow,2026-07-11,4210.85,5222.82,4710.46,106.2
Madhya Pradesh,Indore,Indore Mandi,Wheat,Sharbati,2026-07-11,2652.32,3256.43,2926.29,108.1
Maharashtra,Jalgaon,Jalgaon Main,Onion,Red,2026-07-11,1971.86,2350.84,2179.28,110.1
Maharashtra,Jalgaon,Jalgaon Main,Tomato,Hybrid,2026-07-11,1729.61,2252.8,1959.92,131.5
Maharashtra,Jalgaon,Jalgaon Main,Soybean,Yellow,2026-07-11,3867.82,4537.75,4316.93,136.0
Maharashtra,Jalgaon,Jalgaon Main,Wheat,Sharbati,2026-07-11,2471.57,2983.98,2715.81,100.4
Maharashtra,Nandurbar,Nandurbar APMC,Onion,Red,2026-07-11,1853.12,2207.48,2098.79,93.1
Maharashtra,Nandurbar,Nandurbar APMC,Tomato,Hybrid,2026-07-11,1858.85,2250.68,2056.51,104.3
Maharashtra,Nandurbar,Nandurbar APMC,Soybean,Yellow,2026-07-11,3795.75,4908.62,4273.62,93.3
Maharashtra,Nandurbar,Nandurbar APMC,Wheat,Sharbati,2026-07-11,2465.88,2887.82,2675.28,90.4
Maharashtra,Nashik,Lasalgaon,Onion,Red,2026-07-11,1964.95,2422.86,2177.68,126.9
Maharashtra,Nashik,Lasalgaon,Tomato,Hybrid,2026-07-11,1772.19,2068.79,1960.06,115.7
Maharashtra,Nashik,Lasalgaon,Soybean,Yellow,2026-07-11,3853.32,4619.12,4184.6,119.9
Maharashtra,Nashik,Lasalgaon,Wheat,Sharbati,2026-07-11,2375.95,2773.22,2574.34,190.3
Maharashtra,Nashik,Pimpalgaon,Onion,Red,2026-07-11,1929.15,2265.2,2152.33,151.1
Maharashtra,Nashik,Pimpalgaon,Tomato,Hybrid,2026-07-11,1713.83,2009.84,1914.09,72.8
Maharashtra,Nashik,Pimpalgaon,Soybean,Yellow,2026-07-11,3685.35,4497.1,4186.66,112.1
Maharashtra,Nashik,Pimpalgaon,Wheat,Sharbati,2026-07-11,2333.27,2850.35,2627.61,108.2
Maharashtra,Pune,Pune(Gultekdi),Onion,Red,2026-07-11,2325.96,2778.85,2459.42,157.3
Maharashtra,Pune,Pune(Gultekdi),Tomato,Hybrid,2026-07-11,1934.55,2301.1,2177.5,138.2
Maharashtra,Pune,Pune(Gultekdi),Soybean,Yellow,2026-07-11,4357.55,5489.12,4781.19,126.7
Maharashtra,Pune,Pune(Gultekdi),Wheat,Sharbati,2026-07-11,2700.21,3455.16,3043.59,168.7
Maharashtra,Solapur,Solapur Mandi,Onion,Red,2026-07-11,2084.01,2574.97,2291.39,170.9
Maharashtra,Solapur,Solapur Mandi,Tomato,Hybrid,2026-07-11,1761.62,2161.85,1943.88,126.2
Maharashtra,Solapur,Solapur Mandi,Soybean,Yellow,2026-07-11,4311.95,4920.62,4620.36,170.9
Maharashtra,Solapur,Solapur Mandi,Wheat,Sharbati,2026-07-11,2563.77,3056.52,2906.84,106.7
Madhya Pradesh,Ujjain,Ujjain APMC,Onion,Red,2026-07-11,2227.63,2582.23,2354.46,112.5
Madhya Pradesh,Ujjain,Ujjain APMC,Tomato,Hybrid,2026-07-11,1925.71,2420.63,2107.3,119.2
Madhya Pradesh,Ujjain,Ujjain APMC,Soybean,Yellow,2026-07-11,4202.87,4959.7,4544.38,118.5
Madhya Pradesh,Ujjain,Ujjain APMC,Wheat,Sharbati,2026-07-11,2535.89,3117.46,2804.98,129.4
Maharashtra,Ahmednagar,Kopargaon,Onion,Red,2026-07-12,1891.52,2453.94,2139.61,161.6
Maharashtra,Ahmednagar,Kopargaon,Tomato,Hybrid,2026-07-12,1698.47,2051.58,1919.67,93.4
Maharashtra,Ahmednagar,Kopargaon,Soybean,Yellow,2026-07-12,4078.0,4586.64,4310.1,183.6
Maharashtra,Ahmednagar,Kopargaon,Wheat,Sharbati,2026-07-12,2405.59,3046.34,2674.5,118.7
Madhya Pradesh,Indore,Indore Mandi,Onion,Red,2026-07-12,2209.73,2686.65,2345.26,106.4
Madhya Pradesh,Indore,Indore Mandi,Tomato,Hybrid,2026-07-12,1953.64,2448.14,2198.62,100.7
Madhya Pradesh,Indore,Indore Mandi,Soybean,Yellow,2026-07-12,4290.34,5025.26,4709.22,87.7
Madhya Pradesh,Indore,Indore Mandi,Wheat,Sharbati,2026-07-12,2749.76,3130.82,2936.53,54.4
Maharashtra,Jalgaon,Jalgaon Main,Onion,Red,2026-07-12,1941.28,2392.16,2167.41,142.2
Maharashtra,Jalgaon,Jalgaon Main,Tomato,Hybrid,2026-07-12,1635.85,2111.16,1843.26,117.0
Maharashtra,Jalgaon,Jalgaon Main,Soybean,Yellow,2026-07-12,4188.48,4742.31,4410.36,97.9
Maharashtra,Jalgaon,Jalgaon Main,Wheat,Sharbati,2026-07-12,2508.3,2994.94,2739.16,173.4
Maharashtra,Nandurbar,Nandurbar APMC,Onion,Red,2026-07-12,1992.65,2557.68,2248.02,182.9
Maharashtra,Nandurbar,Nandurbar APMC,Tomato,Hybrid,2026-07-12,1753.48,2106.13,1946.44,108.6
Maharashtra,Nandurbar,Nandurbar APMC,Soybean,Yellow,2026-07-12,3892.0,4544.01,4321.35,25.2
Maharashtra,Nandurbar,Nandurbar APMC,Wheat,Sharbati,2026-07-12,2494.65,2924.51,2637.36,137.5
Maharashtra,Nashik,Lasalgaon,Onion,Red,2026-07-12,1917.51,2167.53,2019.75,133.4
Maharashtra,Nashik,Lasalgaon,Tomato,Hybrid,2026-07-12,1683.88,2108.71,1834.92,148.8
Maharashtra,Nashik,Lasalgaon,Soybean,Yellow,2026-07-12,3811.69,4494.5,4117.27,96.6
Maharashtra,Nashik,Lasalgaon,Wheat,Sharbati,2026-07-12,2379.4,2813.18,2589.86,140.3
Maharashtra,Nashik,Pimpalgaon,Onion,Red,2026-07-12,1976.52,2359.44,2142.47,137.2
Maharashtra,Nashik,Pimpalgaon,Tomato,Hybrid,2026-07-12,1641.2,2032.37,1863.96,165.6
Maharashtra,Nashik,Pimpalgaon,Soybean,Yellow,2026-07-12,3920.77,4843.08,4263.77,87.2
Maharashtra,Nashik,Pimpalgaon,Wheat,Sharbati,2026-07-12,2344.01,3050.47,2655.36,109.1
Maharashtra,Pune,Pune(Gultekdi),Onion,Red,2026-07-12,2159.63,2577.39,2411.83,101.4
Maharashtra,Pune,Pune(Gultekdi),Tomato,Hybrid,2026-07-12,2056.14,2577.54,2275.47,100.6
Maharashtra,Pune,Pune(Gultekdi),Soybean,Yellow,2026-07-12,4527.89,5184.03,4883.68,107.9
Maharashtra,Pune,Pune(Gultekdi),Wheat,Sharbati,2026-07-12,2697.18,3393.56,3055.74,159.8
Maharashtra,Solapur,Solapur Mandi,Onion,Red,2026-07-12,2228.19,2556.08,2399.2,100.0
Maharashtra,Solapur,Solapur Mandi,Tomato,Hybrid,2026-07-12,1790.38,2141.81,1969.14,136.5
Maharashtra,Solapur,Solapur Mandi,Soybean,Yellow,2026-07-12,4310.53,4929.67,4551.88,173.8
Maharashtra,Solapur,Solapur Mandi,Wheat,Sharbati,2026-07-12,2494.5,3160.55,2818.37,164.4
Madhya Pradesh,Ujjain,Ujjain APMC,Onion,Red,2026-07-12,2137.31,2551.02,2308.44,131.7
Madhya Pradesh,Ujjain,Ujjain APMC,Tomato,Hybrid,2026-07-12,1854.96,2399.85,2094.94,165.6
Madhya Pradesh,Ujjain,Ujjain APMC,Soybean,Yellow,2026-07-12,4051.48,5098.89,4572.96,144.6
Madhya Pradesh,Ujjain,Ujjain APMC,Wheat,Sharbati,2026-07-12,2575.06,3223.52,2854.57,79.0
Maharashtra,Ahmednagar,Kopargaon,Onion,Red,2026-07-13,2179.97,2521.83,2324.74,101.4
Maharashtra,Ahmednagar,Kopargaon,Tomato,Hybrid,2026-07-13,1715.29,1991.55,1868.27,64.0
Maharashtra,Ahmednagar,Kopargaon,Soybean,Yellow,2026-07-13,3891.16,5001.37,4357.36,118.2
Maharashtra,Ahmednagar,Kopargaon,Wheat,Sharbati,2026-07-13,2446.07,2991.44,2675.11,191.4
Madhya Pradesh,Indore,Indore Mandi,Onion,Red,2026-07-13,2191.92,2799.46,2459.79,142.7
Madhya Pradesh,Indore,Indore Mandi,Tomato,Hybrid,2026-07-13,1899.86,2318.53,2128.61,115.7
Madhya Pradesh,Indore,Indore Mandi,Soybean,Yellow,2026-07-13,4219.42,5269.24,4725.06,136.3
Madhya Pradesh,Indore,Indore Mandi,Wheat,Sharbati,2026-07-13,2619.06,3160.16,2950.08,122.2
Maharashtra,Jalgaon,Jalgaon Main,Onion,Red,2026-07-13,2096.3,2536.27,2231.2,158.8
Maharashtra,Jalgaon,Jalgaon Main,Tomato,Hybrid,2026-07-13,1889.31,2175.99,2042.08,148.4
Maharashtra,Jalgaon,Jalgaon Main,Soybean,Yellow,2026-07-13,3871.73,4937.21,4303.62,95.7
Maharashtra,Jalgaon,Jalgaon Main,Wheat,Sharbati,2026-07-13,2542.14,2987.02,2719.06,70.8
Maharashtra,Nandurbar,Nandurbar APMC,Onion,Red,2026-07-13,2043.15,2459.32,2199.72,137.8
Maharashtra,Nandurbar,Nandurbar APMC,Tomato,Hybrid,2026-07-13,1710.97,2060.06,1887.62,123.4
Maharashtra,Nandurbar,Nandurbar APMC,Soybean,Yellow,2026-07-13,3786.4,4774.23,4302.59,95.4
Maharashtra,Nandurbar,Nandurbar APMC,Wheat,Sharbati,2026-07-13,2436.02,2856.66,2652.11,111.6
Maharashtra,Nashik,Lasalgaon,Onion,Red,2026-07-13,1877.38,2229.38,2071.96,92.1
Maharashtra,Nashik,Lasalgaon,Tomato,Hybrid,2026-07-13,1724.94,2196.07,1934.19,105.6
Maharashtra,Nashik,Lasalgaon,Soybean,Yellow,2026-07-13,3664.45,4474.53,4163.15,124.3
Maharashtra,Nashik,Lasalgaon,Wheat,Sharbati,2026-07-13,2289.33,2720.07,2587.44,102.2
Maharashtra,Nashik,Pimpalgaon,Onion,Red,2026-07-13,1882.83,2278.97,2125.87,182.8
Maharashtra,Nashik,Pimpalgaon,Tomato,Hybrid,2026-07-13,1804.14,2209.1,1931.91,108.6
Maharashtra,Nashik,Pimpalgaon,Soybean,Yellow,2026-07-13,3790.27,4709.54,4276.01,147.2
Maharashtra,Nashik,Pimpalgaon,Wheat,Sharbati,2026-07-13,2388.15,2833.33,2639.93,151.2
Maharashtra,Pune,Pune(Gultekdi),Onion,Red,2026-07-13,2267.88,2653.91,2413.71,127.8
Maharashtra,Pune,Pune(Gultekdi),Tomato,Hybrid,2026-07-13,1985.73,2380.73,2206.63,127.4
Maharashtra,Pune,Pune(Gultekdi),Soybean,Yellow,2026-07-13,4537.22,5151.33,4843.73,100.8
Maharashtra,Pune,Pune(Gultekdi),Wheat,Sharbati,2026-07-13,2879.21,3482.42,3032.62,204.1
Maharashtra,Solapur,Solapur Mandi,Onion,Red,2026-07-13,2111.8,2673.82,2349.86,184.6
Maharashtra,Solapur,Solapur Mandi,Tomato,Hybrid,2026-07-13,1829.34,2232.27,2028.72,138.0
Maharashtra,Solapur,Solapur Mandi,Soybean,Yellow,2026-07-13,4102.73,4975.34,4599.94,125.0
Maharashtra,Solapur,Solapur Mandi,Wheat,Sharbati,2026-07-13,2527.17,3018.37,2854.69,95.8
Madhya Pradesh,Ujjain,Ujjain APMC,Onion,Red,2026-07-13,2056.52,2559.34,2276.28,125.1
Madhya Pradesh,Ujjain,Ujjain APMC,Tomato,Hybrid,2026-07-13,1940.21,2225.45,2045.15,129.4
Madhya Pradesh,Ujjain,Ujjain APMC,Soybean,Yellow,2026-07-13,4145.49,4939.66,4594.09,159.5
Madhya Pradesh,Ujjain,Ujjain APMC,Wheat,Sharbati,2026-07-13,2655.1,3240.11,2842.64,119.0
Maharashtra,Ahmednagar,Kopargaon,Onion,Red,2026-07-14,2067.78,2366.3,2182.56,175.2
Maharashtra,Ahmednagar,Kopargaon,Tomato,Hybrid,2026-07-14,1866.38,2188.46,2058.32,133.3
Maharashtra,Ahmednagar,Kopargaon,Soybean,Yellow,2026-07-14,4022.6,4743.5,4382.43,130.0
Maharashtra,Ahmednagar,Kopargaon,Wheat,Sharbati,2026-07-14,2507.53,2917.49,2683.63,127.9
Madhya Pradesh,Indore,Indore Mandi,Onion,Red,2026-07-14,2180.86,2459.88,2337.27,133.2
Madhya Pradesh,Indore,Indore Mandi,Tomato,Hybrid,2026-07-14,1981.31,2514.36,2246.96,81.2
Madhya Pradesh,Indore,Indore Mandi,Soybean,Yellow,2026-07-14,4259.22,5241.8,4688.74,182.4
Madhya Pradesh,Indore,Indore Mandi,Wheat,Sharbati,2026-07-14,2638.79,3219.08,2948.45,119.8
Maharashtra,Jalgaon,Jalgaon Main,Onion,Red,2026-07-14,1949.36,2424.76,2163.39,126.8
Maharashtra,Jalgaon,Jalgaon Main,Tomato,Hybrid,2026-07-14,1907.28,2385.54,2106.62,149.0
Maharashtra,Jalgaon,Jalgaon Main,Soybean,Yellow,2026-07-14,3988.11,4838.12,4392.85,158.0
Maharashtra,Jalgaon,Jalgaon Main,Wheat,Sharbati,2026-07-14,2458.45,2964.79,2722.3,133.6
Maharashtra,Nandurbar,Nandurbar APMC,Onion,Red,2026-07-14,1946.76,2394.32,2152.99,95.5
Maharashtra,Nandurbar,Nandurbar APMC,Tomato,Hybrid,2026-07-14,1810.14,2065.3,1933.77,69.8
Maharashtra,Nandurbar,Nandurbar APMC,Soybean,Yellow,2026-07-14,3864.57,4513.81,4260.04,161.9
Maharashtra,Nandurbar,Nandurbar APMC,Wheat,Sharbati,2026-07-14,2479.78,2912.87,2675.02,172.0
Maharashtra,Nashik,Lasalgaon,Onion,Red,2026-07-14,1969.76,2310.91,2099.4,106.2
Maharashtra,Nashik,Lasalgaon,Tomato,Hybrid,2026-07-14,1693.89,1960.21,1833.34,161.0
Maharashtra,Nashik,Lasalgaon,Soybean,Yellow,2026-07-14,3822.15,4580.05,4192.5,114.9
Maharashtra,Nashik,Lasalgaon,Wheat,Sharbati,2026-07-14,2430.09,2870.1,2600.89,143.7
Maharashtra,Nashik,Pimpalgaon,Onion,Red,2026-07-14,1972.21,2296.03,2133.9,121.6
Maharashtra,Nashik,Pimpalgaon,Tomato,Hybrid,2026-07-14,1781.34,2181.25,2013.19,136.8
Maharashtra,Nashik,Pimpalgaon,Soybean,Yellow,2026-07-14,3876.92,4445.74,4224.98,79.3
Maharashtra,Nashik,Pimpalgaon,Wheat,Sharbati,2026-07-14,2383.93,2923.32,2642.88,165.7
Maharashtra,Pune,Pune(Gultekdi),Onion,Red,2026-07-14,2315.23,2627.64,2477.27,195.7
Maharashtra,Pune,Pune(Gultekdi),Tomato,Hybrid,2026-07-14,2071.26,2437.33,2288.89,70.2
Maharashtra,Pune,Pune(Gultekdi),Soybean,Yellow,2026-07-14,4567.69,5483.16,4924.19,109.8
Maharashtra,Pune,Pune(Gultekdi),Wheat,Sharbati,2026-07-14,2896.39,3331.08,3052.94,124.7
Maharashtra,Solapur,Solapur Mandi,Onion,Red,2026-07-14,2075.58,2675.79,2339.54,126.5
Maharashtra,Solapur,Solapur Mandi,Tomato,Hybrid,2026-07-14,1840.06,2275.65,2042.26,95.2
Maharashtra,Solapur,Solapur Mandi,Soybean,Yellow,2026-07-14,4271.01,5181.82,4637.31,117.2
Maharashtra,Solapur,Solapur Mandi,Wheat,Sharbati,2026-07-14,2635.75,3033.3,2856.42,106.6
Madhya Pradesh,Ujjain,Ujjain APMC,Onion,Red,2026-07-14,2203.06,2599.02,2374.42,117.7
Madhya Pradesh,Ujjain,Ujjain APMC,Tomato,Hybrid,2026-07-14,1882.7,2191.61,2040.45,114.7
Madhya Pradesh,Ujjain,Ujjain APMC,Soybean,Yellow,2026-07-14,4255.7,5161.38,4556.22,96.2
Madhya Pradesh,Ujjain,Ujjain APMC,Wheat,Sharbati,2026-07-14,2660.81,3076.3,2850.42,92.9
Maharashtra,Ahmednagar,Kopargaon,Onion,Red,2026-07-15,2000.91,2450.81,2200.3,116.5
Maharashtra,Ahmednagar,Kopargaon,Tomato,Hybrid,2026-07-15,1652.5,2115.86,1853.34,125.5
Maharashtra,Ahmednagar,Kopargaon,Soybean,Yellow,2026-07-15,3872.03,4523.16,4282.67,138.1
Maharashtra,Ahmednagar,Kopargaon,Wheat,Sharbati,2026-07-15,2559.86,2922.44,2712.5,67.9
Madhya Pradesh,Indore,Indore Mandi,Onion,Red,2026-07-15,2227.01,2705.13,2384.47,136.0
Madhya Pradesh,Indore,Indore Mandi,Tomato,Hybrid,2026-07-15,1897.32,2192.09,2002.85,88.8
Madhya Pradesh,Indore,Indore Mandi,Soybean,Yellow,2026-07-15,4434.29,5254.99,4758.73,113.2
Madhya Pradesh,Indore,Indore Mandi,Wheat,Sharbati,2026-07-15,2624.59,3270.29,2949.56,117.7
Maharashtra,Jalgaon,Jalgaon Main,Onion,Red,2026-07-15,1941.37,2284.55,2169.33,132.3
Maharashtra,Jalgaon,Jalgaon Main,Tomato,Hybrid,2026-07-15,1810.46,2204.39,2049.25,128.5
Maharashtra,Jalgaon,Jalgaon Main,Soybean,Yellow,2026-07-15,4035.84,4829.71,4288.2,36.5
Maharashtra,Jalgaon,Jalgaon Main,Wheat,Sharbati,2026-07-15,2485.43,2971.21,2747.59,154.7
Maharashtra,Nandurbar,Nandurbar APMC,Onion,Red,2026-07-15,1940.9,2264.52,2063.68,170.5
Maharashtra,Nandurbar,Nandurbar APMC,Tomato,Hybrid,2026-07-15,1698.49,2080.89,1822.27,113.1
Maharashtra,Nandurbar,Nandurbar APMC,Soybean,Yellow,2026-07-15,4093.93,4580.5,4358.42,125.5
Maharashtra,Nandurbar,Nandurbar APMC,Wheat,Sharbati,2026-07-15,2400.29,2821.13,2639.49,143.7
Maharashtra,Nashik,Lasalgaon,Onion,Red,2026-07-15,1768.96,2241.29,1984.35,43.0
Maharashtra,Nashik,Lasalgaon,Tomato,Hybrid,2026-07-15,1621.9,1967.11,1821.74,113.2
Maharashtra,Nashik,Lasalgaon,Soybean,Yellow,2026-07-15,3814.26,4608.16,4173.29,131.6
Maharashtra,Nashik,Lasalgaon,Wheat,Sharbati,2026-07-15,2409.75,2784.96,2538.75,66.7
Maharashtra,Nashik,Pimpalgaon,Onion,Red,2026-07-15,1820.24,2297.58,2054.99,144.8
Maharashtra,Nashik,Pimpalgaon,Tomato,Hybrid,2026-07-15,1702.88,2071.08,1916.3,112.5
Maharashtra,Nashik,Pimpalgaon,Soybean,Yellow,2026-07-15,3777.49,4531.94,4162.42,106.2
Maharashtra,Nashik,Pimpalgaon,Wheat,Sharbati,2026-07-15,2415.89,2932.54,2642.12,109.4
Maharashtra,Pune,Pune(Gultekdi),Onion,Red,2026-07-15,2228.8,2507.93,2354.63,150.5
Maharashtra,Pune,Pune(Gultekdi),Tomato,Hybrid,2026-07-15,2096.96,2460.93,2226.28,177.9
Maharashtra,Pune,Pune(Gultekdi),Soybean,Yellow,2026-07-15,4532.98,5095.64,4820.91,87.7
Maharashtra,Pune,Pune(Gultekdi),Wheat,Sharbati,2026-07-15,2857.09,3348.89,3019.87,92.1
Maharashtra,Solapur,Solapur Mandi,Onion,Red,2026-07-15,2092.13,2405.33,2204.84,95.8
Maharashtra,Solapur,Solapur Mandi,Tomato,Hybrid,2026-07-15,1864.19,2165.23,1997.66,68.3
Maharashtra,Solapur,Solapur Mandi,Soybean,Yellow,2026-07-15,4358.11,4960.51,4626.68,93.2
Maharashtra,Solapur,Solapur Mandi,Wheat,Sharbati,2026-07-15,2558.63,3218.02,2868.2,120.2
Madhya Pradesh,Ujjain,Ujjain APMC,Onion,Red,2026-07-15,2056.17,2435.56,2312.42,166.5
Madhya Pradesh,Ujjain,Ujjain APMC,Tomato,Hybrid,2026-07-15,1788.12,2097.41,1894.86,114.3
Madhya Pradesh,Ujjain,Ujjain APMC,Soybean,Yellow,2026-07-15,4088.17,4976.35,4460.94,134.5
Madhya Pradesh,Ujjain,Ujjain APMC,Wheat,Sharbati,2026-07-15,2655.33,3014.35,2840.35,98.5
Maharashtra,Ahmednagar,Kopargaon,Onion,Red,2026-07-16,1873.9,2249.26,2127.47,53.9
Maharashtra,Ahmednagar,Kopargaon,Tomato,Hybrid,2026-07-16,1731.89,2130.94,1907.09,115.4
Maharashtra,Ahmednagar,Kopargaon,Soybean,Yellow,2026-07-16,3846.76,4846.27,4364.24,120.3
Maharashtra,Ahmednagar,Kopargaon,Wheat,Sharbati,2026-07-16,2474.73,3067.22,2711.47,76.4
Madhya Pradesh,Indore,Indore Mandi,Onion,Red,2026-07-16,2175.22,2639.29,2355.99,79.5
Madhya Pradesh,Indore,Indore Mandi,Tomato,Hybrid,2026-07-16,1940.62,2422.0,2124.94,139.2
Madhya Pradesh,Indore,Indore Mandi,Soybean,Yellow,2026-07-16,4485.39,5224.74,4782.37,175.0
Madhya Pradesh,Indore,Indore Mandi,Wheat,Sharbati,2026-07-16,2742.49,3181.34,2935.54,79.5
Maharashtra,Jalgaon,Jalgaon Main,Onion,Red,2026-07-16,2078.37,2343.83,2223.83,134.9
Maharashtra,Jalgaon,Jalgaon Main,Tomato,Hybrid,2026-07-16,1848.37,2154.77,2013.04,94.2
Maharashtra,Jalgaon,Jalgaon Main,Soybean,Yellow,2026-07-16,3809.62,4709.7,4317.16,144.1
Maharashtra,Jalgaon,Jalgaon Main,Wheat,Sharbati,2026-07-16,2452.95,2958.55,2732.52,134.2
Maharashtra,Nandurbar,Nandurbar APMC,Onion,Red,2026-07-16,1860.06,2382.08,2073.78,118.3
Maharashtra,Nandurbar,Nandurbar APMC,Tomato,Hybrid,2026-07-16,1831.41,2147.72,2004.21,90.4
Maharashtra,Nandurbar,Nandurbar APMC,Soybean,Yellow,2026-07-16,4031.27,4718.97,4306.8,98.7
Maharashtra,Nandurbar,Nandurbar APMC,Wheat,Sharbati,2026-07-16,2462.69,2963.72,2628.89,126.6
Maharashtra,Nashik,Lasalgaon,Onion,Red,2026-07-16,1942.89,2280.06,2076.27,144.8
Maharashtra,Nashik,Lasalgaon,Tomato,Hybrid,2026-07-16,1735.16,2098.8,1919.57,140.4
Maharashtra,Nashik,Lasalgaon,Soybean,Yellow,2026-07-16,3951.4,4477.46,4202.34,98.0
Maharashtra,Nashik,Lasalgaon,Wheat,Sharbati,2026-07-16,2426.2,2951.46,2576.22,120.8
Maharashtra,Nashik,Pimpalgaon,Onion,Red,2026-07-16,1849.57,2273.92,2068.78,183.0
Maharashtra,Nashik,Pimpalgaon,Tomato,Hybrid,2026-07-16,1757.68,2149.44,1878.72,155.1
Maharashtra,Nashik,Pimpalgaon,Soybean,Yellow,2026-07-16,3840.14,4447.8,4137.54,79.1
Maharashtra,Nashik,Pimpalgaon,Wheat,Sharbati,2026-07-16,2335.78,2876.75,2615.11,109.5
Maharashtra,Pune,Pune(Gultekdi),Onion,Red,2026-07-16,2185.24,2746.67,2431.21,96.2
Maharashtra,Pune,Pune(Gultekdi),Tomato,Hybrid,2026-07-16,2150.73,2605.85,2296.91,144.9
Maharashtra,Pune,Pune(Gultekdi),Soybean,Yellow,2026-07-16,4446.84,5580.64,4890.57,131.3
Maharashtra,Pune,Pune(Gultekdi),Wheat,Sharbati,2026-07-16,2790.2,3260.7,3012.59,133.6
Maharashtra,Solapur,Solapur Mandi,Onion,Red,2026-07-16,2085.33,2440.79,2261.74,35.2
Maharashtra,Solapur,Solapur Mandi,Tomato,Hybrid,2026-07-16,1983.47,2440.41,2191.71,108.7
Maharashtra,Solapur,Solapur Mandi,Soybean,Yellow,2026-07-16,4151.24,5160.79,4613.3,105.3
Maharashtra,Solapur,Solapur Mandi,Wheat,Sharbati,2026-07-16,2531.72,3060.99,2862.33,102.6
Madhya Pradesh,Ujjain,Ujjain APMC,Onion,Red,2026-07-16,2034.29,2482.49,2253.18,120.9
Madhya Pradesh,Ujjain,Ujjain APMC,Tomato,Hybrid,2026-07-16,1965.37,2396.74,2189.46,127.8
Madhya Pradesh,Ujjain,Ujjain APMC,Soybean,Yellow,2026-07-16,4131.65,4930.4,4503.0,88.3
Madhya Pradesh,Ujjain,Ujjain APMC,Wheat,Sharbati,2026-07-16,2598.33,3000.1,2816.29,125.0
Maharashtra,Ahmednagar,Kopargaon,Onion,Red,2026-07-17,1967.73,2550.79,2230.45,152.4
Maharashtra,Ahmednagar,Kopargaon,Tomato,Hybrid,2026-07-17,1756.87,2166.84,1943.62,133.6
Maharashtra,Ahmednagar,Kopargaon,Soybean,Yellow,2026-07-17,3735.07,4654.79,4232.41,68.2
Maharashtra,Ahmednagar,Kopargaon,Wheat,Sharbati,2026-07-17,2437.09,2992.42,2702.16,122.2
Madhya Pradesh,Indore,Indore Mandi,Onion,Red,2026-07-17,2171.66,2589.27,2451.88,126.9
Madhya Pradesh,Indore,Indore Mandi,Tomato,Hybrid,2026-07-17,1981.33,2404.73,2159.55,90.8
Madhya Pradesh,Indore,Indore Mandi,Soybean,Yellow,2026-07-17,4341.72,5037.56,4732.84,93.7
Madhya Pradesh,Indore,Indore Mandi,Wheat,Sharbati,2026-07-17,2697.72,3117.94,2925.92,157.5
Maharashtra,Jalgaon,Jalgaon Main,Onion,Red,2026-07-17,2008.66,2514.79,2222.56,142.2
Maharashtra,Jalgaon,Jalgaon Main,Tomato,Hybrid,2026-07-17,1799.32,2075.36,1914.54,36.3
Maharashtra,Jalgaon,Jalgaon Main,Soybean,Yellow,2026-07-17,4150.36,4664.78,4385.87,99.1
Maharashtra,Jalgaon,Jalgaon Main,Wheat,Sharbati,2026-07-17,2562.28,2911.24,2705.41,175.6
Maharashtra,Nandurbar,Nandurbar APMC,Onion,Red,2026-07-17,2008.55,2455.12,2203.17,126.9
Maharashtra,Nandurbar,Nandurbar APMC,Tomato,Hybrid,2026-07-17,1749.06,2141.51,1959.23,135.0
Maharashtra,Nandurbar,Nandurbar APMC,Soybean,Yellow,2026-07-17,3719.21,4553.5,4206.27,119.6
Maharashtra,Nandurbar,Nandurbar APMC,Wheat,Sharbati,2026-07-17,2467.62,3028.78,2663.54,125.8
Maharashtra,Nashik,Lasalgaon,Onion,Red,2026-07-17,1801.9,2160.38,2042.22,96.1
Maharashtra,Nashik,Lasalgaon,Tomato,Hybrid,2026-07-17,1618.11,1937.77,1838.62,108.2
Maharashtra,Nashik,Lasalgaon,Soybean,Yellow,2026-07-17,3811.27,4389.21,4096.81,115.6
Maharashtra,Nashik,Lasalgaon,Wheat,Sharbati,2026-07-17,2305.53,2906.14,2562.53,156.6
Maharashtra,Nashik,Pimpalgaon,Onion,Red,2026-07-17,1877.78,2284.52,2041.67,110.2
Maharashtra,Nashik,Pimpalgaon,Tomato,Hybrid,2026-07-17,1810.22,2099.46,1970.74,136.2
Maharashtra,Nashik,Pimpalgaon,Soybean,Yellow,2026-07-17,3768.49,4662.05,4206.16,74.3
Maharashtra,Nashik,Pimpalgaon,Wheat,Sharbati,2026-07-17,2378.04,2831.07,2625.06,100.7
Maharashtra,Pune,Pune(Gultekdi),Onion,Red,2026-07-17,2122.78,2524.45,2380.53,140.0
Maharashtra,Pune,Pune(Gultekdi),Tomato,Hybrid,2026-07-17,2078.29,2515.26,2231.87,173.5
Maharashtra,Pune,Pune(Gultekdi),Soybean,Yellow,2026-07-17,4419.51,5155.22,4816.37,46.3
Maharashtra,Pune,Pune(Gultekdi),Wheat,Sharbati,2026-07-17,2673.68,3390.09,3022.9,131.4
Maharashtra,Solapur,Solapur Mandi,Onion,Red,2026-07-17,2123.49,2597.38,2284.22,97.4
Maharashtra,Solapur,Solapur Mandi,Tomato,Hybrid,2026-07-17,1906.16,2257.3,2034.1,93.0
Maharashtra,Solapur,Solapur Mandi,Soybean,Yellow,2026-07-17,4331.54,4975.82,4660.11,184.2
Maharashtra,Solapur,Solapur Mandi,Wheat,Sharbati,2026-07-17,2528.56,2968.42,2772.77,129.9
Madhya Pradesh,Ujjain,Ujjain APMC,Onion,Red,2026-07-17,2088.32,2378.81,2219.2,103.1
Madhya Pradesh,Ujjain,Ujjain APMC,Tomato,Hybrid,2026-07-17,1762.77,2160.69,1996.56,98.6
Madhya Pradesh,Ujjain,Ujjain APMC,Soybean,Yellow,2026-07-17,4112.18,5044.96,4550.96,78.8
Madhya Pradesh,Ujjain,Ujjain APMC,Wheat,Sharbati,2026-07-17,2602.6,3079.38,2792.31,127.1
Maharashtra,Ahmednagar,Kopargaon,Onion,Red,2026-07-18,1996.93,2383.11,2122.63,61.6
Maharashtra,Ahmednagar,Kopargaon,Tomato,Hybrid,2026-07-18,1854.37,2262.7,2079.74,165.2
Maharashtra,Ahmednagar,Kopargaon,Soybean,Yellow,2026-07-18,4164.01,4991.94,4406.58,85.2
Maharashtra,Ahmednagar,Kopargaon,Wheat,Sharbati,2026-07-18,2386.32,2938.51,2679.66,133.1
Madhya Pradesh,Indore,Indore Mandi,Onion,Red,2026-07-18,2244.19,2546.63,2377.66,64.8
Madhya Pradesh,Indore,Indore Mandi,Tomato,Hybrid,2026-07-18,1901.72,2405.3,2127.61,47.1
Madhya Pradesh,Indore,Indore Mandi,Soybean,Yellow,2026-07-18,4507.95,5262.94,4786.35,129.0
Madhya Pradesh,Indore,Indore Mandi,Wheat,Sharbati,2026-07-18,2580.42,3105.75,2890.56,112.8
Maharashtra,Jalgaon,Jalgaon Main,Onion,Red,2026-07-18,1979.7,2440.16,2173.81,156.6
Maharashtra,Jalgaon,Jalgaon Main,Tomato,Hybrid,2026-07-18,1774.96,2218.43,1986.65,170.7
Maharashtra,Jalgaon,Jalgaon Main,Soybean,Yellow,2026-07-18,3849.63,4883.51,4351.12,179.3
Maharashtra,Jalgaon,Jalgaon Main,Wheat,Sharbati,2026-07-18,2586.14,2874.69,2725.07,74.1
Maharashtra,Nandurbar,Nandurbar APMC,Onion,Red,2026-07-18,2056.34,2381.5,2180.52,118.7
Maharashtra,Nandurbar,Nandurbar APMC,Tomato,Hybrid,2026-07-18,1838.34,2217.52,2010.69,177.4
Maharashtra,Nandurbar,Nandurbar APMC,Soybean,Yellow,2026-07-18,3924.43,4628.3,4235.81,151.4
Maharashtra,Nandurbar,Nandurbar APMC,Wheat,Sharbati,2026-07-18,2384.07,3042.32,2655.91,154.2
Maharashtra,Nashik,Lasalgaon,Onion,Red,2026-07-18,1926.64,2288.02,2080.36,99.9
Maharashtra,Nashik,Lasalgaon,Tomato,Hybrid,2026-07-18,1790.35,2112.71,1931.99,126.5
Maharashtra,Nashik,Lasalgaon,Soybean,Yellow,2026-07-18,3674.56,4385.17,4102.87,111.0
Maharashtra,Nashik,Lasalgaon,Wheat,Sharbati,2026-07-18,2410.58,2682.78,2537.7,99.0
Maharashtra,Nashik,Pimpalgaon,Onion,Red,2026-07-18,1968.66,2525.95,2197.18,135.3
Maharashtra,Nashik,Pimpalgaon,Tomato,Hybrid,2026-07-18,1699.35,1996.71,1892.11,146.9
Maharashtra,Nashik,Pimpalgaon,Soybean,Yellow,2026-07-18,3854.9,4510.24,4290.53,90.2
Maharashtra,Nashik,Pimpalgaon,Wheat,Sharbati,2026-07-18,2363.9,3030.11,2641.3,131.7
Maharashtra,Pune,Pune(Gultekdi),Onion,Red,2026-07-18,2152.33,2691.76,2407.61,124.2
Maharashtra,Pune,Pune(Gultekdi),Tomato,Hybrid,2026-07-18,1914.18,2343.35,2124.05,132.7
Maharashtra,Pune,Pune(Gultekdi),Soybean,Yellow,2026-07-18,4681.3,5479.53,4941.2,135.3
Maharashtra,Pune,Pune(Gultekdi),Wheat,Sharbati,2026-07-18,2822.12,3281.06,3019.38,86.5
Maharashtra,Solapur,Solapur Mandi,Onion,Red,2026-07-18,2027.89,2438.06,2242.71,175.1
Maharashtra,Solapur,Solapur Mandi,Tomato,Hybrid,2026-07-18,1931.87,2370.41,2075.19,123.0
Maharashtra,Solapur,Solapur Mandi,Soybean,Yellow,2026-07-18,4069.37,4984.62,4529.65,93.6
Maharashtra,Solapur,Solapur Mandi,Wheat,Sharbati,2026-07-18,2614.95,3180.44,2866.91,137.6
Madhya Pradesh,Ujjain,Ujjain APMC,Onion,Red,2026-07-18,2177.44,2485.68,2338.02,168.3
Madhya Pradesh,Ujjain,Ujjain APMC,Tomato,Hybrid,2026-07-18,1979.09,2342.11,2173.3,92.9
Madhya Pradesh,Ujjain,Ujjain APMC,Soybean,Yellow,2026-07-18,4095.05,4979.77,4573.41,91.8
Madhya Pradesh,Ujjain,Ujjain APMC,Wheat,Sharbati,2026-07-18,2669.44,3035.01,2828.01,159.2
Maharashtra,Ahmednagar,Kopargaon,Onion,Red,2026-07-19,1997.41,2267.05,2107.29,80.8
Maharashtra,Ahmednagar,Kopargaon,Tomato,Hybrid,2026-07-19,1864.95,2159.99,2040.54,132.6
Maharashtra,Ahmednagar,Kopargaon,Soybean,Yellow,2026-07-19,3784.63,4735.97,4270.2,113.4
Maharashtra,Ahmednagar,Kopargaon,Wheat,Sharbati,2026-07-19,2358.52,2977.64,2643.92,99.0
Madhya Pradesh,Indore,Indore Mandi,Onion,Red,2026-07-19,2063.56,2504.97,2235.23,105.0
Madhya Pradesh,Indore,Indore Mandi,Tomato,Hybrid,2026-07-19,1785.54,2134.99,2023.16,127.0
Madhya Pradesh,Indore,Indore Mandi,Soybean,Yellow,2026-07-19,4181.44,5137.17,4673.61,80.6
Madhya Pradesh,Indore,Indore Mandi,Wheat,Sharbati,2026-07-19,2623.21,3089.43,2917.77,76.2
Maharashtra,Jalgaon,Jalgaon Main,Onion,Red,2026-07-19,1926.08,2271.6,2148.39,136.7
Maharashtra,Jalgaon,Jalgaon Main,Tomato,Hybrid,2026-07-19,1535.39,1839.56,1734.43,98.0
Maharashtra,Jalgaon,Jalgaon Main,Soybean,Yellow,2026-07-19,3904.32,4649.33,4384.57,243.5
Maharashtra,Jalgaon,Jalgaon Main,Wheat,Sharbati,2026-07-19,2554.77,3073.31,2748.88,156.9
Maharashtra,Nandurbar,Nandurbar APMC,Onion,Red,2026-07-19,1907.89,2392.05,2111.46,75.1
Maharashtra,Nandurbar,Nandurbar APMC,Tomato,Hybrid,2026-07-19,1662.81,2047.68,1860.7,142.2
Maharashtra,Nandurbar,Nandurbar APMC,Soybean,Yellow,2026-07-19,3774.22,4488.01,4204.79,135.7
Maharashtra,Nandurbar,Nandurbar APMC,Wheat,Sharbati,2026-07-19,2439.69,2853.2,2629.81,77.2
Maharashtra,Nashik,Lasalgaon,Onion,Red,2026-07-19,1847.6,2222.63,2069.96,129.1
Maharashtra,Nashik,Lasalgaon,Tomato,Hybrid,2026-07-19,1596.84,1929.56,1689.24,146.3
Maharashtra,Nashik,Lasalgaon,Soybean,Yellow,2026-07-19,3757.12,4432.24,4136.58,143.3
Maharashtra,Nashik,Lasalgaon,Wheat,Sharbati,2026-07-19,2385.13,2776.02,2568.39,120.1
Maharashtra,Nashik,Pimpalgaon,Onion,Red,2026-07-19,1869.21,2368.69,2083.14,161.0
Maharashtra,Nashik,Pimpalgaon,Tomato,Hybrid,2026-07-19,1604.65,1814.92,1722.47,121.0
Maharashtra,Nashik,Pimpalgaon,Soybean,Yellow,2026-07-19,3708.41,4672.61,4155.89,88.5
Maharashtra,Nashik,Pimpalgaon,Wheat,Sharbati,2026-07-19,2315.3,2973.84,2627.8,133.8
Maharashtra,Pune,Pune(Gultekdi),Onion,Red,2026-07-19,2209.88,2708.3,2441.46,20.3
Maharashtra,Pune,Pune(Gultekdi),Tomato,Hybrid,2026-07-19,1889.93,2103.58,2001.12,108.8
Maharashtra,Pune,Pune(Gultekdi),Soybean,Yellow,2026-07-19,4376.09,5539.8,4824.74,63.0
Maharashtra,Pune,Pune(Gultekdi),Wheat,Sharbati,2026-07-19,2684.18,3286.47,2996.26,103.9
Maharashtra,Solapur,Solapur Mandi,Onion,Red,2026-07-19,2040.56,2322.23,2184.42,160.6
Maharashtra,Solapur,Solapur Mandi,Tomato,Hybrid,2026-07-19,1881.49,2188.63,2038.47,136.5
Maharashtra,Solapur,Solapur Mandi,Soybean,Yellow,2026-07-19,4104.23,4758.78,4509.01,183.2
Maharashtra,Solapur,Solapur Mandi,Wheat,Sharbati,2026-07-19,2528.74,3004.5,2824.66,91.5
Madhya Pradesh,Ujjain,Ujjain APMC,Onion,Red,2026-07-19,1958.42,2493.36,2219.0,107.8
Madhya Pradesh,Ujjain,Ujjain APMC,Tomato,Hybrid,2026-07-19,1888.7,2164.56,2011.22,99.7
Madhya Pradesh,Ujjain,Ujjain APMC,Soybean,Yellow,2026-07-19,4066.3,5155.97,4561.15,121.9
Madhya Pradesh,Ujjain,Ujjain APMC,Wheat,Sharbati,2026-07-19,2527.23,2981.92,2822.51,128.8
Maharashtra,Ahmednagar,Kopargaon,Onion,Red,2026-07-20,1951.64,2381.27,2163.37,117.2
Maharashtra,Ahmednagar,Kopargaon,Tomato,Hybrid,2026-07-20,1822.57,2254.16,2025.16,148.1
Maharashtra,Ahmednagar,Kopargaon,Soybean,Yellow,2026-07-20,3987.33,4757.02,4335.7,75.0
Maharashtra,Ahmednagar,Kopargaon,Wheat,Sharbati,2026-07-20,2507.23,3045.48,2685.59,191.9
Madhya Pradesh,Indore,Indore Mandi,Onion,Red,2026-07-20,2145.6,2435.13,2280.69,187.0
Madhya Pradesh,Indore,Indore Mandi,Tomato,Hybrid,2026-07-20,1979.67,2372.38,2153.82,105.5
Madhya Pradesh,Indore,Indore Mandi,Soybean,Yellow,2026-07-20,4261.39,5360.0,4664.11,149.9
Madhya Pradesh,Indore,Indore Mandi,Wheat,Sharbati,2026-07-20,2667.07,3255.25,2931.58,119.3
Maharashtra,Jalgaon,Jalgaon Main,Onion,Red,2026-07-20,2016.94,2386.93,2266.8,115.1
Maharashtra,Jalgaon,Jalgaon Main,Tomato,Hybrid,2026-07-20,1735.95,2157.46,1963.89,112.2
Maharashtra,Jalgaon,Jalgaon Main,Soybean,Yellow,2026-07-20,3965.67,4748.45,4354.96,94.9
Maharashtra,Jalgaon,Jalgaon Main,Wheat,Sharbati,2026-07-20,2421.91,3078.22,2708.76,124.1
Maharashtra,Nandurbar,Nandurbar APMC,Onion,Red,2026-07-20,1934.74,2417.74,2163.83,83.6
Maharashtra,Nandurbar,Nandurbar APMC,Tomato,Hybrid,2026-07-20,1745.39,2043.29,1900.78,146.8
Maharashtra,Nandurbar,Nandurbar APMC,Soybean,Yellow,2026-07-20,3776.82,4664.04,4249.07,80.4
Maharashtra,Nandurbar,Nandurbar APMC,Wheat,Sharbati,2026-07-20,2477.01,2894.73,2647.79,77.0
Maharashtra,Nashik,Lasalgaon,Onion,Red,2026-07-20,1889.27,2274.49,2011.81,192.7
Maharashtra,Nashik,Lasalgaon,Tomato,Hybrid,2026-07-20,1628.79,1979.64,1787.06,116.9
Maharashtra,Nashik,Lasalgaon,Soybean,Yellow,2026-07-20,3721.82,4374.1,4099.38,130.1
Maharashtra,Nashik,Lasalgaon,Wheat,Sharbati,2026-07-20,2311.02,2690.13,2546.47,144.0
Maharashtra,Nashik,Pimpalgaon,Onion,Red,2026-07-20,1911.42,2267.85,2137.08,128.4
Maharashtra,Nashik,Pimpalgaon,Tomato,Hybrid,2026-07-20,1557.63,1831.44,1726.69,147.4
Maharashtra,Nashik,Pimpalgaon,Soybean,Yellow,2026-07-20,3831.16,4549.1,4169.12,88.8
Maharashtra,Nashik,Pimpalgaon,Wheat,Sharbati,2026-07-20,2464.82,2818.63,2632.49,97.5
Maharashtra,Pune,Pune(Gultekdi),Onion,Red,2026-07-20,2182.94,2721.97,2380.05,118.7
Maharashtra,Pune,Pune(Gultekdi),Tomato,Hybrid,2026-07-20,1946.54,2390.53,2084.84,110.9
Maharashtra,Pune,Pune(Gultekdi),Soybean,Yellow,2026-07-20,4273.94,5454.17,4802.1,160.7
Maharashtra,Pune,Pune(Gultekdi),Wheat,Sharbati,2026-07-20,2648.17,3438.03,2991.63,106.5
Maharashtra,Solapur,Solapur Mandi,Onion,Red,2026-07-20,2103.47,2541.14,2306.86,132.1
Maharashtra,Solapur,Solapur Mandi,Tomato,Hybrid,2026-07-20,1808.25,2089.55,1938.01,20.6
Maharashtra,Solapur,Solapur Mandi,Soybean,Yellow,2026-07-20,4103.99,5172.31,4631.29,118.9
Maharashtra,Solapur,Solapur Mandi,Wheat,Sharbati,2026-07-20,2584.99,3275.08,2852.24,82.4
Madhya Pradesh,Ujjain,Ujjain APMC,Onion,Red,2026-07-20,2159.06,2552.03,2282.01,137.3
Madhya Pradesh,Ujjain,Ujjain APMC,Tomato,Hybrid,2026-07-20,1841.39,2112.43,1996.68,133.8
Madhya Pradesh,Ujjain,Ujjain APMC,Soybean,Yellow,2026-07-20,4137.67,5128.78,4551.69,136.8
Madhya Pradesh,Ujjain,Ujjain APMC,Wheat,Sharbati,2026-07-20,2459.75,3096.33,2791.58,179.9
Maharashtra,Ahmednagar,Kopargaon,Onion,Red,2026-07-21,1981.1,2375.42,2105.42,131.5
Maharashtra,Ahmednagar,Kopargaon,Tomato,Hybrid,2026-07-21,1715.7,2047.38,1818.21,97.8
Maharashtra,Ahmednagar,Kopargaon,Soybean,Yellow,2026-07-21,3953.33,4625.58,4271.47,144.6
Maharashtra,Ahmednagar,Kopargaon,Wheat,Sharbati,2026-07-21,2524.83,2859.88,2668.36,92.8
Madhya Pradesh,Indore,Indore Mandi,Onion,Red,2026-07-21,2073.22,2495.62,2296.63,120.5
Madhya Pradesh,Indore,Indore Mandi,Tomato,Hybrid,2026-07-21,1825.06,2299.89,2040.89,109.3
Madhya Pradesh,Indore,Indore Mandi,Soybean,Yellow,2026-07-21,4244.91,5384.04,4732.68,128.1
Madhya Pradesh,Indore,Indore Mandi,Wheat,Sharbati,2026-07-21,2771.16,3262.33,2942.74,169.5
Maharashtra,Jalgaon,Jalgaon Main,Onion,Red,2026-07-21,2062.85,2480.64,2202.61,77.0
Maharashtra,Jalgaon,Jalgaon Main,Tomato,Hybrid,2026-07-21,1658.92,1894.09,1796.99,114.9
Maharashtra,Jalgaon,Jalgaon Main,Soybean,Yellow,2026-07-21,4100.76,4569.49,4334.61,183.2
Maharashtra,Jalgaon,Jalgaon Main,Wheat,Sharbati,2026-07-21,2484.03,2890.03,2717.61,132.9
Maharashtra,Nandurbar,Nandurbar APMC,Onion,Red,2026-07-21,1939.59,2197.8,2069.45,168.1
Maharashtra,Nandurbar,Nandurbar APMC,Tomato,Hybrid,2026-07-21,1643.28,2119.65,1845.64,49.7
Maharashtra,Nandurbar,Nandurbar APMC,Soybean,Yellow,2026-07-21,4106.51,4587.0,4348.21,123.4
Maharashtra,Nandurbar,Nandurbar APMC,Wheat,Sharbati,2026-07-21,2457.44,2937.2,2662.68,76.0
Maharashtra,Nashik,Lasalgaon,Onion,Red,2026-07-21,2037.44,2397.44,2165.59,118.0
Maharashtra,Nashik,Lasalgaon,Tomato,Hybrid,2026-07-21,1700.94,1963.97,1848.25,126.8
Maharashtra,Nashik,Lasalgaon,Soybean,Yellow,2026-07-21,3841.72,4436.57,4090.41,74.5
Maharashtra,Nashik,Lasalgaon,Wheat,Sharbati,2026-07-21,2265.57,2828.26,2535.81,135.7
Maharashtra,Nashik,Pimpalgaon,Onion,Red,2026-07-21,1908.04,2378.69,2131.66,161.5
Maharashtra,Nashik,Pimpalgaon,Tomato,Hybrid,2026-07-21,1783.13,2233.67,1962.83,135.7
Maharashtra,Nashik,Pimpalgaon,Soybean,Yellow,2026-07-21,3913.37,4613.12,4248.89,153.6
Maharashtra,Nashik,Pimpalgaon,Wheat,Sharbati,2026-07-21,2326.45,2894.85,2612.64,108.3
Maharashtra,Pune,Pune(Gultekdi),Onion,Red,2026-07-21,2192.86,2757.04,2470.94,79.9
Maharashtra,Pune,Pune(Gultekdi),Tomato,Hybrid,2026-07-21,2018.54,2323.37,2185.41,129.8
Maharashtra,Pune,Pune(Gultekdi),Soybean,Yellow,2026-07-21,4206.48,5457.25,4748.41,151.4
Maharashtra,Pune,Pune(Gultekdi),Wheat,Sharbati,2026-07-21,2720.55,3208.56,3030.02,152.1
Maharashtra,Solapur,Solapur Mandi,Onion,Red,2026-07-21,2201.14,2549.3,2337.92,135.9
Maharashtra,Solapur,Solapur Mandi,Tomato,Hybrid,2026-07-21,1715.84,2163.13,1921.68,156.9
Maharashtra,Solapur,Solapur Mandi,Soybean,Yellow,2026-07-21,4063.96,4904.87,4495.47,96.6
Maharashtra,Solapur,Solapur Mandi,Wheat,Sharbati,2026-07-21,2609.6,3162.98,2829.17,110.5
Madhya Pradesh,Ujjain,Ujjain APMC,Onion,Red,2026-07-21,2099.98,2534.4,2314.8,90.4
Madhya Pradesh,Ujjain,Ujjain APMC,Tomato,Hybrid,2026-07-21,1866.13,2230.2,2117.06,53.1
Madhya Pradesh,Ujjain,Ujjain APMC,Soybean,Yellow,2026-07-21,4113.98,4763.35,4517.22,138.8
Madhya Pradesh,Ujjain,Ujjain APMC,Wheat,Sharbati,2026-07-21,2593.07,3187.88,2795.85,147.9
Maharashtra,Ahmednagar,Kopargaon,Onion,Red,2026-07-22,1855.29,2223.58,2015.28,62.4
Maharashtra,Ahmednagar,Kopargaon,Tomato,Hybrid,2026-07-22,1840.93,2253.79,1971.92,83.9
Maharashtra,Ahmednagar,Kopargaon,Soybean,Yellow,2026-07-22,3780.74,4804.93,4291.94,155.1
Maharashtra,Ahmednagar,Kopargaon,Wheat,Sharbati,2026-07-22,2481.56,3025.98,2650.86,111.8
Madhya Pradesh,Indore,Indore Mandi,Onion,Red,2026-07-22,2093.45,2468.46,2236.09,81.4
Madhya Pradesh,Indore,Indore Mandi,Tomato,Hybrid,2026-07-22,1913.19,2171.84,2033.43,167.5
Madhya Pradesh,Indore,Indore Mandi,Soybean,Yellow,2026-07-22,4378.01,5267.36,4703.79,153.7
Madhya Pradesh,Indore,Indore Mandi,Wheat,Sharbati,2026-07-22,2669.87,3213.67,2906.28,183.1
Maharashtra,Jalgaon,Jalgaon Main,Onion,Red,2026-07-22,1943.04,2475.15,2166.05,129.8
Maharashtra,Jalgaon,Jalgaon Main,Tomato,Hybrid,2026-07-22,1610.09,2051.29,1786.38,92.7
Maharashtra,Jalgaon,Jalgaon Main,Soybean,Yellow,2026-07-22,3907.86,4620.65,4312.6,96.5
Maharashtra,Jalgaon,Jalgaon Main,Wheat,Sharbati,2026-07-22,2563.18,3038.06,2708.48,94.7
Maharashtra,Nandurbar,Nandurbar APMC,Onion,Red,2026-07-22,1856.86,2185.29,2031.55,110.2
Maharashtra,Nandurbar,Nandurbar APMC,Tomato,Hybrid,2026-07-22,1859.81,2133.1,1961.07,151.0
Maharashtra,Nandurbar,Nandurbar APMC,Soybean,Yellow,2026-07-22,3687.01,4520.92,4178.43,193.2
Maharashtra,Nandurbar,Nandurbar APMC,Wheat,Sharbati,2026-07-22,2400.29,2890.97,2646.01,150.0
Maharashtra,Nashik,Lasalgaon,Onion,Red,2026-07-22,1767.51,2085.95,1972.87,73.7
Maharashtra,Nashik,Lasalgaon,Tomato,Hybrid,2026-07-22,1789.12,2010.79,1899.35,112.1
Maharashtra,Nashik,Lasalgaon,Soybean,Yellow,2026-07-22,3614.97,4586.11,4098.47,148.9
Maharashtra,Nashik,Lasalgaon,Wheat,Sharbati,2026-07-22,2403.83,2727.23,2582.72,101.1
Maharashtra,Nashik,Pimpalgaon,Onion,Red,2026-07-22,1988.42,2360.93,2153.45,155.3
Maharashtra,Nashik,Pimpalgaon,Tomato,Hybrid,2026-07-22,1727.8,2157.86,1904.63,122.8
Maharashtra,Nashik,Pimpalgaon,Soybean,Yellow,2026-07-22,3711.84,4381.42,4147.31,118.2
Maharashtra,Nashik,Pimpalgaon,Wheat,Sharbati,2026-07-22,2455.88,2931.22,2591.38,127.9
Maharashtra,Pune,Pune(Gultekdi),Onion,Red,2026-07-22,2217.43,2656.84,2419.89,108.6
Maharashtra,Pune,Pune(Gultekdi),Tomato,Hybrid,2026-07-22,1921.45,2189.41,2031.83,169.7
Maharashtra,Pune,Pune(Gultekdi),Soybean,Yellow,2026-07-22,4476.75,5534.59,4890.47,160.7
Maharashtra,Pune,Pune(Gultekdi),Wheat,Sharbati,2026-07-22,2617.87,3275.64,2966.62,156.6
Maharashtra,Solapur,Solapur Mandi,Onion,Red,2026-07-22,2166.96,2594.62,2312.88,139.7
Maharashtra,Solapur,Solapur Mandi,Tomato,Hybrid,2026-07-22,1902.01,2156.54,2041.44,99.4
Maharashtra,Solapur,Solapur Mandi,Soybean,Yellow,2026-07-22,4265.3,5000.83,4608.96,51.7
Maharashtra,Solapur,Solapur Mandi,Wheat,Sharbati,2026-07-22,2549.44,3065.51,2848.04,139.2
Madhya Pradesh,Ujjain,Ujjain APMC,Onion,Red,2026-07-22,2104.94,2437.91,2263.06,65.0
Madhya Pradesh,Ujjain,Ujjain APMC,Tomato,Hybrid,2026-07-22,1872.44,2291.79,2063.15,92.8
Madhya Pradesh,Ujjain,Ujjain APMC,Soybean,Yellow,2026-07-22,4024.91,5072.95,4476.74,109.6
Madhya Pradesh,Ujjain,Ujjain APMC,Wheat,Sharbati,2026-07-22,2558.67,3051.62,2802.63,57.6
Maharashtra,Ahmednagar,Kopargaon,Onion,Red,2026-07-23,1855.31,2339.13,2101.05,167.7
Maharashtra,Ahmednagar,Kopargaon,Tomato,Hybrid,2026-07-23,1749.84,2062.21,1888.59,81.7
Maharashtra,Ahmednagar,Kopargaon,Soybean,Yellow,2026-07-23,4009.38,4825.48,4336.06,167.4
Maharashtra,Ahmednagar,Kopargaon,Wheat,Sharbati,2026-07-23,2391.73,3016.28,2642.46,92.5
Madhya Pradesh,Indore,Indore Mandi,Onion,Red,2026-07-23,2099.62,2400.56,2265.63,163.7
Madhya Pradesh,Indore,Indore Mandi,Tomato,Hybrid,2026-07-23,1952.94,2371.54,2086.82,177.3
Madhya Pradesh,Indore,Indore Mandi,Soybean,Yellow,2026-07-23,4292.21,5267.48,4649.95,121.1
Madhya Pradesh,Indore,Indore Mandi,Wheat,Sharbati,2026-07-23,2751.05,3386.77,2947.09,88.5
Maharashtra,Jalgaon,Jalgaon Main,Onion,Red,2026-07-23,1907.58,2255.57,2067.24,96.8
Maharashtra,Jalgaon,Jalgaon Main,Tomato,Hybrid,2026-07-23,1734.68,2135.85,1965.22,164.5
Maharashtra,Jalgaon,Jalgaon Main,Soybean,Yellow,2026-07-23,3812.66,4726.91,4303.88,134.2
Maharashtra,Jalgaon,Jalgaon Main,Wheat,Sharbati,2026-07-23,2505.24,2885.52,2692.89,94.5
Maharashtra,Nandurbar,Nandurbar APMC,Onion,Red,2026-07-23,1861.08,2145.51,1991.23,95.7
Maharashtra,Nandurbar,Nandurbar APMC,Tomato,Hybrid,2026-07-23,1685.58,2101.58,1841.89,131.8
Maharashtra,Nandurbar,Nandurbar APMC,Soybean,Yellow,2026-07-23,3898.32,4737.06,4278.86,121.9
Maharashtra,Nandurbar,Nandurbar APMC,Wheat,Sharbati,2026-07-23,2411.16,2983.71,2653.03,141.1
Maharashtra,Nashik,Lasalgaon,Onion,Red,2026-07-23,1733.3,2171.02,1941.68,112.1
Maharashtra,Nashik,Lasalgaon,Tomato,Hybrid,2026-07-23,1711.34,2016.68,1910.01,107.0
Maharashtra,Nashik,Lasalgaon,Soybean,Yellow,2026-07-23,3605.1,4355.56,4093.55,134.0
Maharashtra,Nashik,Lasalgaon,Wheat,Sharbati,2026-07-23,2350.75,2904.62,2548.91,165.5
Maharashtra,Nashik,Pimpalgaon,Onion,Red,2026-07-23,1906.16,2174.88,2050.44,73.3
Maharashtra,Nashik,Pimpalgaon,Tomato,Hybrid,2026-07-23,1612.71,1963.04,1808.45,53.8
Maharashtra,Nashik,Pimpalgaon,Soybean,Yellow,2026-07-23,3730.6,4822.4,4214.15,57.8
Maharashtra,Nashik,Pimpalgaon,Wheat,Sharbati,2026-07-23,2444.61,2888.3,2590.58,86.4
Maharashtra,Pune,Pune(Gultekdi),Onion,Red,2026-07-23,2134.48,2474.57,2252.98,135.4
Maharashtra,Pune,Pune(Gultekdi),Tomato,Hybrid,2026-07-23,1890.59,2337.35,2053.13,115.2
Maharashtra,Pune,Pune(Gultekdi),Soybean,Yellow,2026-07-23,4518.31,5441.22,4834.3,111.8
Maharashtra,Pune,Pune(Gultekdi),Wheat,Sharbati,2026-07-23,2798.81,3413.22,3004.69,83.8
Maharashtra,Solapur,Solapur Mandi,Onion,Red,2026-07-23,2085.99,2533.48,2225.43,139.0
Maharashtra,Solapur,Solapur Mandi,Tomato,Hybrid,2026-07-23,1763.8,2024.74,1926.97,178.0
Maharashtra,Solapur,Solapur Mandi,Soybean,Yellow,2026-07-23,4237.59,5131.44,4550.38,121.1
Maharashtra,Solapur,Solapur Mandi,Wheat,Sharbati,2026-07-23,2616.89,3013.52,2862.15,137.5
Madhya Pradesh,Ujjain,Ujjain APMC,Onion,Red,2026-07-23,1976.8,2289.59,2146.22,195.1
Madhya Pradesh,Ujjain,Ujjain APMC,Tomato,Hybrid,2026-07-23,1676.87,2119.92,1848.76,27.9
Madhya Pradesh,Ujjain,Ujjain APMC,Soybean,Yellow,2026-07-23,4153.12,4805.97,4506.65,80.5
Madhya Pradesh,Ujjain,Ujjain APMC,Wheat,Sharbati,2026-07-23,2480.73,2978.26,2782.36,58.4
Maharashtra,Ahmednagar,Kopargaon,Onion,Red,2026-07-24,1845.42,2274.92,2027.99,177.4
Maharashtra,Ahmednagar,Kopargaon,Tomato,Hybrid,2026-07-24,1667.67,2031.78,1852.22,136.8
Maharashtra,Ahmednagar,Kopargaon,Soybean,Yellow,2026-07-24,4014.37,4909.29,4294.79,105.5
Maharashtra,Ahmednagar,Kopargaon,Wheat,Sharbati,2026-07-24,2445.64,2911.17,2683.95,165.5
Madhya Pradesh,Indore,Indore Mandi,Onion,Red,2026-07-24,2151.46,2547.84,2284.88,65.5
Madhya Pradesh,Indore,Indore Mandi,Tomato,Hybrid,2026-07-24,1806.61,2305.7,2024.12,130.7
Madhya Pradesh,Indore,Indore Mandi,Soybean,Yellow,2026-07-24,4256.53,4908.54,4669.62,59.6
Madhya Pradesh,Indore,Indore Mandi,Wheat,Sharbati,2026-07-24,2658.0,3135.89,2927.89,149.8
Maharashtra,Jalgaon,Jalgaon Main,Onion,Red,2026-07-24,1848.11,2239.31,2062.93,84.5
Maharashtra,Jalgaon,Jalgaon Main,Tomato,Hybrid,2026-07-24,1775.37,2085.98,1944.52,95.1
Maharashtra,Jalgaon,Jalgaon Main,Soybean,Yellow,2026-07-24,3894.27,4663.54,4309.04,116.7
Maharashtra,Jalgaon,Jalgaon Main,Wheat,Sharbati,2026-07-24,2417.84,3011.16,2675.83,123.9
Maharashtra,Nandurbar,Nandurbar APMC,Onion,Red,2026-07-24,1819.56,2324.05,2056.62,93.1
Maharashtra,Nandurbar,Nandurbar APMC,Tomato,Hybrid,2026-07-24,1698.33,1947.04,1795.66,86.2
Maharashtra,Nandurbar,Nandurbar APMC,Soybean,Yellow,2026-07-24,3929.01,4834.67,4258.43,134.0
Maharashtra,Nandurbar,Nandurbar APMC,Wheat,Sharbati,2026-07-24,2472.5,2850.2,2652.38,92.6
Maharashtra,Nashik,Lasalgaon,Onion,Red,2026-07-24,1815.16,2148.51,2027.72,134.5
Maharashtra,Nashik,Lasalgaon,Tomato,Hybrid,2026-07-24,1632.09,1905.69,1735.51,128.5
Maharashtra,Nashik,Lasalgaon,Soybean,Yellow,2026-07-24,3596.43,4502.67,4031.9,101.4
Maharashtra,Nashik,Lasalgaon,Wheat,Sharbati,2026-07-24,2323.29,2733.77,2559.75,128.5
Maharashtra,Nashik,Pimpalgaon,Onion,Red,2026-07-24,1877.82,2248.64,2035.58,114.9
Maharashtra,Nashik,Pimpalgaon,Tomato,Hybrid,2026-07-24,1653.97,2069.78,1819.15,93.9
Maharashtra,Nashik,Pimpalgaon,Soybean,Yellow,2026-07-24,3756.89,4830.31,4239.52,162.8
Maharashtra,Nashik,Pimpalgaon,Wheat,Sharbati,2026-07-24,2338.4,2787.75,2597.22,57.8
Maharashtra,Pune,Pune(Gultekdi),Onion,Red,2026-07-24,2121.81,2531.76,2302.28,72.1
Maharashtra,Pune,Pune(Gultekdi),Tomato,Hybrid,2026-07-24,1950.34,2239.85,2122.15,103.3
Maharashtra,Pune,Pune(Gultekdi),Soybean,Yellow,2026-07-24,4319.41,5155.68,4734.3,87.4
Maharashtra,Pune,Pune(Gultekdi),Wheat,Sharbati,2026-07-24,2715.0,3354.58,3021.25,126.7
Maharashtra,Solapur,Solapur Mandi,Onion,Red,2026-07-24,2014.29,2369.91,2240.11,177.0
Maharashtra,Solapur,Solapur Mandi,Tomato,Hybrid,2026-07-24,1728.45,2056.19,1934.5,147.8
Maharashtra,Solapur,Solapur Mandi,Soybean,Yellow,2026-07-24,4090.62,5151.42,4549.08,66.7
Maharashtra,Solapur,Solapur Mandi,Wheat,Sharbati,2026-07-24,2559.67,3007.27,2836.24,142.6
Madhya Pradesh,Ujjain,Ujjain APMC,Onion,Red,2026-07-24,1865.08,2306.19,2064.72,133.1
Madhya Pradesh,Ujjain,Ujjain APMC,Tomato,Hybrid,2026-07-24,1977.12,2198.32,2083.68,108.0
Madhya Pradesh,Ujjain,Ujjain APMC,Soybean,Yellow,2026-07-24,4205.75,5128.63,4564.35,144.0
Madhya Pradesh,Ujjain,Ujjain APMC,Wheat,Sharbati,2026-07-24,2603.3,3004.5,2815.07,121.5
Maharashtra,Ahmednagar,Kopargaon,Onion,Red,2026-07-25,1871.95,2282.09,2020.36,163.3
Maharashtra,Ahmednagar,Kopargaon,Tomato,Hybrid,2026-07-25,1698.89,2059.56,1866.3,129.2
Maharashtra,Ahmednagar,Kopargaon,Soybean,Yellow,2026-07-25,3962.56,4737.06,4285.6,163.9
Maharashtra,Ahmednagar,Kopargaon,Wheat,Sharbati,2026-07-25,2445.91,2942.39,2622.07,117.1
Madhya Pradesh,Indore,Indore Mandi,Onion,Red,2026-07-25,2030.29,2485.29,2300.53,153.5
Madhya Pradesh,Indore,Indore Mandi,Tomato,Hybrid,2026-07-25,1823.91,2184.98,2027.07,81.8
Madhya Pradesh,Indore,Indore Mandi,Soybean,Yellow,2026-07-25,4334.92,5093.44,4657.48,150.3
Madhya Pradesh,Indore,Indore Mandi,Wheat,Sharbati,2026-07-25,2724.72,3295.07,2888.61,124.2
Maharashtra,Jalgaon,Jalgaon Main,Onion,Red,2026-07-25,1978.45,2401.34,2158.78,125.0
Maharashtra,Jalgaon,Jalgaon Main,Tomato,Hybrid,2026-07-25,1831.22,2221.39,1938.04,65.2
Maharashtra,Jalgaon,Jalgaon Main,Soybean,Yellow,2026-07-25,3858.88,4686.43,4269.49,97.2
Maharashtra,Jalgaon,Jalgaon Main,Wheat,Sharbati,2026-07-25,2480.49,2959.03,2677.75,109.0
Maharashtra,Nandurbar,Nandurbar APMC,Onion,Red,2026-07-25,1826.34,2326.95,2054.51,109.2
Maharashtra,Nandurbar,Nandurbar APMC,Tomato,Hybrid,2026-07-25,1431.94,1824.15,1591.91,140.0
Maharashtra,Nandurbar,Nandurbar APMC,Soybean,Yellow,2026-07-25,3760.23,4840.74,4217.51,54.0
Maharashtra,Nandurbar,Nandurbar APMC,Wheat,Sharbati,2026-07-25,2446.36,2777.89,2630.97,112.4
Maharashtra,Nashik,Lasalgaon,Onion,Red,2026-07-25,1897.07,2195.27,2078.83,134.7
Maharashtra,Nashik,Lasalgaon,Tomato,Hybrid,2026-07-25,1602.39,1902.84,1780.97,102.2
Maharashtra,Nashik,Lasalgaon,Soybean,Yellow,2026-07-25,3597.48,4494.66,4050.53,124.1
Maharashtra,Nashik,Lasalgaon,Wheat,Sharbati,2026-07-25,2332.26,2843.56,2531.19,182.8
Maharashtra,Nashik,Pimpalgaon,Onion,Red,2026-07-25,1833.6,2299.52,2054.98,122.7
Maharashtra,Nashik,Pimpalgaon,Tomato,Hybrid,2026-07-25,1608.66,1957.36,1762.45,132.6
Maharashtra,Nashik,Pimpalgaon,Soybean,Yellow,2026-07-25,3778.87,4590.06,4152.28,112.8
Maharashtra,Nashik,Pimpalgaon,Wheat,Sharbati,2026-07-25,2445.53,2921.1,2628.05,122.3
Maharashtra,Pune,Pune(Gultekdi),Onion,Red,2026-07-25,2068.58,2554.41,2332.72,70.5
Maharashtra,Pune,Pune(Gultekdi),Tomato,Hybrid,2026-07-25,1902.36,2138.84,2034.95,117.8
Maharashtra,Pune,Pune(Gultekdi),Soybean,Yellow,2026-07-25,4474.16,5239.4,4836.6,87.2
Maharashtra,Pune,Pune(Gultekdi),Wheat,Sharbati,2026-07-25,2830.01,3183.74,2993.09,111.1
Maharashtra,Solapur,Solapur Mandi,Onion,Red,2026-07-25,2020.46,2431.64,2127.98,108.9
Maharashtra,Solapur,Solapur Mandi,Tomato,Hybrid,2026-07-25,1669.79,2019.44,1772.38,102.6
Maharashtra,Solapur,Solapur Mandi,Soybean,Yellow,2026-07-25,4259.56,5039.02,4544.7,114.5
Maharashtra,Solapur,Solapur Mandi,Wheat,Sharbati,2026-07-25,2582.99,3066.85,2832.26,101.1
Madhya Pradesh,Ujjain,Ujjain APMC,Onion,Red,2026-07-25,1882.91,2430.19,2124.86,73.4
Madhya Pradesh,Ujjain,Ujjain APMC,Tomato,Hybrid,2026-07-25,1718.91,2067.57,1940.56,98.1
Madhya Pradesh,Ujjain,Ujjain APMC,Soybean,Yellow,2026-07-25,3982.41,4896.12,4419.59,161.7
Madhya Pradesh,Ujjain,Ujjain APMC,Wheat,Sharbati,2026-07-25,2626.34,3175.98,2803.52,127.3
Maharashtra,Ahmednagar,Kopargaon,Onion,Red,2026-07-26,1934.75,2235.03,2068.58,131.3
Maharashtra,Ahmednagar,Kopargaon,Tomato,Hybrid,2026-07-26,1607.88,1963.35,1825.08,139.5
Maharashtra,Ahmednagar,Kopargaon,Soybean,Yellow,2026-07-26,3821.58,4538.82,4170.96,114.8
Maharashtra,Ahmednagar,Kopargaon,Wheat,Sharbati,2026-07-26,2440.7,2853.19,2669.89,182.4
Madhya Pradesh,Indore,Indore Mandi,Onion,Red,2026-07-26,2038.78,2390.73,2245.58,74.1
Madhya Pradesh,Indore,Indore Mandi,Tomato,Hybrid,2026-07-26,1953.6,2450.43,2132.61,134.7
Madhya Pradesh,Indore,Indore Mandi,Soybean,Yellow,2026-07-26,4106.37,4989.58,4613.02,144.1
Madhya Pradesh,Indore,Indore Mandi,Wheat,Sharbati,2026-07-26,2571.63,3211.26,2887.68,82.3
Maharashtra,Jalgaon,Jalgaon Main,Onion,Red,2026-07-26,1919.66,2350.09,2075.6,119.7
Maharashtra,Jalgaon,Jalgaon Main,Tomato,Hybrid,2026-07-26,1710.81,2033.88,1864.98,56.9
Maharashtra,Jalgaon,Jalgaon Main,Soybean,Yellow,2026-07-26,3934.43,4924.5,4345.17,86.8
Maharashtra,Jalgaon,Jalgaon Main,Wheat,Sharbati,2026-07-26,2355.76,2841.15,2670.99,80.9
Maharashtra,Nandurbar,Nandurbar APMC,Onion,Red,2026-07-26,1872.23,2286.36,2029.65,148.6
Maharashtra,Nandurbar,Nandurbar APMC,Tomato,Hybrid,2026-07-26,1662.1,1933.34,1802.27,161.2
Maharashtra,Nandurbar,Nandurbar APMC,Soybean,Yellow,2026-07-26,3793.47,4849.59,4274.23,107.2
Maharashtra,Nandurbar,Nandurbar APMC,Wheat,Sharbati,2026-07-26,2396.09,3007.79,2644.31,136.1
Maharashtra,Nashik,Lasalgaon,Onion,Red,2026-07-26,1685.62,2032.72,1856.84,137.8
Maharashtra,Nashik,Lasalgaon,Tomato,Hybrid,2026-07-26,1601.18,1928.38,1782.82,20.1
Maharashtra,Nashik,Lasalgaon,Soybean,Yellow,2026-07-26,3762.07,4542.14,4179.77,117.8
Maharashtra,Nashik,Lasalgaon,Wheat,Sharbati,2026-07-26,2243.69,2713.55,2506.23,142.3
Maharashtra,Nashik,Pimpalgaon,Onion,Red,2026-07-26,1919.96,2235.78,2033.09,207.3
Maharashtra,Nashik,Pimpalgaon,Tomato,Hybrid,2026-07-26,1672.13,2019.41,1764.49,101.2
Maharashtra,Nashik,Pimpalgaon,Soybean,Yellow,2026-07-26,3683.08,4696.05,4151.05,115.5
Maharashtra,Nashik,Pimpalgaon,Wheat,Sharbati,2026-07-26,2312.47,2824.09,2574.83,135.2
Maharashtra,Pune,Pune(Gultekdi),Onion,Red,2026-07-26,2097.98,2632.87,2314.01,116.5
Maharashtra,Pune,Pune(Gultekdi),Tomato,Hybrid,2026-07-26,1990.4,2215.97,2109.21,54.9
Maharashtra,Pune,Pune(Gultekdi),Soybean,Yellow,2026-07-26,4300.75,5439.59,4783.51,109.6
Maharashtra,Pune,Pune(Gultekdi),Wheat,Sharbati,2026-07-26,2827.5,3366.85,2993.26,69.6
Maharashtra,Solapur,Solapur Mandi,Onion,Red,2026-07-26,1936.24,2429.66,2170.32,93.5
Maharashtra,Solapur,Solapur Mandi,Tomato,Hybrid,2026-07-26,1932.28,2385.04,2074.77,103.1
Maharashtra,Solapur,Solapur Mandi,Soybean,Yellow,2026-07-26,4250.03,4888.87,4474.71,125.7
Maharashtra,Solapur,Solapur Mandi,Wheat,Sharbati,2026-07-26,2492.9,3163.97,2812.41,135.2
Madhya Pradesh,Ujjain,Ujjain APMC,Onion,Red,2026-07-26,1871.95,2257.7,2122.86,113.5
Madhya Pradesh,Ujjain,Ujjain APMC,Tomato,Hybrid,2026-07-26,1680.1,1919.33,1798.73,167.4
Madhya Pradesh,Ujjain,Ujjain APMC,Soybean,Yellow,2026-07-26,4040.2,4927.3,4450.51,118.4
Madhya Pradesh,Ujjain,Ujjain APMC,Wheat,Sharbati,2026-07-26,2638.75,3122.93,2827.28,74.2
Maharashtra,Ahmednagar,Kopargaon,Onion,Red,2026-07-27,1792.53,2330.68,2027.58,172.2
Maharashtra,Ahmednagar,Kopargaon,Tomato,Hybrid,2026-07-27,1657.27,2085.61,1818.8,196.9
Maharashtra,Ahmednagar,Kopargaon,Soybean,Yellow,2026-07-27,3861.81,4626.01,4219.14,167.4
Maharashtra,Ahmednagar,Kopargaon,Wheat,Sharbati,2026-07-27,2454.31,3015.56,2645.86,176.0
Madhya Pradesh,Indore,Indore Mandi,Onion,Red,2026-07-27,2098.44,2500.59,2288.64,68.0
Madhya Pradesh,Indore,Indore Mandi,Tomato,Hybrid,2026-07-27,1926.41,2224.58,2032.8,109.8
Madhya Pradesh,Indore,Indore Mandi,Soybean,Yellow,2026-07-27,4159.28,5049.1,4602.71,143.1
Madhya Pradesh,Indore,Indore Mandi,Wheat,Sharbati,2026-07-27,2649.3,3043.31,2882.46,185.2
Maharashtra,Jalgaon,Jalgaon Main,Onion,Red,2026-07-27,1879.97,2138.7,2024.84,109.4
Maharashtra,Jalgaon,Jalgaon Main,Tomato,Hybrid,2026-07-27,1714.32,2003.54,1842.84,156.2
Maharashtra,Jalgaon,Jalgaon Main,Soybean,Yellow,2026-07-27,3908.39,4733.87,4296.82,136.7
Maharashtra,Jalgaon,Jalgaon Main,Wheat,Sharbati,2026-07-27,2371.59,2811.26,2633.66,96.4
Maharashtra,Nandurbar,Nandurbar APMC,Onion,Red,2026-07-27,1900.91,2255.02,2028.77,120.1
Maharashtra,Nandurbar,Nandurbar APMC,Tomato,Hybrid,2026-07-27,1616.27,2024.23,1780.79,88.9
Maharashtra,Nandurbar,Nandurbar APMC,Soybean,Yellow,2026-07-27,3973.99,4787.73,4250.74,94.2
Maharashtra,Nandurbar,Nandurbar APMC,Wheat,Sharbati,2026-07-27,2467.75,2889.99,2631.8,116.2
Maharashtra,Nashik,Lasalgaon,Onion,Red,2026-07-27,1856.15,2141.42,1958.77,138.5
Maharashtra,Nashik,Lasalgaon,Tomato,Hybrid,2026-07-27,1469.09,1820.86,1613.98,78.7
Maharashtra,Nashik,Lasalgaon,Soybean,Yellow,2026-07-27,3809.81,4490.11,4064.5,141.9
Maharashtra,Nashik,Lasalgaon,Wheat,Sharbati,2026-07-27,2297.18,2768.84,2549.77,126.1
Maharashtra,Nashik,Pimpalgaon,Onion,Red,2026-07-27,1823.13,2122.99,2001.75,50.9
Maharashtra,Nashik,Pimpalgaon,Tomato,Hybrid,2026-07-27,1728.28,2035.97,1877.84,117.3
Maharashtra,Nashik,Pimpalgaon,Soybean,Yellow,2026-07-27,3818.22,4750.78,4148.94,113.5
Maharashtra,Nashik,Pimpalgaon,Wheat,Sharbati,2026-07-27,2327.95,2836.89,2608.36,172.7
Maharashtra,Pune,Pune(Gultekdi),Onion,Red,2026-07-27,2052.52,2478.52,2222.85,141.0
Maharashtra,Pune,Pune(Gultekdi),Tomato,Hybrid,2026-07-27,1780.71,2187.75,1988.05,144.5
Maharashtra,Pune,Pune(Gultekdi),Soybean,Yellow,2026-07-27,4257.37,5088.05,4754.67,138.1
Maharashtra,Pune,Pune(Gultekdi),Wheat,Sharbati,2026-07-27,2614.95,3347.34,2929.98,85.7
Maharashtra,Solapur,Solapur Mandi,Onion,Red,2026-07-27,2065.5,2337.74,2176.83,108.2
Maharashtra,Solapur,Solapur Mandi,Tomato,Hybrid,2026-07-27,1779.56,2213.89,2000.04,127.4
Maharashtra,Solapur,Solapur Mandi,Soybean,Yellow,2026-07-27,3975.46,4791.37,4506.64,61.2
Maharashtra,Solapur,Solapur Mandi,Wheat,Sharbati,2026-07-27,2575.54,3170.08,2805.63,99.6
Madhya Pradesh,Ujjain,Ujjain APMC,Onion,Red,2026-07-27,1870.03,2253.37,2064.64,112.1
Madhya Pradesh,Ujjain,Ujjain APMC,Tomato,Hybrid,2026-07-27,1784.25,2071.08,1922.39,50.2
Madhya Pradesh,Ujjain,Ujjain APMC,Soybean,Yellow,2026-07-27,4070.8,4795.51,4507.81,92.9
Madhya Pradesh,Ujjain,Ujjain APMC,Wheat,Sharbati,2026-07-27,2605.81,3148.82,2780.43,124.3
Maharashtra,Ahmednagar,Kopargaon,Onion,Red,2026-07-28,1799.51,2239.64,2027.2,140.3
Maharashtra,Ahmednagar,Kopargaon,Tomato,Hybrid,2026-07-28,1732.57,1988.64,1878.1,154.1
Maharashtra,Ahmednagar,Kopargaon,Soybean,Yellow,2026-07-28,3888.78,4771.26,4225.34,141.1
Maharashtra,Ahmednagar,Kopargaon,Wheat,Sharbati,2026-07-28,2505.62,2834.93,2650.53,83.7
Madhya Pradesh,Indore,Indore Mandi,Onion,Red,2026-07-28,2021.66,2382.33,2178.11,156.4
Madhya Pradesh,Indore,Indore Mandi,Tomato,Hybrid,2026-07-28,1881.77,2177.79,2049.56,66.5
Madhya Pradesh,Indore,Indore Mandi,Soybean,Yellow,2026-07-28,4258.25,5303.67,4617.51,49.1
Madhya Pradesh,Indore,Indore Mandi,Wheat,Sharbati,2026-07-28,2641.12,3084.6,2896.44,159.1
Maharashtra,Jalgaon,Jalgaon Main,Onion,Red,2026-07-28,1884.32,2220.05,2022.64,89.0
Maharashtra,Jalgaon,Jalgaon Main,Tomato,Hybrid,2026-07-28,1630.12,2096.28,1847.95,104.9
Maharashtra,Jalgaon,Jalgaon Main,Soybean,Yellow,2026-07-28,3840.93,4810.85,4288.74,107.4
Maharashtra,Jalgaon,Jalgaon Main,Wheat,Sharbati,2026-07-28,2385.7,2953.95,2647.71,55.8
Maharashtra,Nandurbar,Nandurbar APMC,Onion,Red,2026-07-28,1755.61,2171.99,1924.67,63.5
Maharashtra,Nandurbar,Nandurbar APMC,Tomato,Hybrid,2026-07-28,1477.39,1902.6,1661.18,112.7
Maharashtra,Nandurbar,Nandurbar APMC,Soybean,Yellow,2026-07-28,3845.32,4592.36,4189.71,144.0
Maharashtra,Nandurbar,Nandurbar APMC,Wheat,Sharbati,2026-07-28,2334.55,2814.3,2612.92,146.4
Maharashtra,Nashik,Lasalgaon,Onion,Red,2026-07-28,1845.38,2077.08,1976.1,146.6
Maharashtra,Nashik,Lasalgaon,Tomato,Hybrid,2026-07-28,1544.03,1845.8,1706.6,101.7
Maharashtra,Nashik,Lasalgaon,Soybean,Yellow,2026-07-28,3642.93,4518.9,4066.63,118.0
Maharashtra,Nashik,Lasalgaon,Wheat,Sharbati,2026-07-28,2301.42,2795.04,2518.81,80.7
Maharashtra,Nashik,Pimpalgaon,Onion,Red,2026-07-28,1719.74,2099.53,1951.27,29.3
Maharashtra,Nashik,Pimpalgaon,Tomato,Hybrid,2026-07-28,1431.49,1731.88,1602.19,116.5
Maharashtra,Nashik,Pimpalgaon,Soybean,Yellow,2026-07-28,3761.01,4608.81,4114.21,115.9
Maharashtra,Nashik,Pimpalgaon,Wheat,Sharbati,2026-07-28,2344.85,2747.53,2602.94,63.7
Maharashtra,Pune,Pune(Gultekdi),Onion,Red,2026-07-28,2063.26,2409.69,2248.85,133.7
Maharashtra,Pune,Pune(Gultekdi),Tomato,Hybrid,2026-07-28,1831.31,2226.31,2009.93,132.7
Maharashtra,Pune,Pune(Gultekdi),Soybean,Yellow,2026-07-28,4325.12,5086.15,4804.49,121.3
Maharashtra,Pune,Pune(Gultekdi),Wheat,Sharbati,2026-07-28,2656.59,3297.63,2984.0,24.7
Maharashtra,Solapur,Solapur Mandi,Onion,Red,2026-07-28,1974.76,2446.72,2226.67,114.5
Maharashtra,Solapur,Solapur Mandi,Tomato,Hybrid,2026-07-28,1722.5,2100.42,1868.77,126.5
Maharashtra,Solapur,Solapur Mandi,Soybean,Yellow,2026-07-28,4041.85,4903.63,4544.06,86.2
Maharashtra,Solapur,Solapur Mandi,Wheat,Sharbati,2026-07-28,2526.01,2980.24,2792.18,110.4
Madhya Pradesh,Ujjain,Ujjain APMC,Onion,Red,2026-07-28,1919.34,2479.22,2174.42,102.9
Madhya Pradesh,Ujjain,Ujjain APMC,Tomato,Hybrid,2026-07-28,1620.37,1975.55,1810.58,92.3
Madhya Pradesh,Ujjain,Ujjain APMC,Soybean,Yellow,2026-07-28,4120.07,5069.92,4449.22,154.7
Madhya Pradesh,Ujjain,Ujjain APMC,Wheat,Sharbati,2026-07-28,2598.82,3127.32,2747.1,106.2
Maharashtra,Ahmednagar,Kopargaon,Onion,Red,2026-07-29,1764.54,2095.97,1993.86,126.5
Maharashtra,Ahmednagar,Kopargaon,Tomato,Hybrid,2026-07-29,1619.57,1886.87,1745.03,155.2
Maharashtra,Ahmednagar,Kopargaon,Soybean,Yellow,2026-07-29,3812.86,4639.32,4173.04,160.4
Maharashtra,Ahmednagar,Kopargaon,Wheat,Sharbati,2026-07-29,2424.44,2883.88,2645.59,116.4
Madhya Pradesh,Indore,Indore Mandi,Onion,Red,2026-07-29,2091.8,2464.24,2264.52,93.5
Madhya Pradesh,Indore,Indore Mandi,Tomato,Hybrid,2026-07-29,1839.17,2275.37,1993.3,79.6
Madhya Pradesh,Indore,Indore Mandi,Soybean,Yellow,2026-07-29,4119.72,4908.59,4619.36,80.8
Madhya Pradesh,Indore,Indore Mandi,Wheat,Sharbati,2026-07-29,2679.1,3123.37,2917.6,159.1
Maharashtra,Jalgaon,Jalgaon Main,Onion,Red,2026-07-29,1761.14,2092.08,1973.96,138.8
Maharashtra,Jalgaon,Jalgaon Main,Tomato,Hybrid,2026-07-29,1760.61,2037.38,1885.75,82.3
Maharashtra,Jalgaon,Jalgaon Main,Soybean,Yellow,2026-07-29,3840.4,4629.22,4244.2,174.4
Maharashtra,Jalgaon,Jalgaon Main,Wheat,Sharbati,2026-07-29,2513.33,3076.35,2702.82,151.8
Maharashtra,Nandurbar,Nandurbar APMC,Onion,Red,2026-07-29,1856.35,2173.55,2065.93,145.2
Maharashtra,Nandurbar,Nandurbar APMC,Tomato,Hybrid,2026-07-29,1560.56,1922.69,1712.56,151.5
Maharashtra,Nandurbar,Nandurbar APMC,Soybean,Yellow,2026-07-29,3877.92,4645.33,4224.12,40.4
Maharashtra,Nandurbar,Nandurbar APMC,Wheat,Sharbati,2026-07-29,2461.67,2842.24,2599.21,113.0
Maharashtra,Nashik,Lasalgaon,Onion,Red,2026-07-29,1909.02,2348.8,2061.23,98.8
Maharashtra,Nashik,Lasalgaon,Tomato,Hybrid,2026-07-29,1475.04,1773.78,1628.68,144.6
Maharashtra,Nashik,Lasalgaon,Soybean,Yellow,2026-07-29,3696.3,4513.56,4065.87,116.3
Maharashtra,Nashik,Lasalgaon,Wheat,Sharbati,2026-07-29,2266.8,2761.09,2530.61,90.1
Maharashtra,Nashik,Pimpalgaon,Onion,Red,2026-07-29,1815.24,2260.86,2051.89,174.7
Maharashtra,Nashik,Pimpalgaon,Tomato,Hybrid,2026-07-29,1496.56,1829.66,1691.48,145.6
Maharashtra,Nashik,Pimpalgaon,Soybean,Yellow,2026-07-29,3715.38,4657.52,4141.44,122.3
Maharashtra,Nashik,Pimpalgaon,Wheat,Sharbati,2026-07-29,2336.6,2769.56,2586.47,156.9
Maharashtra,Pune,Pune(Gultekdi),Onion,Red,2026-07-29,2102.21,2566.25,2295.35,96.3
Maharashtra,Pune,Pune(Gultekdi),Tomato,Hybrid,2026-07-29,1869.84,2272.82,2001.02,58.9
Maharashtra,Pune,Pune(Gultekdi),Soybean,Yellow,2026-07-29,4374.77,5174.75,4682.09,125.5
Maharashtra,Pune,Pune(Gultekdi),Wheat,Sharbati,2026-07-29,2720.01,3193.78,2979.97,162.4
Maharashtra,Solapur,Solapur Mandi,Onion,Red,2026-07-29,1864.08,2323.64,2060.94,86.0
Maharashtra,Solapur,Solapur Mandi,Tomato,Hybrid,2026-07-29,1671.81,2070.89,1898.3,108.2
Maharashtra,Solapur,Solapur Mandi,Soybean,Yellow,2026-07-29,4202.49,4884.92,4436.21,105.8
Maharashtra,Solapur,Solapur Mandi,Wheat,Sharbati,2026-07-29,2562.57,3027.74,2835.31,124.1
Madhya Pradesh,Ujjain,Ujjain APMC,Onion,Red,2026-07-29,1939.71,2369.26,2101.41,111.2
Madhya Pradesh,Ujjain,Ujjain APMC,Tomato,Hybrid,2026-07-29,1750.97,2051.16,1903.69,97.4
Madhya Pradesh,Ujjain,Ujjain APMC,Soybean,Yellow,2026-07-29,4121.68,4851.59,4450.27,143.2
Madhya Pradesh,Ujjain,Ujjain APMC,Wheat,Sharbati,2026-07-29,2565.18,3068.18,2792.16,141.7
Maharashtra,Ahmednagar,Kopargaon,Onion,Red,2026-07-30,1872.5,2125.14,1981.55,90.6
Maharashtra,Ahmednagar,Kopargaon,Tomato,Hybrid,2026-07-30,1443.73,1762.57,1607.6,121.7
Maharashtra,Ahmednagar,Kopargaon,Soybean,Yellow,2026-07-30,3747.57,4724.21,4181.48,97.5
Maharashtra,Ahmednagar,Kopargaon,Wheat,Sharbati,2026-07-30,2320.8,2983.47,2629.12,139.8
Madhya Pradesh,Indore,Indore Mandi,Onion,Red,2026-07-30,2034.79,2390.77,2181.25,129.9
Madhya Pradesh,Indore,Indore Mandi,Tomato,Hybrid,2026-07-30,1743.96,1995.58,1885.92,121.1
Madhya Pradesh,Indore,Indore Mandi,Soybean,Yellow,2026-07-30,4336.53,4851.75,4587.47,205.8
Madhya Pradesh,Indore,Indore Mandi,Wheat,Sharbati,2026-07-30,2712.91,3088.82,2883.12,95.9
Maharashtra,Jalgaon,Jalgaon Main,Onion,Red,2026-07-30,1894.57,2241.47,2011.04,110.3
Maharashtra,Jalgaon,Jalgaon Main,Tomato,Hybrid,2026-07-30,1618.79,2031.55,1823.01,143.8
Maharashtra,Jalgaon,Jalgaon Main,Soybean,Yellow,2026-07-30,3970.24,4794.69,4273.0,94.2
Maharashtra,Jalgaon,Jalgaon Main,Wheat,Sharbati,2026-07-30,2452.09,3060.84,2669.11,127.5
Maharashtra,Nandurbar,Nandurbar APMC,Onion,Red,2026-07-30,1912.76,2308.12,2034.21,99.6
Maharashtra,Nandurbar,Nandurbar APMC,Tomato,Hybrid,2026-07-30,1630.95,1931.65,1762.72,161.8
Maharashtra,Nandurbar,Nandurbar APMC,Soybean,Yellow,2026-07-30,3974.48,4596.57,4200.49,183.7
Maharashtra,Nandurbar,Nandurbar APMC,Wheat,Sharbati,2026-07-30,2366.11,2898.68,2608.35,161.9
Maharashtra,Nashik,Lasalgaon,Onion,Red,2026-07-30,1154.47,1376.56,1247.98,97.5
Maharashtra,Nashik,Lasalgaon,Tomato,Hybrid,2026-07-30,1410.48,1745.03,1532.21,108.9
Maharashtra,Nashik,Lasalgaon,Soybean,Yellow,2026-07-30,3781.86,4401.54,4049.79,145.4
Maharashtra,Nashik,Lasalgaon,Wheat,Sharbati,2026-07-30,2367.32,2821.41,2500.45,82.1
Maharashtra,Nashik,Pimpalgaon,Onion,Red,2026-07-30,1913.68,2239.67,2017.38,173.5
Maharashtra,Nashik,Pimpalgaon,Tomato,Hybrid,2026-07-30,1713.28,1972.81,1869.76,155.9
Maharashtra,Nashik,Pimpalgaon,Soybean,Yellow,2026-07-30,3701.53,4441.01,4117.53,129.7
Maharashtra,Nashik,Pimpalgaon,Wheat,Sharbati,2026-07-30,2305.6,2967.85,2585.58,194.1
Maharashtra,Pune,Pune(Gultekdi),Onion,Red,2026-07-30,1372.47,1634.45,1465.02,137.8
Maharashtra,Pune,Pune(Gultekdi),Tomato,Hybrid,2026-07-30,1782.51,2111.57,1976.8,64.6
Maharashtra,Pune,Pune(Gultekdi),Soybean,Yellow,2026-07-30,4208.35,5044.93,4770.12,104.5
Maharashtra,Pune,Pune(Gultekdi),Wheat,Sharbati,2026-07-30,2696.66,3353.7,2948.57,110.7
Maharashtra,Solapur,Solapur Mandi,Onion,Red,2026-07-30,1881.61,2295.91,2065.98,51.2
Maharashtra,Solapur,Solapur Mandi,Tomato,Hybrid,2026-07-30,1686.7,2143.15,1900.65,145.1
Maharashtra,Solapur,Solapur Mandi,Soybean,Yellow,2026-07-30,4071.94,4880.62,4474.4,120.5
Maharashtra,Solapur,Solapur Mandi,Wheat,Sharbati,2026-07-30,2582.12,3174.47,2806.01,156.1
Madhya Pradesh,Ujjain,Ujjain APMC,Onion,Red,2026-07-30,1996.94,2384.35,2137.25,145.7
Madhya Pradesh,Ujjain,Ujjain APMC,Tomato,Hybrid,2026-07-30,1580.49,1830.36,1721.33,100.9
Madhya Pradesh,Ujjain,Ujjain APMC,Soybean,Yellow,2026-07-30,4223.05,5003.47,4514.54,120.4
Madhya Pradesh,Ujjain,Ujjain APMC,Wheat,Sharbati,2026-07-30,2535.7,3025.67,2786.49,116.1
Maharashtra,Ahmednagar,Kopargaon,Onion,Red,2026-07-31,1806.73,2219.23,2005.63,211.1
Maharashtra,Ahmednagar,Kopargaon,Tomato,Hybrid,2026-07-31,1526.42,1849.83,1699.42,105.8
Maharashtra,Ahmednagar,Kopargaon,Soybean,Yellow,2026-07-31,3848.47,4768.51,4243.65,112.1
Maharashtra,Ahmednagar,Kopargaon,Wheat,Sharbati,2026-07-31,2358.4,2928.63,2621.07,91.3
Madhya Pradesh,Indore,Indore Mandi,Onion,Red,2026-07-31,2102.91,2434.79,2278.05,133.8
Madhya Pradesh,Indore,Indore Mandi,Tomato,Hybrid,2026-07-31,1867.3,2282.92,1989.57,153.0
Madhya Pradesh,Indore,Indore Mandi,Soybean,Yellow,2026-07-31,4247.66,5302.11,4644.91,156.7
Madhya Pradesh,Indore,Indore Mandi,Wheat,Sharbati,2026-07-31,2536.82,3080.36,2868.88,138.0
Maharashtra,Jalgaon,Jalgaon Main,Onion,Red,2026-07-31,1764.49,2153.23,2003.62,77.1
Maharashtra,Jalgaon,Jalgaon Main,Tomato,Hybrid,2026-07-31,1607.4,1991.09,1787.48,101.4
Maharashtra,Jalgaon,Jalgaon Main,Soybean,Yellow,2026-07-31,3719.42,4473.72,4220.28,167.9
Maharashtra,Jalgaon,Jalgaon Main,Wheat,Sharbati,2026-07-31,2476.12,2894.9,2682.37,113.5
Maharashtra,Nandurbar,Nandurbar APMC,Onion,Red,2026-07-31,1832.6,2095.74,1957.9,90.2
Maharashtra,Nandurbar,Nandurbar APMC,Tomato,Hybrid,2026-07-31,1568.24,1746.3,1659.25,86.3
Maharashtra,Nandurbar,Nandurbar APMC,Soybean,Yellow,2026-07-31,3832.63,4749.46,4242.3,118.6
Maharashtra,Nandurbar,Nandurbar APMC,Wheat,Sharbati,2026-07-31,2501.19,3005.54,2638.03,97.4
Maharashtra,Nashik,Lasalgaon,Onion,Red,2026-07-31,1106.9,1369.96,1240.34,134.0
Maharashtra,Nashik,Lasalgaon,Tomato,Hybrid,2026-07-31,1557.2,1852.41,1746.85,142.6
Maharashtra,Nashik,Lasalgaon,Soybean,Yellow,2026-07-31,3549.72,4360.2,4026.26,97.0
Maharashtra,Nashik,Lasalgaon,Wheat,Sharbati,2026-07-31,2347.57,2870.38,2540.0,24.1
Maharashtra,Nashik,Pimpalgaon,Onion,Red,2026-07-31,1790.72,2046.94,1910.62,163.3
Maharashtra,Nashik,Pimpalgaon,Tomato,Hybrid,2026-07-31,1358.49,1706.72,1530.75,191.5
Maharashtra,Nashik,Pimpalgaon,Soybean,Yellow,2026-07-31,3902.39,4415.47,4154.76,122.7
Maharashtra,Nashik,Pimpalgaon,Wheat,Sharbati,2026-07-31,2388.09,2821.49,2603.22,113.1
Maharashtra,Pune,Pune(Gultekdi),Onion,Red,2026-07-31,1356.01,1607.8,1456.05,120.7
Maharashtra,Pune,Pune(Gultekdi),Tomato,Hybrid,2026-07-31,1824.44,2088.49,1974.88,126.2
Maharashtra,Pune,Pune(Gultekdi),Soybean,Yellow,2026-07-31,4348.41,5104.03,4740.71,90.8
Maharashtra,Pune,Pune(Gultekdi),Wheat,Sharbati,2026-07-31,2744.5,3152.41,2986.19,152.4
Maharashtra,Solapur,Solapur Mandi,Onion,Red,2026-07-31,1997.77,2433.34,2160.83,133.3
Maharashtra,Solapur,Solapur Mandi,Tomato,Hybrid,2026-07-31,1750.19,2090.71,1864.98,140.5
Maharashtra,Solapur,Solapur Mandi,Soybean,Yellow,2026-07-31,4184.48,4850.73,4428.23,117.6
Maharashtra,Solapur,Solapur Mandi,Wheat,Sharbati,2026-07-31,2547.6,2977.24,2778.33,81.4
Madhya Pradesh,Ujjain,Ujjain APMC,Onion,Red,2026-07-31,1990.75,2276.16,2166.69,98.7
Madhya Pradesh,Ujjain,Ujjain APMC,Tomato,Hybrid,2026-07-31,1732.57,1990.06,1872.41,157.5
Madhya Pradesh,Ujjain,Ujjain APMC,Soybean,Yellow,2026-07-31,3851.54,4656.39,4308.42,97.5
Madhya Pradesh,Ujjain,Ujjain APMC,Wheat,Sharbati,2026-07-31,2587.51,3007.85,2801.23,101.8
Maharashtra,Ahmednagar,Kopargaon,Onion,Red,2026-08-01,1961.94,2310.3,2082.66,106.0
Maharashtra,Ahmednagar,Kopargaon,Tomato,Hybrid,2026-08-01,1547.61,2007.08,1749.46,51.8
Maharashtra,Ahmednagar,Kopargaon,Soybean,Yellow,2026-08-01,3972.04,4471.22,4240.23,170.3
Maharashtra,Ahmednagar,Kopargaon,Wheat,Sharbati,2026-08-01,2471.28,2885.69,2618.97,118.8
Madhya Pradesh,Indore,Indore Mandi,Onion,Red,2026-08-01,2074.83,2506.17,2257.1,190.2
Madhya Pradesh,Indore,Indore Mandi,Tomato,Hybrid,2026-08-01,1556.85,1964.24,1758.38,41.9
Madhya Pradesh,Indore,Indore Mandi,Soybean,Yellow,2026-08-01,4297.5,4890.08,4618.46,115.9
Madhya Pradesh,Indore,Indore Mandi,Wheat,Sharbati,2026-08-01,2636.16,3192.71,2866.68,106.3
Maharashtra,Jalgaon,Jalgaon Main,Onion,Red,2026-08-01,1785.23,2021.27,1908.12,164.2
Maharashtra,Jalgaon,Jalgaon Main,Tomato,Hybrid,2026-08-01,1655.51,1992.21,1841.97,153.1
Maharashtra,Jalgaon,Jalgaon Main,Soybean,Yellow,2026-08-01,3939.36,4626.71,4252.06,51.9
Maharashtra,Jalgaon,Jalgaon Main,Wheat,Sharbati,2026-08-01,2509.44,2783.39,2646.52,115.6
Maharashtra,Nandurbar,Nandurbar APMC,Onion,Red,2026-08-01,1780.84,2034.06,1925.31,209.5
Maharashtra,Nandurbar,Nandurbar APMC,Tomato,Hybrid,2026-08-01,1534.33,1928.84,1738.06,90.4
Maharashtra,Nandurbar,Nandurbar APMC,Soybean,Yellow,2026-08-01,3707.96,4547.3,4118.49,163.5
Maharashtra,Nandurbar,Nandurbar APMC,Wheat,Sharbati,2026-08-01,2287.49,2906.2,2597.34,137.7
Maharashtra,Nashik,Lasalgaon,Onion,Red,2026-08-01,1150.52,1298.77,1232.78,92.5
Maharashtra,Nashik,Lasalgaon,Tomato,Hybrid,2026-08-01,1455.15,1790.48,1648.34,149.6
Maharashtra,Nashik,Lasalgaon,Soybean,Yellow,2026-08-01,3615.87,4353.3,4029.28,105.3
Maharashtra,Nashik,Lasalgaon,Wheat,Sharbati,2026-08-01,2374.65,2742.78,2534.17,120.2
Maharashtra,Nashik,Pimpalgaon,Onion,Red,2026-08-01,1872.07,2148.28,1976.71,88.9
Maharashtra,Nashik,Pimpalgaon,Tomato,Hybrid,2026-08-01,1581.98,1830.6,1734.33,150.7
Maharashtra,Nashik,Pimpalgaon,Soybean,Yellow,2026-08-01,3662.49,4356.44,4083.25,159.3
Maharashtra,Nashik,Pimpalgaon,Wheat,Sharbati,2026-08-01,2306.71,2844.82,2583.5,93.1
Maharashtra,Pune,Pune(Gultekdi),Onion,Red,2026-08-01,1304.47,1646.39,1447.17,104.7
Maharashtra,Pune,Pune(Gultekdi),Tomato,Hybrid,2026-08-01,1763.97,2079.64,1866.64,32.6
Maharashtra,Pune,Pune(Gultekdi),Soybean,Yellow,2026-08-01,4290.76,5179.87,4706.01,131.9
Maharashtra,Pune,Pune(Gultekdi),Wheat,Sharbati,2026-08-01,2809.91,3120.17,2969.86,110.8
Maharashtra,Solapur,Solapur Mandi,Onion,Red,2026-08-01,1873.76,2119.16,2017.63,58.4
Maharashtra,Solapur,Solapur Mandi,Tomato,Hybrid,2026-08-01,1639.26,2025.82,1811.6,42.4
Maharashtra,Solapur,Solapur Mandi,Soybean,Yellow,2026-08-01,3934.61,4768.61,4419.81,86.0
Maharashtra,Solapur,Solapur Mandi,Wheat,Sharbati,2026-08-01,2603.27,3187.17,2803.73,114.5
Madhya Pradesh,Ujjain,Ujjain APMC,Onion,Red,2026-08-01,1926.82,2427.59,2143.56,140.7
Madhya Pradesh,Ujjain,Ujjain APMC,Tomato,Hybrid,2026-08-01,1617.45,2016.51,1778.41,144.4
Madhya Pradesh,Ujjain,Ujjain APMC,Soybean,Yellow,2026-08-01,4094.37,5022.88,4437.06,144.8
Madhya Pradesh,Ujjain,Ujjain APMC,Wheat,Sharbati,2026-08-01,2603.97,3062.41,2749.33,140.0
Maharashtra,Ahmednagar,Kopargaon,Onion,Red,2026-08-02,1705.12,2062.73,1924.08,54.7
Maharashtra,Ahmednagar,Kopargaon,Tomato,Hybrid,2026-08-02,1563.68,1871.42,1750.92,172.4
Maharashtra,Ahmednagar,Kopargaon,Soybean,Yellow,2026-08-02,3935.42,4611.09,4189.93,59.2
Maharashtra,Ahmednagar,Kopargaon,Wheat,Sharbati,2026-08-02,2354.28,2836.61,2611.96,93.7
Madhya Pradesh,Indore,Indore Mandi,Onion,Red,2026-08-02,2022.07,2459.84,2264.58,174.0
Madhya Pradesh,Indore,Indore Mandi,Tomato,Hybrid,2026-08-02,1831.0,2195.68,1964.77,184.7
Madhya Pradesh,Indore,Indore Mandi,Soybean,Yellow,2026-08-02,4223.72,5123.51,4564.22,161.3
Madhya Pradesh,Indore,Indore Mandi,Wheat,Sharbati,2026-08-02,2594.57,3215.76,2907.42,86.2
Maharashtra,Jalgaon,Jalgaon Main,Onion,Red,2026-08-02,1780.77,2173.76,1926.13,184.9
Maharashtra,Jalgaon,Jalgaon Main,Tomato,Hybrid,2026-08-02,1650.27,1983.09,1827.8,130.1
Maharashtra,Jalgaon,Jalgaon Main,Soybean,Yellow,2026-08-02,3789.15,4575.39,4217.0,84.4
Maharashtra,Jalgaon,Jalgaon Main,Wheat,Sharbati,2026-08-02,2407.08,2949.63,2603.91,175.1
Maharashtra,Nandurbar,Nandurbar APMC,Onion,Red,2026-08-02,1814.68,2103.86,1933.01,86.4
Maharashtra,Nandurbar,Nandurbar APMC,Tomato,Hybrid,2026-08-02,1393.9,1775.87,1580.63,143.2
Maharashtra,Nandurbar,Nandurbar APMC,Soybean,Yellow,2026-08-02,3778.12,4358.38,4111.71,169.7
Maharashtra,Nandurbar,Nandurbar APMC,Wheat,Sharbati,2026-08-02,2494.23,2987.45,2634.52,85.8
Maharashtra,Nashik,Lasalgaon,Onion,Red,2026-08-02,1121.03,1296.04,1225.33,114.0
Maharashtra,Nashik,Lasalgaon,Tomato,Hybrid,2026-08-02,1486.07,1729.9,1617.86,137.5
Maharashtra,Nashik,Lasalgaon,Soybean,Yellow,2026-08-02,3628.32,4377.25,3961.73,103.4
Maharashtra,Nashik,Lasalgaon,Wheat,Sharbati,2026-08-02,2288.06,2888.94,2517.12,161.6
Maharashtra,Nashik,Pimpalgaon,Onion,Red,2026-08-02,1775.37,2128.24,1898.91,123.1
Maharashtra,Nashik,Pimpalgaon,Tomato,Hybrid,2026-08-02,1519.94,1951.72,1720.53,143.8
Maharashtra,Nashik,Pimpalgaon,Soybean,Yellow,2026-08-02,3973.82,4787.62,4198.84,168.8
Maharashtra,Nashik,Pimpalgaon,Wheat,Sharbati,2026-08-02,2451.92,2894.28,2589.88,128.2
Maharashtra,Pune,Pune(Gultekdi),Onion,Red,2026-08-02,1310.14,1531.56,1438.43,171.7
Maharashtra,Pune,Pune(Gultekdi),Tomato,Hybrid,2026-08-02,1638.13,1889.46,1783.96,93.4
Maharashtra,Pune,Pune(Gultekdi),Soybean,Yellow,2026-08-02,4470.03,5007.78,4724.99,130.5
Maharashtra,Pune,Pune(Gultekdi),Wheat,Sharbati,2026-08-02,2604.08,3156.53,2949.79,120.3
Maharashtra,Solapur,Solapur Mandi,Onion,Red,2026-08-02,2071.55,2493.38,2180.84,142.1
Maharashtra,Solapur,Solapur Mandi,Tomato,Hybrid,2026-08-02,1681.61,2013.02,1908.26,130.4
Maharashtra,Solapur,Solapur Mandi,Soybean,Yellow,2026-08-02,3976.11,4974.97,4429.37,134.4
Maharashtra,Solapur,Solapur Mandi,Wheat,Sharbati,2026-08-02,2445.88,3095.27,2770.08,113.9
Madhya Pradesh,Ujjain,Ujjain APMC,Onion,Red,2026-08-02,1872.08,2377.36,2077.99,58.1
Madhya Pradesh,Ujjain,Ujjain APMC,Tomato,Hybrid,2026-08-02,1564.93,1871.57,1760.67,79.5
Madhya Pradesh,Ujjain,Ujjain APMC,Soybean,Yellow,2026-08-02,4082.05,4832.62,4421.94,111.9
Madhya Pradesh,Ujjain,Ujjain APMC,Wheat,Sharbati,2026-08-02,2608.62,3011.12,2760.64,133.5
Maharashtra,Ahmednagar,Kopargaon,Onion,Red,2026-08-03,1770.92,2041.19,1919.25,136.4
Maharashtra,Ahmednagar,Kopargaon,Tomato,Hybrid,2026-08-03,1540.44,1801.25,1665.64,146.5
Maharashtra,Ahmednagar,Kopargaon,Soybean,Yellow,2026-08-03,3864.35,4601.93,4167.85,53.2
Maharashtra,Ahmednagar,Kopargaon,Wheat,Sharbati,2026-08-03,2384.03,2982.43,2624.83,141.0
Madhya Pradesh,Indore,Indore Mandi,Onion,Red,2026-08-03,1971.06,2448.32,2228.26,110.5
Madhya Pradesh,Indore,Indore Mandi,Tomato,Hybrid,2026-08-03,1693.36,2013.36,1889.28,86.5
Madhya Pradesh,Indore,Indore Mandi,Soybean,Yellow,2026-08-03,4288.48,5104.7,4563.16,131.0
Madhya Pradesh,Indore,Indore Mandi,Wheat,Sharbati,2026-08-03,2664.66,3128.03,2869.4,117.7
Maharashtra,Jalgaon,Jalgaon Main,Onion,Red,2026-08-03,1769.46,2116.88,1969.74,112.9
Maharashtra,Jalgaon,Jalgaon Main,Tomato,Hybrid,2026-08-03,1619.4,1837.49,1715.4,64.2
Maharashtra,Jalgaon,Jalgaon Main,Soybean,Yellow,2026-08-03,3933.8,4826.5,4250.07,133.9
Maharashtra,Jalgaon,Jalgaon Main,Wheat,Sharbati,2026-08-03,2494.66,3041.27,2657.41,157.3
Maharashtra,Nandurbar,Nandurbar APMC,Onion,Red,2026-08-03,1727.44,2163.41,1921.43,132.9
Maharashtra,Nandurbar,Nandurbar APMC,Tomato,Hybrid,2026-08-03,1568.45,1956.06,1714.07,99.8
Maharashtra,Nandurbar,Nandurbar APMC,Soybean,Yellow,2026-08-03,3885.42,4417.11,4127.5,92.1
Maharashtra,Nandurbar,Nandurbar APMC,Wheat,Sharbati,2026-08-03,2355.08,2886.73,2577.01,101.4
Maharashtra,Nashik,Lasalgaon,Onion,Red,2026-08-03,1093.98,1331.28,1218.04,138.0
Maharashtra,Nashik,Lasalgaon,Tomato,Hybrid,2026-08-03,1604.07,1884.18,1693.14,134.6
Maharashtra,Nashik,Lasalgaon,Soybean,Yellow,2026-08-03,3595.48,4499.99,3978.89,143.2
Maharashtra,Nashik,Lasalgaon,Wheat,Sharbati,2026-08-03,2259.4,2646.41,2512.62,101.7
Maharashtra,Nashik,Pimpalgaon,Onion,Red,2026-08-03,1717.15,2067.75,1882.69,119.0
Maharashtra,Nashik,Pimpalgaon,Tomato,Hybrid,2026-08-03,1559.47,1905.5,1689.05,164.9
Maharashtra,Nashik,Pimpalgaon,Soybean,Yellow,2026-08-03,3769.19,4641.32,4137.95,146.7
Maharashtra,Nashik,Pimpalgaon,Wheat,Sharbati,2026-08-03,2389.81,2755.18,2553.88,148.4
Maharashtra,Pune,Pune(Gultekdi),Onion,Red,2026-08-03,1302.02,1605.68,1429.88,182.0
Maharashtra,Pune,Pune(Gultekdi),Tomato,Hybrid,2026-08-03,1746.82,2222.72,1976.19,138.0
Maharashtra,Pune,Pune(Gultekdi),Soybean,Yellow,2026-08-03,4302.65,5342.2,4655.1,102.3
Maharashtra,Pune,Pune(Gultekdi),Wheat,Sharbati,2026-08-03,2742.0,3286.86,2971.72,61.6
Maharashtra,Solapur,Solapur Mandi,Onion,Red,2026-08-03,2010.93,2244.38,2123.56,162.9
Maharashtra,Solapur,Solapur Mandi,Tomato,Hybrid,2026-08-03,1596.48,1832.95,1716.91,130.0
Maharashtra,Solapur,Solapur Mandi,Soybean,Yellow,2026-08-03,3946.21,5132.47,4463.63,141.3
Maharashtra,Solapur,Solapur Mandi,Wheat,Sharbati,2026-08-03,2638.17,3100.85,2787.18,74.0
Madhya Pradesh,Ujjain,Ujjain APMC,Onion,Red,2026-08-03,1728.84,2179.39,1911.77,150.9
Madhya Pradesh,Ujjain,Ujjain APMC,Tomato,Hybrid,2026-08-03,1728.59,2003.04,1853.04,178.7
Madhya Pradesh,Ujjain,Ujjain APMC,Soybean,Yellow,2026-08-03,4049.14,4761.82,4452.8,122.7
Madhya Pradesh,Ujjain,Ujjain APMC,Wheat,Sharbati,2026-08-03,2448.85,2912.16,2745.69,80.5
Maharashtra,Ahmednagar,Kopargaon,Onion,Red,2026-08-04,1780.27,2203.83,1991.65,76.1
Maharashtra,Ahmednagar,Kopargaon,Tomato,Hybrid,2026-08-04,1549.76,1992.93,1737.77,129.3
Maharashtra,Ahmednagar,Kopargaon,Soybean,Yellow,2026-08-04,3665.11,4494.12,4160.97,144.5
Maharashtra,Ahmednagar,Kopargaon,Wheat,Sharbati,2026-08-04,2321.29,2864.06,2618.82,66.6
Madhya Pradesh,Indore,Indore Mandi,Onion,Red,2026-08-04,1961.71,2261.13,2136.83,107.2
Madhya Pradesh,Indore,Indore Mandi,Tomato,Hybrid,2026-08-04,1671.57,1981.94,1870.18,88.6
Madhya Pradesh,Indore,Indore Mandi,Soybean,Yellow,2026-08-04,4174.8,4805.34,4566.7,111.3
Madhya Pradesh,Indore,Indore Mandi,Wheat,Sharbati,2026-08-04,2622.01,3100.01,2840.93,138.8
Maharashtra,Jalgaon,Jalgaon Main,Onion,Red,2026-08-04,1804.07,2123.93,1920.16,91.6
Maharashtra,Jalgaon,Jalgaon Main,Tomato,Hybrid,2026-08-04,1471.05,1766.21,1659.37,87.3
Maharashtra,Jalgaon,Jalgaon Main,Soybean,Yellow,2026-08-04,3841.38,4652.15,4210.42,134.0
Maharashtra,Jalgaon,Jalgaon Main,Wheat,Sharbati,2026-08-04,2331.95,2913.28,2636.02,124.3
Maharashtra,Nandurbar,Nandurbar APMC,Onion,Red,2026-08-04,1751.41,2090.57,1862.79,122.2
Maharashtra,Nandurbar,Nandurbar APMC,Tomato,Hybrid,2026-08-04,1548.64,1761.23,1655.08,88.1
Maharashtra,Nandurbar,Nandurbar APMC,Soybean,Yellow,2026-08-04,3774.3,4375.33,4163.77,88.1
Maharashtra,Nandurbar,Nandurbar APMC,Wheat,Sharbati,2026-08-04,2410.11,2775.85,2593.65,76.5
Maharashtra,Nashik,Lasalgaon,Onion,Red,2026-08-04,1067.48,1351.87,1210.94,122.3
Maharashtra,Nashik,Lasalgaon,Tomato,Hybrid,2026-08-04,1378.74,1568.12,1453.01,78.2
Maharashtra,Nashik,Lasalgaon,Soybean,Yellow,2026-08-04,3672.22,4526.48,4003.76,55.7
Maharashtra,Nashik,Lasalgaon,Wheat,Sharbati,2026-08-04,2234.04,2698.17,2497.98,49.9
Maharashtra,Nashik,Pimpalgaon,Onion,Red,2026-08-04,1829.17,2041.28,1934.45,65.3
Maharashtra,Nashik,Pimpalgaon,Tomato,Hybrid,2026-08-04,1451.88,1697.74,1578.95,72.7
Maharashtra,Nashik,Pimpalgaon,Soybean,Yellow,2026-08-04,3836.06,4388.17,4104.25,167.8
Maharashtra,Nashik,Pimpalgaon,Wheat,Sharbati,2026-08-04,2393.37,2865.97,2573.85,96.4
Maharashtra,Pune,Pune(Gultekdi),Onion,Red,2026-08-04,1323.68,1632.11,1421.54,101.5
Maharashtra,Pune,Pune(Gultekdi),Tomato,Hybrid,2026-08-04,1772.93,1994.17,1880.68,133.3
Maharashtra,Pune,Pune(Gultekdi),Soybean,Yellow,2026-08-04,4358.82,5120.46,4693.6,113.6
Maharashtra,Pune,Pune(Gultekdi),Wheat,Sharbati,2026-08-04,2804.38,3157.92,2958.62,112.5
Maharashtra,Solapur,Solapur Mandi,Onion,Red,2026-08-04,1931.44,2271.32,2093.48,118.8
Maharashtra,Solapur,Solapur Mandi,Tomato,Hybrid,2026-08-04,1707.01,1988.24,1840.69,117.6
Maharashtra,Solapur,Solapur Mandi,Soybean,Yellow,2026-08-04,4001.87,4962.46,4361.99,161.3
Maharashtra,Solapur,Solapur Mandi,Wheat,Sharbati,2026-08-04,2522.88,3084.57,2793.38,210.0
Madhya Pradesh,Ujjain,Ujjain APMC,Onion,Red,2026-08-04,1766.19,2267.29,1980.91,17.8
Madhya Pradesh,Ujjain,Ujjain APMC,Tomato,Hybrid,2026-08-04,1608.5,1917.42,1737.22,157.6
Madhya Pradesh,Ujjain,Ujjain APMC,Soybean,Yellow,2026-08-04,3996.77,4696.38,4348.13,156.0
Madhya Pradesh,Ujjain,Ujjain APMC,Wheat,Sharbati,2026-08-04,2429.86,3072.49,2736.76,112.2
Maharashtra,Ahmednagar,Kopargaon,Onion,Red,2026-08-05,1688.74,2051.47,1894.21,92.0
Maharashtra,Ahmednagar,Kopargaon,Tomato,Hybrid,2026-08-05,1533.49,1949.18,1727.89,97.7
Maharashtra,Ahmednagar,Kopargaon,Soybean,Yellow,2026-08-05,3766.85,4526.07,4108.09,142.1
Maharashtra,Ahmednagar,Kopargaon,Wheat,Sharbati,2026-08-05,2365.11,2785.04,2605.62,115.3
Madhya Pradesh,Indore,Indore Mandi,Onion,Red,2026-08-05,1998.94,2319.81,2132.1,93.7
Madhya Pradesh,Indore,Indore Mandi,Tomato,Hybrid,2026-08-05,1719.02,2086.85,1859.76,111.9
Madhya Pradesh,Indore,Indore Mandi,Soybean,Yellow,2026-08-05,4204.57,4846.89,4517.21,83.2
Madhya Pradesh,Indore,Indore Mandi,Wheat,Sharbati,2026-08-05,2614.04,3241.27,2855.96,117.2
Maharashtra,Jalgaon,Jalgaon Main,Onion,Red,2026-08-05,1836.78,2181.8,1935.59,65.3
Maharashtra,Jalgaon,Jalgaon Main,Tomato,Hybrid,2026-08-05,1449.53,1776.08,1553.04,99.1
Maharashtra,Jalgaon,Jalgaon Main,Soybean,Yellow,2026-08-05,3862.37,4806.88,4243.11,103.1
Maharashtra,Jalgaon,Jalgaon Main,Wheat,Sharbati,2026-08-05,2382.84,2989.8,2661.33,107.4
Maharashtra,Nandurbar,Nandurbar APMC,Onion,Red,2026-08-05,1804.05,2161.97,1965.82,117.3
Maharashtra,Nandurbar,Nandurbar APMC,Tomato,Hybrid,2026-08-05,1510.42,1778.0,1682.55,140.5
Maharashtra,Nandurbar,Nandurbar APMC,Soybean,Yellow,2026-08-05,3815.64,4431.61,4106.9,136.6
Maharashtra,Nandurbar,Nandurbar APMC,Wheat,Sharbati,2026-08-05,2320.22,2825.68,2575.7,172.4
Maharashtra,Nashik,Lasalgaon,Onion,Red,2026-08-05,1713.98,2049.91,1878.62,151.6
Maharashtra,Nashik,Lasalgaon,Tomato,Hybrid,2026-08-05,1562.54,1820.59,1691.04,160.1
Maharashtra,Nashik,Lasalgaon,Soybean,Yellow,2026-08-05,3568.81,4393.94,3981.89,79.0
Maharashtra,Nashik,Lasalgaon,Wheat,Sharbati,2026-08-05,2331.17,2822.63,2506.34,140.1
Maharashtra,Nashik,Pimpalgaon,Onion,Red,2026-08-05,1706.67,2125.24,1929.84,192.0
Maharashtra,Nashik,Pimpalgaon,Tomato,Hybrid,2026-08-05,1539.25,1808.07,1633.38,100.7
Maharashtra,Nashik,Pimpalgaon,Soybean,Yellow,2026-08-05,3638.36,4561.53,4083.38,70.2
Maharashtra,Nashik,Pimpalgaon,Wheat,Sharbati,2026-08-05,2411.52,2718.01,2554.46,114.9
Maharashtra,Pune,Pune(Gultekdi),Onion,Red,2026-08-05,1911.85,2441.91,2163.61,168.1
Maharashtra,Pune,Pune(Gultekdi),Tomato,Hybrid,2026-08-05,1779.1,2202.76,1918.79,89.3
Maharashtra,Pune,Pune(Gultekdi),Soybean,Yellow,2026-08-05,4264.06,4938.37,4671.68,130.3
Maharashtra,Pune,Pune(Gultekdi),Wheat,Sharbati,2026-08-05,2741.13,3164.71,2985.84,153.2
Maharashtra,Solapur,Solapur Mandi,Onion,Red,2026-08-05,1843.35,2345.12,2061.13,176.9
Maharashtra,Solapur,Solapur Mandi,Tomato,Hybrid,2026-08-05,1626.77,1924.03,1760.3,146.8
Maharashtra,Solapur,Solapur Mandi,Soybean,Yellow,2026-08-05,4081.79,4832.52,4432.83,147.6
Maharashtra,Solapur,Solapur Mandi,Wheat,Sharbati,2026-08-05,2579.14,3074.51,2811.82,140.3
Madhya Pradesh,Ujjain,Ujjain APMC,Onion,Red,2026-08-05,1836.59,2304.23,2040.43,69.7
Madhya Pradesh,Ujjain,Ujjain APMC,Tomato,Hybrid,2026-08-05,1609.38,1984.49,1824.76,86.2
Madhya Pradesh,Ujjain,Ujjain APMC,Soybean,Yellow,2026-08-05,3983.04,4598.58,4361.09,72.8
Madhya Pradesh,Ujjain,Ujjain APMC,Wheat,Sharbati,2026-08-05,2425.1,3032.8,2739.95,156.6
Maharashtra,Ahmednagar,Kopargaon,Onion,Red,2026-08-06,1698.53,2167.44,1902.27,105.9
Maharashtra,Ahmednagar,Kopargaon,Tomato,Hybrid,2026-08-06,1632.58,1966.82,1722.89,77.0
Maharashtra,Ahmednagar,Kopargaon,Soybean,Yellow,2026-08-06,3895.5,4762.56,4157.76,180.6
Maharashtra,Ahmednagar,Kopargaon,Wheat,Sharbati,2026-08-06,2341.62,2986.35,2629.91,133.9
Madhya Pradesh,Indore,Indore Mandi,Onion,Red,2026-08-06,2022.42,2476.04,2173.82,210.6
Madhya Pradesh,Indore,Indore Mandi,Tomato,Hybrid,2026-08-06,1539.18,1982.74,1726.2,183.7
Madhya Pradesh,Indore,Indore Mandi,Soybean,Yellow,2026-08-06,4338.39,5117.91,4600.88,136.1
Madhya Pradesh,Indore,Indore Mandi,Wheat,Sharbati,2026-08-06,2603.16,3068.21,2858.38,126.3
Maharashtra,Jalgaon,Jalgaon Main,Onion,Red,2026-08-06,1842.17,2122.24,1943.84,169.4
Maharashtra,Jalgaon,Jalgaon Main,Tomato,Hybrid,2026-08-06,1466.75,1846.2,1631.5,109.5
Maharashtra,Jalgaon,Jalgaon Main,Soybean,Yellow,2026-08-06,3962.08,4747.74,4195.9,130.3
Maharashtra,Jalgaon,Jalgaon Main,Wheat,Sharbati,2026-08-06,2376.76,2942.18,2635.16,102.4
Maharashtra,Nandurbar,Nandurbar APMC,Onion,Red,2026-08-06,1731.46,2009.12,1838.59,135.0
Maharashtra,Nandurbar,Nandurbar APMC,Tomato,Hybrid,2026-08-06,1433.19,1820.34,1585.47,112.2
Maharashtra,Nandurbar,Nandurbar APMC,Soybean,Yellow,2026-08-06,3636.55,4419.94,4095.87,109.1
Maharashtra,Nandurbar,Nandurbar APMC,Wheat,Sharbati,2026-08-06,2341.27,2954.48,2573.16,156.0
Maharashtra,Nashik,Lasalgaon,Onion,Red,2026-08-06,1829.28,2129.79,1954.66,157.8
Maharashtra,Nashik,Lasalgaon,Tomato,Hybrid,2026-08-06,1419.93,1625.72,1514.41,132.6
Maharashtra,Nashik,Lasalgaon,Soybean,Yellow,2026-08-06,3591.76,4384.79,3940.94,79.7
Maharashtra,Nashik,Lasalgaon,Wheat,Sharbati,2026-08-06,2396.32,2777.57,2523.19,126.8
Maharashtra,Nashik,Pimpalgaon,Onion,Red,2026-08-06,1680.87,2111.97,1886.38,149.8
Maharashtra,Nashik,Pimpalgaon,Tomato,Hybrid,2026-08-06,1423.25,1637.92,1544.12,180.2
Maharashtra,Nashik,Pimpalgaon,Soybean,Yellow,2026-08-06,3818.88,4369.14,4061.95,107.1
Maharashtra,Nashik,Pimpalgaon,Wheat,Sharbati,2026-08-06,2229.91,2788.63,2533.02,101.5
Maharashtra,Pune,Pune(Gultekdi),Onion,Red,2026-08-06,1996.6,2422.71,2124.04,156.0
Maharashtra,Pune,Pune(Gultekdi),Tomato,Hybrid,2026-08-06,1829.34,2062.71,1925.71,100.0
Maharashtra,Pune,Pune(Gultekdi),Soybean,Yellow,2026-08-06,4372.43,5116.96,4719.7,109.3
Maharashtra,Pune,Pune(Gultekdi),Wheat,Sharbati,2026-08-06,2709.65,3379.65,2960.33,127.6
Maharashtra,Solapur,Solapur Mandi,Onion,Red,2026-08-06,1808.17,2206.61,1985.2,134.8
Maharashtra,Solapur,Solapur Mandi,Tomato,Hybrid,2026-08-06,1664.74,2148.05,1871.54,120.5
Maharashtra,Solapur,Solapur Mandi,Soybean,Yellow,2026-08-06,3953.04,4847.3,4331.85,126.8
Maharashtra,Solapur,Solapur Mandi,Wheat,Sharbati,2026-08-06,2458.99,3145.43,2752.75,137.7
Madhya Pradesh,Ujjain,Ujjain APMC,Onion,Red,2026-08-06,1816.74,2310.42,2034.15,107.6
Madhya Pradesh,Ujjain,Ujjain APMC,Tomato,Hybrid,2026-08-06,1506.88,1797.66,1702.87,149.1
Madhya Pradesh,Ujjain,Ujjain APMC,Soybean,Yellow,2026-08-06,3996.9,4605.09,4367.75,92.9
Madhya Pradesh,Ujjain,Ujjain APMC,Wheat,Sharbati,2026-08-06,2465.02,2990.95,2776.99,96.9
Maharashtra,Ahmednagar,Kopargaon,Onion,Red,2026-08-07,1740.98,2107.88,1962.67,139.1
Maharashtra,Ahmednagar,Kopargaon,Tomato,Hybrid,2026-08-07,1602.42,1851.66,1687.23,44.0
Maharashtra,Ahmednagar,Kopargaon,Soybean,Yellow,2026-08-07,3658.33,4585.94,4128.13,41.5
Maharashtra,Ahmednagar,Kopargaon,Wheat,Sharbati,2026-08-07,2370.6,2799.45,2623.72,161.5
Madhya Pradesh,Indore,Indore Mandi,Onion,Red,2026-08-07,1875.35,2135.87,2020.76,161.6
Madhya Pradesh,Indore,Indore Mandi,Tomato,Hybrid,2026-08-07,1588.06,1994.12,1774.75,137.1
Madhya Pradesh,Indore,Indore Mandi,Soybean,Yellow,2026-08-07,4335.02,5120.85,4583.75,64.5
Madhya Pradesh,Indore,Indore Mandi,Wheat,Sharbati,2026-08-07,2625.82,3178.06,2833.28,160.5
Maharashtra,Jalgaon,Jalgaon Main,Onion,Red,2026-08-07,1814.02,2274.16,2005.18,173.2
Maharashtra,Jalgaon,Jalgaon Main,Tomato,Hybrid,2026-08-07,1519.25,1833.38,1647.24,152.8
Maharashtra,Jalgaon,Jalgaon Main,Soybean,Yellow,2026-08-07,3885.66,4496.65,4206.79,103.7
Maharashtra,Jalgaon,Jalgaon Main,Wheat,Sharbati,2026-08-07,2332.95,2806.87,2607.22,85.4
Maharashtra,Nandurbar,Nandurbar APMC,Onion,Red,2026-08-07,1771.63,2036.57,1916.54,119.2
Maharashtra,Nandurbar,Nandurbar APMC,Tomato,Hybrid,2026-08-07,1371.7,1627.17,1547.23,111.1
Maharashtra,Nandurbar,Nandurbar APMC,Soybean,Yellow,2026-08-07,3835.94,4557.43,4182.86,111.3
Maharashtra,Nandurbar,Nandurbar APMC,Wheat,Sharbati,2026-08-07,2270.75,2749.52,2572.91,95.2
Maharashtra,Nashik,Lasalgaon,Onion,Red,2026-08-07,1713.16,1992.73,1842.67,166.1
Maharashtra,Nashik,Lasalgaon,Tomato,Hybrid,2026-08-07,1505.79,1752.23,1593.41,85.5
Maharashtra,Nashik,Lasalgaon,Soybean,Yellow,2026-08-07,3645.05,4319.2,3939.34,102.5
Maharashtra,Nashik,Lasalgaon,Wheat,Sharbati,2026-08-07,2340.22,2626.02,2495.11,99.6
Maharashtra,Nashik,Pimpalgaon,Onion,Red,2026-08-07,1779.98,2118.81,1951.42,115.9
Maharashtra,Nashik,Pimpalgaon,Tomato,Hybrid,2026-08-07,1485.39,1794.72,1597.88,161.8
Maharashtra,Nashik,Pimpalgaon,Soybean,Yellow,2026-08-07,3747.26,4240.15,3957.31,113.7
Maharashtra,Nashik,Pimpalgaon,Wheat,Sharbati,2026-08-07,2296.04,2866.54,2560.87,126.9
Maharashtra,Pune,Pune(Gultekdi),Onion,Red,2026-08-07,2013.89,2379.27,2229.08,119.2
Maharashtra,Pune,Pune(Gultekdi),Tomato,Hybrid,2026-08-07,1680.58,1921.34,1817.61,82.2
Maharashtra,Pune,Pune(Gultekdi),Soybean,Yellow,2026-08-07,4358.9,5421.01,4743.2,124.3
Maharashtra,Pune,Pune(Gultekdi),Wheat,Sharbati,2026-08-07,2603.72,3275.79,2924.28,112.1
Maharashtra,Solapur,Solapur Mandi,Onion,Red,2026-08-07,1830.56,2259.03,2008.24,87.7
Maharashtra,Solapur,Solapur Mandi,Tomato,Hybrid,2026-08-07,1617.32,1917.7,1728.37,165.2
Maharashtra,Solapur,Solapur Mandi,Soybean,Yellow,2026-08-07,4023.64,4834.9,4382.49,102.5
Maharashtra,Solapur,Solapur Mandi,Wheat,Sharbati,2026-08-07,2567.39,3017.2,2757.61,212.1
Madhya Pradesh,Ujjain,Ujjain APMC,Onion,Red,2026-08-07,1817.63,2300.09,2028.83,110.9
Madhya Pradesh,Ujjain,Ujjain APMC,Tomato,Hybrid,2026-08-07,1548.44,1990.71,1737.13,49.3
Madhya Pradesh,Ujjain,Ujjain APMC,Soybean,Yellow,2026-08-07,4116.5,4627.98,4368.3,92.3
Madhya Pradesh,Ujjain,Ujjain APMC,Wheat,Sharbati,2026-08-07,2425.53,3092.42,2751.59,123.2
Maharashtra,Ahmednagar,Kopargaon,Onion,Red,2026-08-08,1743.19,2213.82,1940.72,158.8
Maharashtra,Ahmednagar,Kopargaon,Tomato,Hybrid,2026-08-08,1468.86,1738.39,1567.75,147.0
Maharashtra,Ahmednagar,Kopargaon,Soybean,Yellow,2026-08-08,3666.69,4338.7,4118.98,109.1
Maharashtra,Ahmednagar,Kopargaon,Wheat,Sharbati,2026-08-08,2366.92,2950.68,2575.46,141.4
Madhya Pradesh,Indore,Indore Mandi,Onion,Red,2026-08-08,1912.19,2423.17,2123.58,104.8
Madhya Pradesh,Indore,Indore Mandi,Tomato,Hybrid,2026-08-08,1504.67,1868.02,1636.21,20.9
Madhya Pradesh,Indore,Indore Mandi,Soybean,Yellow,2026-08-08,4125.69,4933.43,4551.02,187.1
Madhya Pradesh,Indore,Indore Mandi,Wheat,Sharbati,2026-08-08,2594.66,3034.1,2832.05,110.9
Maharashtra,Jalgaon,Jalgaon Main,Onion,Red,2026-08-08,1826.32,2163.98,1988.88,115.8
Maharashtra,Jalgaon,Jalgaon Main,Tomato,Hybrid,2026-08-08,1444.38,1714.99,1535.45,101.1
Maharashtra,Jalgaon,Jalgaon Main,Soybean,Yellow,2026-08-08,3907.39,4783.76,4223.43,167.2
Maharashtra,Jalgaon,Jalgaon Main,Wheat,Sharbati,2026-08-08,2396.38,2739.97,2609.16,123.0
Maharashtra,Nandurbar,Nandurbar APMC,Onion,Red,2026-08-08,1724.47,2113.14,1850.7,116.8
Maharashtra,Nandurbar,Nandurbar APMC,Tomato,Hybrid,2026-08-08,1400.77,1742.82,1566.33,18.0
Maharashtra,Nandurbar,Nandurbar APMC,Soybean,Yellow,2026-08-08,3813.35,4551.9,4105.69,85.7
Maharashtra,Nandurbar,Nandurbar APMC,Wheat,Sharbati,2026-08-08,2420.54,2866.71,2553.35,96.1
Maharashtra,Nashik,Lasalgaon,Onion,Red,2026-08-08,1741.7,2065.58,1875.64,72.9
Maharashtra,Nashik,Lasalgaon,Tomato,Hybrid,2026-08-08,1490.29,1759.51,1674.35,102.1
Maharashtra,Nashik,Lasalgaon,Soybean,Yellow,2026-08-08,3651.89,4394.08,4016.21,105.9
Maharashtra,Nashik,Lasalgaon,Wheat,Sharbati,2026-08-08,2215.77,2757.4,2483.85,86.6
Maharashtra,Nashik,Pimpalgaon,Onion,Red,2026-08-08,1590.81,1947.93,1802.98,96.3
Maharashtra,Nashik,Pimpalgaon,Tomato,Hybrid,2026-08-08,1463.05,1767.77,1604.44,109.2
Maharashtra,Nashik,Pimpalgaon,Soybean,Yellow,2026-08-08,3628.67,4561.98,4112.43,141.6
Maharashtra,Nashik,Pimpalgaon,Wheat,Sharbati,2026-08-08,2320.22,2829.2,2528.12,160.4
Maharashtra,Pune,Pune(Gultekdi),Onion,Red,2026-08-08,2043.16,2446.2,2171.3,126.3
Maharashtra,Pune,Pune(Gultekdi),Tomato,Hybrid,2026-08-08,1709.21,2010.54,1837.34,116.3
Maharashtra,Pune,Pune(Gultekdi),Soybean,Yellow,2026-08-08,4201.48,5096.03,4645.82,82.3
Maharashtra,Pune,Pune(Gultekdi),Wheat,Sharbati,2026-08-08,2754.97,3116.17,2949.62,111.4
Maharashtra,Solapur,Solapur Mandi,Onion,Red,2026-08-08,1830.5,2257.18,2061.91,186.5
Maharashtra,Solapur,Solapur Mandi,Tomato,Hybrid,2026-08-08,1558.17,1910.68,1686.4,94.3
Maharashtra,Solapur,Solapur Mandi,Soybean,Yellow,2026-08-08,3936.14,5073.1,4432.1,118.6
Maharashtra,Solapur,Solapur Mandi,Wheat,Sharbati,2026-08-08,2485.12,2962.7,2760.0,153.7
Madhya Pradesh,Ujjain,Ujjain APMC,Onion,Red,2026-08-08,1803.11,2345.36,2046.06,141.5
Madhya Pradesh,Ujjain,Ujjain APMC,Tomato,Hybrid,2026-08-08,1583.84,1887.42,1702.49,168.6
Madhya Pradesh,Ujjain,Ujjain APMC,Soybean,Yellow,2026-08-08,4023.63,4981.41,4398.7,129.3
Madhya Pradesh,Ujjain,Ujjain APMC,Wheat,Sharbati,2026-08-08,2550.25,3075.92,2762.69,124.7
Maharashtra,Ahmednagar,Kopargaon,Onion,Red,2026-08-09,1705.98,1930.73,1830.4,82.6
Maharashtra,Ahmednagar,Kopargaon,Tomato,Hybrid,2026-08-09,1495.85,1851.26,1641.48,91.9
Maharashtra,Ahmednagar,Kopargaon,Soybean,Yellow,2026-08-09,3735.47,4661.02,4128.08,77.1
Maharashtra,Ahmednagar,Kopargaon,Wheat,Sharbati,2026-08-09,2414.38,2820.88,2602.52,153.8
Madhya Pradesh,Indore,Indore Mandi,Onion,Red,2026-08-09,1786.88,2299.61,2015.5,128.3
Madhya Pradesh,Indore,Indore Mandi,Tomato,Hybrid,2026-08-09,1624.98,2031.72,1811.2,83.1
Madhya Pradesh,Indore,Indore Mandi,Soybean,Yellow,2026-08-09,4289.75,5033.19,4578.33,143.4
Madhya Pradesh,Indore,Indore Mandi,Wheat,Sharbati,2026-08-09,2701.12,3106.47,2873.7,101.6
Maharashtra,Jalgaon,Jalgaon Main,Onion,Red,2026-08-09,1784.3,2009.05,1907.08,114.1
Maharashtra,Jalgaon,Jalgaon Main,Tomato,Hybrid,2026-08-09,1458.43,1684.81,1591.81,178.3
Maharashtra,Jalgaon,Jalgaon Main,Soybean,Yellow,2026-08-09,3802.24,4506.58,4156.17,71.0
Maharashtra,Jalgaon,Jalgaon Main,Wheat,Sharbati,2026-08-09,2336.93,2966.59,2588.44,117.8
Maharashtra,Nandurbar,Nandurbar APMC,Onion,Red,2026-08-09,1661.09,2128.15,1878.1,160.7
Maharashtra,Nandurbar,Nandurbar APMC,Tomato,Hybrid,2026-08-09,1469.12,1897.64,1655.04,62.9
Maharashtra,Nandurbar,Nandurbar APMC,Soybean,Yellow,2026-08-09,3593.05,4595.56,4076.79,70.0
Maharashtra,Nandurbar,Nandurbar APMC,Wheat,Sharbati,2026-08-09,2344.97,2909.92,2560.87,86.9
Maharashtra,Nashik,Lasalgaon,Onion,Red,2026-08-09,1649.66,1896.03,1758.59,158.0
Maharashtra,Nashik,Lasalgaon,Tomato,Hybrid,2026-08-09,1323.95,1559.15,1450.94,118.8
Maharashtra,Nashik,Lasalgaon,Soybean,Yellow,2026-08-09,3479.82,4152.05,3935.09,112.5
Maharashtra,Nashik,Lasalgaon,Wheat,Sharbati,2026-08-09,2369.19,2760.3,2506.46,122.6
Maharashtra,Nashik,Pimpalgaon,Onion,Red,2026-08-09,1663.74,2015.4,1876.21,184.3
Maharashtra,Nashik,Pimpalgaon,Tomato,Hybrid,2026-08-09,1486.78,1732.81,1570.56,141.9
Maharashtra,Nashik,Pimpalgaon,Soybean,Yellow,2026-08-09,3716.19,4491.29,3994.81,80.5
Maharashtra,Nashik,Pimpalgaon,Wheat,Sharbati,2026-08-09,2265.89,2825.54,2537.22,54.1
Maharashtra,Pune,Pune(Gultekdi),Onion,Red,2026-08-09,1918.56,2363.02,2129.16,109.4
Maharashtra,Pune,Pune(Gultekdi),Tomato,Hybrid,2026-08-09,1670.24,2043.2,1878.66,195.4
Maharashtra,Pune,Pune(Gultekdi),Soybean,Yellow,2026-08-09,4161.05,4971.08,4674.73,59.8
Maharashtra,Pune,Pune(Gultekdi),Wheat,Sharbati,2026-08-09,2596.47,3189.43,2904.86,120.0
Maharashtra,Solapur,Solapur Mandi,Onion,Red,2026-08-09,1949.94,2210.78,2068.99,179.9
Maharashtra,Solapur,Solapur Mandi,Tomato,Hybrid,2026-08-09,1528.04,1922.0,1682.04,103.5
Maharashtra,Solapur,Solapur Mandi,Soybean,Yellow,2026-08-09,4060.37,4748.73,4357.88,121.0
Maharashtra,Solapur,Solapur Mandi,Wheat,Sharbati,2026-08-09,2528.78,2880.78,2730.45,194.1
Madhya Pradesh,Ujjain,Ujjain APMC,Onion,Red,2026-08-09,1930.85,2270.55,2050.76,137.5
Madhya Pradesh,Ujjain,Ujjain APMC,Tomato,Hybrid,2026-08-09,1624.05,2004.52,1759.51,158.7
Madhya Pradesh,Ujjain,Ujjain APMC,Soybean,Yellow,2026-08-09,4073.26,4711.87,4384.66,91.2
Madhya Pradesh,Ujjain,Ujjain APMC,Wheat,Sharbati,2026-08-09,2535.4,2849.21,2702.12,77.5
Maharashtra,Ahmednagar,Kopargaon,Onion,Red,2026-08-10,1676.77,2056.9,1889.75,63.9
Maharashtra,Ahmednagar,Kopargaon,Tomato,Hybrid,2026-08-10,1451.63,1687.79,1606.33,128.5
Maharashtra,Ahmednagar,Kopargaon,Soybean,Yellow,2026-08-10,3681.63,4625.54,4131.66,102.2
Maharashtra,Ahmednagar,Kopargaon,Wheat,Sharbati,2026-08-10,2324.67,2816.84,2588.66,144.9
Madhya Pradesh,Indore,Indore Mandi,Onion,Red,2026-08-10,1930.34,2205.49,2036.21,95.8
Madhya Pradesh,Indore,Indore Mandi,Tomato,Hybrid,2026-08-10,1641.58,2036.83,1807.01,115.5
Madhya Pradesh,Indore,Indore Mandi,Soybean,Yellow,2026-08-10,4174.5,4848.61,4531.15,172.3
Madhya Pradesh,Indore,Indore Mandi,Wheat,Sharbati,2026-08-10,2721.19,3310.01,2885.82,69.6
Maharashtra,Jalgaon,Jalgaon Main,Onion,Red,2026-08-10,1763.25,2016.38,1907.48,179.3
Maharashtra,Jalgaon,Jalgaon Main,Tomato,Hybrid,2026-08-10,1472.72,1854.78,1667.59,164.5
Maharashtra,Jalgaon,Jalgaon Main,Soybean,Yellow,2026-08-10,3806.09,4581.82,4164.89,118.3
Maharashtra,Jalgaon,Jalgaon Main,Wheat,Sharbati,2026-08-10,2462.96,2885.64,2628.93,110.7
Maharashtra,Nandurbar,Nandurbar APMC,Onion,Red,2026-08-10,1662.75,1920.4,1821.04,73.8
Maharashtra,Nandurbar,Nandurbar APMC,Tomato,Hybrid,2026-08-10,1420.69,1720.7,1521.27,69.4
Maharashtra,Nandurbar,Nandurbar APMC,Soybean,Yellow,2026-08-10,3681.06,4537.53,4061.42,106.3
Maharashtra,Nandurbar,Nandurbar APMC,Wheat,Sharbati,2026-08-10,2256.47,2847.17,2560.59,141.4
Maharashtra,Nashik,Lasalgaon,Onion,Red,2026-08-10,1483.63,1798.17,1644.48,143.7
Maharashtra,Nashik,Lasalgaon,Tomato,Hybrid,2026-08-10,1371.19,1755.36,1527.99,99.8
Maharashtra,Nashik,Lasalgaon,Soybean,Yellow,2026-08-10,3703.92,4255.12,3980.3,125.9
Maharashtra,Nashik,Lasalgaon,Wheat,Sharbati,2026-08-10,2308.3,2745.19,2510.17,79.0
Maharashtra,Nashik,Pimpalgaon,Onion,Red,2026-08-10,1768.67,2053.66,1876.62,168.1
Maharashtra,Nashik,Pimpalgaon,Tomato,Hybrid,2026-08-10,1567.52,1809.55,1689.26,95.5
Maharashtra,Nashik,Pimpalgaon,Soybean,Yellow,2026-08-10,3647.62,4519.59,4020.41,116.4
Maharashtra,Nashik,Pimpalgaon,Wheat,Sharbati,2026-08-10,2288.52,2766.31,2514.44,126.4
Maharashtra,Pune,Pune(Gultekdi),Onion,Red,2026-08-10,2043.35,2484.31,2217.61,166.0
Maharashtra,Pune,Pune(Gultekdi),Tomato,Hybrid,2026-08-10,1594.35,1883.22,1754.39,86.7
Maharashtra,Pune,Pune(Gultekdi),Soybean,Yellow,2026-08-10,4231.41,5220.98,4591.0,83.2
Maharashtra,Pune,Pune(Gultekdi),Wheat,Sharbati,2026-08-10,2742.85,3249.23,2915.61,135.7
Maharashtra,Solapur,Solapur Mandi,Onion,Red,2026-08-10,2019.26,2368.11,2133.31,113.8
Maharashtra,Solapur,Solapur Mandi,Tomato,Hybrid,2026-08-10,1588.82,1902.39,1784.66,138.4
Maharashtra,Solapur,Solapur Mandi,Soybean,Yellow,2026-08-10,3966.97,4715.64,4407.59,94.4
Maharashtra,Solapur,Solapur Mandi,Wheat,Sharbati,2026-08-10,2465.69,3039.11,2732.73,68.8
Madhya Pradesh,Ujjain,Ujjain APMC,Onion,Red,2026-08-10,1752.34,2047.28,1899.03,117.1
Madhya Pradesh,Ujjain,Ujjain APMC,Tomato,Hybrid,2026-08-10,1668.34,1872.02,1768.16,118.6
Madhya Pradesh,Ujjain,Ujjain APMC,Soybean,Yellow,2026-08-10,3877.15,4633.34,4320.18,102.3
Madhya Pradesh,Ujjain,Ujjain APMC,Wheat,Sharbati,2026-08-10,2442.71,2939.61,2757.42,143.0
Maharashtra,Ahmednagar,Kopargaon,Onion,Red,2026-08-11,1678.52,2050.06,1890.29,93.7
Maharashtra,Ahmednagar,Kopargaon,Tomato,Hybrid,2026-08-11,1535.48,1876.25,1657.08,123.9
Maharashtra,Ahmednagar,Kopargaon,Soybean,Yellow,2026-08-11,3802.76,4669.91,4170.28,144.7
Maharashtra,Ahmednagar,Kopargaon,Wheat,Sharbati,2026-08-11,2271.67,2702.53,2572.06,218.0
Madhya Pradesh,Indore,Indore Mandi,Onion,Red,2026-08-11,1818.09,2137.81,2024.53,125.1
Madhya Pradesh,Indore,Indore Mandi,Tomato,Hybrid,2026-08-11,1581.5,2034.52,1774.96,153.5
Madhya Pradesh,Indore,Indore Mandi,Soybean,Yellow,2026-08-11,4061.74,5077.34,4479.12,82.9
Madhya Pradesh,Indore,Indore Mandi,Wheat,Sharbati,2026-08-11,2510.55,3249.27,2835.38,149.2
Maharashtra,Jalgaon,Jalgaon Main,Onion,Red,2026-08-11,1686.77,2023.5,1854.55,67.0
Maharashtra,Jalgaon,Jalgaon Main,Tomato,Hybrid,2026-08-11,1496.72,1842.26,1635.36,102.9
Maharashtra,Jalgaon,Jalgaon Main,Soybean,Yellow,2026-08-11,3746.53,4306.38,4091.97,123.1
Maharashtra,Jalgaon,Jalgaon Main,Wheat,Sharbati,2026-08-11,2354.88,2990.87,2637.37,131.3
Maharashtra,Nandurbar,Nandurbar APMC,Onion,Red,2026-08-11,1728.84,2025.64,1873.97,137.8
Maharashtra,Nandurbar,Nandurbar APMC,Tomato,Hybrid,2026-08-11,1385.29,1597.66,1497.0,118.3
Maharashtra,Nandurbar,Nandurbar APMC,Soybean,Yellow,2026-08-11,3791.27,4518.69,4126.44,100.7
Maharashtra,Nandurbar,Nandurbar APMC,Wheat,Sharbati,2026-08-11,2260.55,2725.36,2561.23,107.0
Maharashtra,Nashik,Lasalgaon,Onion,Red,2026-08-11,1588.4,1895.8,1804.21,69.0
Maharashtra,Nashik,Lasalgaon,Tomato,Hybrid,2026-08-11,1395.6,1691.69,1490.46,140.7
Maharashtra,Nashik,Lasalgaon,Soybean,Yellow,2026-08-11,3849.29,4351.38,4068.39,149.6
Maharashtra,Nashik,Lasalgaon,Wheat,Sharbati,2026-08-11,2256.33,2676.4,2476.17,177.0
Maharashtra,Nashik,Pimpalgaon,Onion,Red,2026-08-11,1703.69,2014.92,1819.83,93.7
Maharashtra,Nashik,Pimpalgaon,Tomato,Hybrid,2026-08-11,1392.0,1677.97,1575.57,118.7
Maharashtra,Nashik,Pimpalgaon,Soybean,Yellow,2026-08-11,3759.28,4398.43,4089.66,137.2
Maharashtra,Nashik,Pimpalgaon,Wheat,Sharbati,2026-08-11,2324.14,2685.12,2515.62,134.4
Maharashtra,Pune,Pune(Gultekdi),Onion,Red,2026-08-11,1890.13,2179.04,1999.67,124.0
Maharashtra,Pune,Pune(Gultekdi),Tomato,Hybrid,2026-08-11,1834.0,2084.84,1982.36,161.4
Maharashtra,Pune,Pune(Gultekdi),Soybean,Yellow,2026-08-11,4143.72,5028.46,4691.04,90.1
Maharashtra,Pune,Pune(Gultekdi),Wheat,Sharbati,2026-08-11,2611.76,3319.13,2914.33,103.2
Maharashtra,Solapur,Solapur Mandi,Onion,Red,2026-08-11,1883.42,2306.99,2059.4,120.7
Maharashtra,Solapur,Solapur Mandi,Tomato,Hybrid,2026-08-11,1555.27,1875.35,1705.02,109.4
Maharashtra,Solapur,Solapur Mandi,Soybean,Yellow,2026-08-11,3945.6,4815.34,4345.99,107.3
Maharashtra,Solapur,Solapur Mandi,Wheat,Sharbati,2026-08-11,2467.9,2978.22,2746.2,42.4
Madhya Pradesh,Ujjain,Ujjain APMC,Onion,Red,2026-08-11,1839.98,2255.15,2072.02,151.4
Madhya Pradesh,Ujjain,Ujjain APMC,Tomato,Hybrid,2026-08-11,1503.19,1749.59,1627.04,121.2
Madhya Pradesh,Ujjain,Ujjain APMC,Soybean,Yellow,2026-08-11,3942.62,4929.3,4344.32,136.9
Madhya Pradesh,Ujjain,Ujjain APMC,Wheat,Sharbati,2026-08-11,2586.13,2932.65,2735.65,137.5
Maharashtra,Ahmednagar,Kopargaon,Onion,Red,2026-08-12,1723.84,2128.08,1864.56,120.7
Maharashtra,Ahmednagar,Kopargaon,Tomato,Hybrid,2026-08-12,1483.76,1675.54,1576.4,105.8
Maharashtra,Ahmednagar,Kopargaon,Soybean,Yellow,2026-08-12,3733.41,4562.16,4126.82,118.6
Maharashtra,Ahmednagar,Kopargaon,Wheat,Sharbati,2026-08-12,2457.01,2858.76,2614.18,96.5
Madhya Pradesh,Indore,Indore Mandi,Onion,Red,2026-08-12,1858.14,2308.07,2055.42,84.0
Madhya Pradesh,Indore,Indore Mandi,Tomato,Hybrid,2026-08-12,1518.63,1779.25,1668.96,128.7
Madhya Pradesh,Indore,Indore Mandi,Soybean,Yellow,2026-08-12,4051.3,5221.31,4553.66,151.6
Madhya Pradesh,Indore,Indore Mandi,Wheat,Sharbati,2026-08-12,2519.25,3033.4,2858.41,110.0
Maharashtra,Jalgaon,Jalgaon Main,Onion,Red,2026-08-12,1604.27,1989.27,1821.34,123.8
Maharashtra,Jalgaon,Jalgaon Main,Tomato,Hybrid,2026-08-12,1443.33,1675.61,1560.79,145.3
Maharashtra,Jalgaon,Jalgaon Main,Soybean,Yellow,2026-08-12,3724.68,4482.59,4161.39,5.0
Maharashtra,Jalgaon,Jalgaon Main,Wheat,Sharbati,2026-08-12,2382.09,2908.57,2625.96,110.8
Maharashtra,Nandurbar,Nandurbar APMC,Onion,Red,2026-08-12,1696.56,1943.51,1843.28,54.1
Maharashtra,Nandurbar,Nandurbar APMC,Tomato,Hybrid,2026-08-12,1446.99,1850.36,1627.89,133.4
Maharashtra,Nandurbar,Nandurbar APMC,Soybean,Yellow,2026-08-12,3833.97,4500.38,4105.31,91.8
Maharashtra,Nandurbar,Nandurbar APMC,Wheat,Sharbati,2026-08-12,2389.71,2836.26,2556.07,135.7
Maharashtra,Nashik,Lasalgaon,Onion,Red,2026-08-12,1477.91,1816.29,1663.43,94.8
Maharashtra,Nashik,Lasalgaon,Tomato,Hybrid,2026-08-12,1485.95,1723.54,1566.59,137.4
Maharashtra,Nashik,Lasalgaon,Soybean,Yellow,2026-08-12,3598.84,4515.19,4015.82,45.2
Maharashtra,Nashik,Lasalgaon,Wheat,Sharbati,2026-08-12,2346.09,2816.88,2493.5,151.0
Maharashtra,Nashik,Pimpalgaon,Onion,Red,2026-08-12,1615.03,1979.51,1823.63,122.7
Maharashtra,Nashik,Pimpalgaon,Tomato,Hybrid,2026-08-12,1495.05,1857.22,1681.21,110.0
Maharashtra,Nashik,Pimpalgaon,Soybean,Yellow,2026-08-12,3828.24,4388.76,4095.9,125.0
Maharashtra,Nashik,Pimpalgaon,Wheat,Sharbati,2026-08-12,2300.98,2773.51,2561.28,96.7
Maharashtra,Pune,Pune(Gultekdi),Onion,Red,2026-08-12,1961.12,2296.64,2114.4,135.5
Maharashtra,Pune,Pune(Gultekdi),Tomato,Hybrid,2026-08-12,1571.42,1962.12,1728.24,123.4
Maharashtra,Pune,Pune(Gultekdi),Soybean,Yellow,2026-08-12,4230.5,4993.27,4678.58,142.5
Maharashtra,Pune,Pune(Gultekdi),Wheat,Sharbati,2026-08-12,2648.76,3345.26,2919.09,55.1
Maharashtra,Solapur,Solapur Mandi,Onion,Red,2026-08-12,1902.84,2171.45,2044.57,130.0
Maharashtra,Solapur,Solapur Mandi,Tomato,Hybrid,2026-08-12,1527.32,1795.18,1653.62,130.3
Maharashtra,Solapur,Solapur Mandi,Soybean,Yellow,2026-08-12,3949.85,4717.79,4398.29,109.9
Maharashtra,Solapur,Solapur Mandi,Wheat,Sharbati,2026-08-12,2625.11,3130.13,2781.12,96.2
Madhya Pradesh,Ujjain,Ujjain APMC,Onion,Red,2026-08-12,1881.15,2214.47,2026.06,135.0
Madhya Pradesh,Ujjain,Ujjain APMC,Tomato,Hybrid,2026-08-12,1556.8,1930.84,1754.33,147.9
Madhya Pradesh,Ujjain,Ujjain APMC,Soybean,Yellow,2026-08-12,3859.63,4592.35,4321.94,139.0
Madhya Pradesh,Ujjain,Ujjain APMC,Wheat,Sharbati,2026-08-12,2548.9,3050.03,2752.46,95.0
Maharashtra,Ahmednagar,Kopargaon,Onion,Red,2026-08-13,1805.3,2173.3,1942.46,61.8
Maharashtra,Ahmednagar,Kopargaon,Tomato,Hybrid,2026-08-13,1607.66,2024.88,1792.89,109.3
Maharashtra,Ahmednagar,Kopargaon,Soybean,Yellow,2026-08-13,3720.63,4632.48,4140.59,149.8
Maharashtra,Ahmednagar,Kopargaon,Wheat,Sharbati,2026-08-13,2424.44,2743.43,2610.78,112.7
Madhya Pradesh,Indore,Indore Mandi,Onion,Red,2026-08-13,1797.26,2152.26,1937.96,91.8
Madhya Pradesh,Indore,Indore Mandi,Tomato,Hybrid,2026-08-13,1607.05,1907.41,1772.98,118.0
Madhya Pradesh,Indore,Indore Mandi,Soybean,Yellow,2026-08-13,4272.83,4815.19,4522.62,73.3
Madhya Pradesh,Indore,Indore Mandi,Wheat,Sharbati,2026-08-13,2660.14,2982.49,2815.14,170.9
Maharashtra,Jalgaon,Jalgaon Main,Onion,Red,2026-08-13,1661.48,1963.13,1865.13,147.3
Maharashtra,Jalgaon,Jalgaon Main,Tomato,Hybrid,2026-08-13,1421.71,1747.32,1594.17,129.2
Maharashtra,Jalgaon,Jalgaon Main,Soybean,Yellow,2026-08-13,3781.41,4659.82,4135.27,109.5
Maharashtra,Jalgaon,Jalgaon Main,Wheat,Sharbati,2026-08-13,2381.08,2904.63,2655.64,131.7
Maharashtra,Nandurbar,Nandurbar APMC,Onion,Red,2026-08-13,1738.45,2033.36,1923.4,168.8
Maharashtra,Nandurbar,Nandurbar APMC,Tomato,Hybrid,2026-08-13,1475.48,1743.77,1606.19,51.8
Maharashtra,Nandurbar,Nandurbar APMC,Soybean,Yellow,2026-08-13,3633.51,4655.02,4050.78,89.3
Maharashtra,Nandurbar,Nandurbar APMC,Wheat,Sharbati,2026-08-13,2298.62,2799.89,2558.04,128.2
Maharashtra,Nashik,Lasalgaon,Onion,Red,2026-08-13,1545.88,1935.95,1714.9,152.2
Maharashtra,Nashik,Lasalgaon,Tomato,Hybrid,2026-08-13,1439.16,1708.83,1568.57,120.7
Maharashtra,Nashik,Lasalgaon,Soybean,Yellow,2026-08-13,3621.74,4476.39,3967.4,99.1
Maharashtra,Nashik,Lasalgaon,Wheat,Sharbati,2026-08-13,2246.32,2741.98,2505.81,123.7
Maharashtra,Nashik,Pimpalgaon,Onion,Red,2026-08-13,1789.74,2168.06,1908.91,111.2
Maharashtra,Nashik,Pimpalgaon,Tomato,Hybrid,2026-08-13,1416.46,1705.02,1551.38,162.1
Maharashtra,Nashik,Pimpalgaon,Soybean,Yellow,2026-08-13,3769.39,4272.18,4061.64,170.9
Maharashtra,Nashik,Pimpalgaon,Wheat,Sharbati,2026-08-13,2281.24,2753.59,2541.66,81.0
Maharashtra,Pune,Pune(Gultekdi),Onion,Red,2026-08-13,1885.09,2315.25,2089.16,148.4
Maharashtra,Pune,Pune(Gultekdi),Tomato,Hybrid,2026-08-13,1639.8,1955.91,1805.46,130.2
Maharashtra,Pune,Pune(Gultekdi),Soybean,Yellow,2026-08-13,4120.94,4928.81,4679.41,70.7
Maharashtra,Pune,Pune(Gultekdi),Wheat,Sharbati,2026-08-13,2574.09,3248.25,2903.87,119.0
Maharashtra,Solapur,Solapur Mandi,Onion,Red,2026-08-13,1743.14,2038.32,1915.25,105.6
Maharashtra,Solapur,Solapur Mandi,Tomato,Hybrid,2026-08-13,1356.61,1641.55,1528.61,114.0
Maharashtra,Solapur,Solapur Mandi,Soybean,Yellow,2026-08-13,3842.67,4978.05,4354.19,154.8
Maharashtra,Solapur,Solapur Mandi,Wheat,Sharbati,2026-08-13,2556.76,3143.48,2735.48,127.9
Madhya Pradesh,Ujjain,Ujjain APMC,Onion,Red,2026-08-13,1791.29,2067.27,1887.23,99.3
Madhya Pradesh,Ujjain,Ujjain APMC,Tomato,Hybrid,2026-08-13,1538.94,1765.59,1649.16,64.1
Madhya Pradesh,Ujjain,Ujjain APMC,Soybean,Yellow,2026-08-13,4000.39,4873.3,4327.63,131.7
Madhya Pradesh,Ujjain,Ujjain APMC,Wheat,Sharbati,2026-08-13,2466.14,3071.29,2752.94,89.0
Maharashtra,Ahmednagar,Kopargaon,Onion,Red,2026-08-14,1659.3,2101.22,1843.16,176.0
Maharashtra,Ahmednagar,Kopargaon,Tomato,Hybrid,2026-08-14,1445.68,1736.8,1626.44,110.2
Maharashtra,Ahmednagar,Kopargaon,Soybean,Yellow,2026-08-14,3794.9,4658.39,4134.03,125.8
Maharashtra,Ahmednagar,Kopargaon,Wheat,Sharbati,2026-08-14,2335.7,2761.16,2570.11,87.8
Madhya Pradesh,Indore,Indore Mandi,Onion,Red,2026-08-14,1886.54,2237.41,2071.23,137.5
Madhya Pradesh,Indore,Indore Mandi,Tomato,Hybrid,2026-08-14,1584.01,1902.59,1792.59,78.5
Madhya Pradesh,Indore,Indore Mandi,Soybean,Yellow,2026-08-14,4155.41,5103.75,4520.72,91.7
Madhya Pradesh,Indore,Indore Mandi,Wheat,Sharbati,2026-08-14,2678.54,3083.92,2854.38,102.3
Maharashtra,Jalgaon,Jalgaon Main,Onion,Red,2026-08-14,1697.53,2028.91,1871.62,135.7
Maharashtra,Jalgaon,Jalgaon Main,Tomato,Hybrid,2026-08-14,1503.02,1757.36,1591.12,128.4
Maharashtra,Jalgaon,Jalgaon Main,Soybean,Yellow,2026-08-14,4034.73,4759.56,4270.45,138.2
Maharashtra,Jalgaon,Jalgaon Main,Wheat,Sharbati,2026-08-14,2452.56,2832.79,2597.87,123.3
Maharashtra,Nandurbar,Nandurbar APMC,Onion,Red,2026-08-14,1624.09,1951.84,1767.7,125.0
Maharashtra,Nandurbar,Nandurbar APMC,Tomato,Hybrid,2026-08-14,1511.6,1875.23,1632.18,83.2
Maharashtra,Nandurbar,Nandurbar APMC,Soybean,Yellow,2026-08-14,3837.56,4391.93,4104.6,115.1
Maharashtra,Nandurbar,Nandurbar APMC,Wheat,Sharbati,2026-08-14,2307.14,2719.2,2529.07,90.2
Maharashtra,Nashik,Lasalgaon,Onion,Red,2026-08-14,1583.65,1824.07,1732.67,134.8
Maharashtra,Nashik,Lasalgaon,Tomato,Hybrid,2026-08-14,1464.56,1793.0,1620.61,105.3
Maharashtra,Nashik,Lasalgaon,Soybean,Yellow,2026-08-14,3496.85,4280.02,3918.94,161.2
Maharashtra,Nashik,Lasalgaon,Wheat,Sharbati,2026-08-14,2265.3,2781.86,2507.84,128.6
Maharashtra,Nashik,Pimpalgaon,Onion,Red,2026-08-14,1680.25,1952.61,1852.75,120.2
Maharashtra,Nashik,Pimpalgaon,Tomato,Hybrid,2026-08-14,1410.25,1811.77,1595.92,91.9
Maharashtra,Nashik,Pimpalgaon,Soybean,Yellow,2026-08-14,3694.76,4628.45,4026.43,170.3
Maharashtra,Nashik,Pimpalgaon,Wheat,Sharbati,2026-08-14,2374.84,2860.66,2547.21,119.7
Maharashtra,Pune,Pune(Gultekdi),Onion,Red,2026-08-14,1858.81,2194.89,2085.73,107.0
Maharashtra,Pune,Pune(Gultekdi),Tomato,Hybrid,2026-08-14,1628.27,2019.9,1799.84,111.3
Maharashtra,Pune,Pune(Gultekdi),Soybean,Yellow,2026-08-14,4255.72,5119.08,4699.51,69.9
Maharashtra,Pune,Pune(Gultekdi),Wheat,Sharbati,2026-08-14,2658.05,3328.16,2912.33,99.0
Maharashtra,Solapur,Solapur Mandi,Onion,Red,2026-08-14,1859.79,2284.23,2016.68,108.3
Maharashtra,Solapur,Solapur Mandi,Tomato,Hybrid,2026-08-14,1443.04,1847.77,1614.65,119.5
Maharashtra,Solapur,Solapur Mandi,Soybean,Yellow,2026-08-14,3914.34,4804.04,4360.41,120.1
Maharashtra,Solapur,Solapur Mandi,Wheat,Sharbati,2026-08-14,2600.01,2988.07,2771.34,126.2
Madhya Pradesh,Ujjain,Ujjain APMC,Onion,Red,2026-08-14,1686.94,2068.99,1908.23,98.3
Madhya Pradesh,Ujjain,Ujjain APMC,Tomato,Hybrid,2026-08-14,1561.89,1842.18,1705.71,141.7
Madhya Pradesh,Ujjain,Ujjain APMC,Soybean,Yellow,2026-08-14,4140.56,4813.8,4362.86,168.7
Madhya Pradesh,Ujjain,Ujjain APMC,Wheat,Sharbati,2026-08-14,2424.57,3124.84,2743.7,116.9
Maharashtra,Ahmednagar,Kopargaon,Onion,Red,2026-08-15,1667.73,2016.53,1826.07,116.3
Maharashtra,Ahmednagar,Kopargaon,Tomato,Hybrid,2026-08-15,1251.61,1604.14,1410.12,101.5
Maharashtra,Ahmednagar,Kopargaon,Soybean,Yellow,2026-08-15,3812.76,4607.47,4174.71,118.9
Maharashtra,Ahmednagar,Kopargaon,Wheat,Sharbati,2026-08-15,2287.81,2808.16,2586.64,88.7
Madhya Pradesh,Indore,Indore Mandi,Onion,Red,2026-08-15,1873.76,2330.02,2050.43,119.0
Madhya Pradesh,Indore,Indore Mandi,Tomato,Hybrid,2026-08-15,1512.45,1832.33,1685.32,91.1
Madhya Pradesh,Indore,Indore Mandi,Soybean,Yellow,2026-08-15,4133.68,4936.75,4486.42,155.5
Madhya Pradesh,Indore,Indore Mandi,Wheat,Sharbati,2026-08-15,2677.15,3155.65,2824.57,50.8
Maharashtra,Jalgaon,Jalgaon Main,Onion,Red,2026-08-15,1681.3,2136.62,1891.78,106.3
Maharashtra,Jalgaon,Jalgaon Main,Tomato,Hybrid,2026-08-15,1500.28,1799.22,1629.7,125.2
Maharashtra,Jalgaon,Jalgaon Main,Soybean,Yellow,2026-08-15,3861.42,4690.96,4147.25,135.5
Maharashtra,Jalgaon,Jalgaon Main,Wheat,Sharbati,2026-08-15,2469.09,2960.23,2608.03,66.9
Maharashtra,Nandurbar,Nandurbar APMC,Onion,Red,2026-08-15,1771.04,1993.42,1871.97,107.1
Maharashtra,Nandurbar,Nandurbar APMC,Tomato,Hybrid,2026-08-15,1443.16,1839.17,1622.4,153.2
Maharashtra,Nandurbar,Nandurbar APMC,Soybean,Yellow,2026-08-15,3654.19,4487.85,4114.72,84.3
Maharashtra,Nandurbar,Nandurbar APMC,Wheat,Sharbati,2026-08-15,2349.16,2887.84,2559.98,146.2
Maharashtra,Nashik,Lasalgaon,Onion,Red,2026-08-15,1526.39,1763.96,1657.98,146.2
Maharashtra,Nashik,Lasalgaon,Tomato,Hybrid,2026-08-15,1334.82,1657.82,1472.79,93.4
Maharashtra,Nashik,Lasalgaon,Soybean,Yellow,2026-08-15,3766.1,4452.84,3976.89,94.6
Maharashtra,Nashik,Lasalgaon,Wheat,Sharbati,2026-08-15,2294.53,2754.33,2491.94,82.3
Maharashtra,Nashik,Pimpalgaon,Onion,Red,2026-08-15,1773.42,2114.74,1939.81,87.8
Maharashtra,Nashik,Pimpalgaon,Tomato,Hybrid,2026-08-15,1304.47,1569.39,1480.23,122.6
Maharashtra,Nashik,Pimpalgaon,Soybean,Yellow,2026-08-15,3614.79,4332.52,3992.0,201.1
Maharashtra,Nashik,Pimpalgaon,Wheat,Sharbati,2026-08-15,2381.84,2724.71,2542.55,47.0
Maharashtra,Pune,Pune(Gultekdi),Onion,Red,2026-08-15,1987.07,2302.71,2151.8,188.5
Maharashtra,Pune,Pune(Gultekdi),Tomato,Hybrid,2026-08-15,1684.28,2058.73,1821.59,115.0
Maharashtra,Pune,Pune(Gultekdi),Soybean,Yellow,2026-08-15,4343.52,5010.13,4683.06,145.0
Maharashtra,Pune,Pune(Gultekdi),Wheat,Sharbati,2026-08-15,2591.08,3266.03,2900.82,164.5
Maharashtra,Solapur,Solapur Mandi,Onion,Red,2026-08-15,1821.0,2257.04,1985.09,136.4
Maharashtra,Solapur,Solapur Mandi,Tomato,Hybrid,2026-08-15,1492.57,1790.6,1629.69,136.8
Maharashtra,Solapur,Solapur Mandi,Soybean,Yellow,2026-08-15,3998.99,5015.12,4401.0,160.8
Maharashtra,Solapur,Solapur Mandi,Wheat,Sharbati,2026-08-15,2517.08,3028.57,2771.12,194.1
Madhya Pradesh,Ujjain,Ujjain APMC,Onion,Red,2026-08-15,1659.76,1973.86,1844.17,164.2
Madhya Pradesh,Ujjain,Ujjain APMC,Tomato,Hybrid,2026-08-15,1498.83,1895.0,1649.75,61.0
Madhya Pradesh,Ujjain,Ujjain APMC,Soybean,Yellow,2026-08-15,3834.45,4804.0,4338.1,122.1
Madhya Pradesh,Ujjain,Ujjain APMC,Wheat,Sharbati,2026-08-15,2461.96,2875.98,2733.46,95.2
Maharashtra,Ahmednagar,Kopargaon,Onion,Red,2026-08-16,1727.56,2010.91,1838.27,114.7
Maharashtra,Ahmednagar,Kopargaon,Tomato,Hybrid,2026-08-16,1349.84,1615.52,1517.54,153.9
Maharashtra,Ahmednagar,Kopargaon,Soybean,Yellow,2026-08-16,3700.82,4411.59,4119.18,55.8
Maharashtra,Ahmednagar,Kopargaon,Wheat,Sharbati,2026-08-16,2342.9,2856.23,2614.87,85.0
Madhya Pradesh,Indore,Indore Mandi,Onion,Red,2026-08-16,1776.94,2275.4,1985.96,150.2
Madhya Pradesh,Indore,Indore Mandi,Tomato,Hybrid,2026-08-16,1502.14,1745.23,1654.05,77.3
Madhya Pradesh,Indore,Indore Mandi,Soybean,Yellow,2026-08-16,4021.31,4862.2,4503.74,125.3
Madhya Pradesh,Indore,Indore Mandi,Wheat,Sharbati,2026-08-16,2545.04,2932.4,2782.05,80.6
Maharashtra,Jalgaon,Jalgaon Main,Onion,Red,2026-08-16,1734.01,2096.69,1868.26,106.4
Maharashtra,Jalgaon,Jalgaon Main,Tomato,Hybrid,2026-08-16,1364.44,1725.2,1521.05,136.6
Maharashtra,Jalgaon,Jalgaon Main,Soybean,Yellow,2026-08-16,3796.11,4618.16,4173.38,180.3
Maharashtra,Jalgaon,Jalgaon Main,Wheat,Sharbati,2026-08-16,2348.11,2889.79,2645.19,117.4
Maharashtra,Nandurbar,Nandurbar APMC,Onion,Red,2026-08-16,1607.73,1937.71,1784.47,134.2
Maharashtra,Nandurbar,Nandurbar APMC,Tomato,Hybrid,2026-08-16,1411.33,1666.32,1494.42,176.3
Maharashtra,Nandurbar,Nandurbar APMC,Soybean,Yellow,2026-08-16,3618.14,4573.98,4093.64,113.8
Maharashtra,Nandurbar,Nandurbar APMC,Wheat,Sharbati,2026-08-16,2366.57,2797.62,2519.89,114.4
Maharashtra,Nashik,Lasalgaon,Onion,Red,2026-08-16,1590.99,1909.69,1737.29,168.1
Maharashtra,Nashik,Lasalgaon,Tomato,Hybrid,2026-08-16,1338.36,1716.68,1514.3,101.7
Maharashtra,Nashik,Lasalgaon,Soybean,Yellow,2026-08-16,3488.59,4357.52,3939.7,159.5
Maharashtra,Nashik,Lasalgaon,Wheat,Sharbati,2026-08-16,2331.14,2808.74,2468.31,68.3
Maharashtra,Nashik,Pimpalgaon,Onion,Red,2026-08-16,1778.66,2045.1,1874.93,127.8
Maharashtra,Nashik,Pimpalgaon,Tomato,Hybrid,2026-08-16,1624.18,1885.24,1766.73,167.6
Maharashtra,Nashik,Pimpalgaon,Soybean,Yellow,2026-08-16,3749.0,4398.4,3990.71,104.2
Maharashtra,Nashik,Pimpalgaon,Wheat,Sharbati,2026-08-16,2283.37,2669.78,2485.03,81.2
Maharashtra,Pune,Pune(Gultekdi),Onion,Red,2026-08-16,1943.94,2420.25,2112.64,142.6
Maharashtra,Pune,Pune(Gultekdi),Tomato,Hybrid,2026-08-16,1584.25,1841.2,1719.12,84.5
Maharashtra,Pune,Pune(Gultekdi),Soybean,Yellow,2026-08-16,4316.71,4882.52,4573.97,108.8
Maharashtra,Pune,Pune(Gultekdi),Wheat,Sharbati,2026-08-16,2645.56,3184.74,2897.43,101.2
Maharashtra,Solapur,Solapur Mandi,Onion,Red,2026-08-16,1848.98,2286.83,2001.36,17.1
Maharashtra,Solapur,Solapur Mandi,Tomato,Hybrid,2026-08-16,1627.68,1991.52,1741.22,168.1
Maharashtra,Solapur,Solapur Mandi,Soybean,Yellow,2026-08-16,3835.69,4717.1,4338.66,126.7
Maharashtra,Solapur,Solapur Mandi,Wheat,Sharbati,2026-08-16,2496.93,2940.91,2765.69,125.0
Madhya Pradesh,Ujjain,Ujjain APMC,Onion,Red,2026-08-16,1804.54,2106.71,2003.66,138.0
Madhya Pradesh,Ujjain,Ujjain APMC,Tomato,Hybrid,2026-08-16,1426.14,1704.13,1570.52,119.7
Madhya Pradesh,Ujjain,Ujjain APMC,Soybean,Yellow,2026-08-16,4037.46,4835.01,4309.7,128.2
Madhya Pradesh,Ujjain,Ujjain APMC,Wheat,Sharbati,2026-08-16,2417.75,3031.8,2716.42,115.7
Maharashtra,Ahmednagar,Kopargaon,Onion,Red,2026-08-17,1669.18,1941.29,1837.3,93.9
Maharashtra,Ahmednagar,Kopargaon,Tomato,Hybrid,2026-08-17,1404.66,1741.35,1525.98,166.4
Maharashtra,Ahmednagar,Kopargaon,Soybean,Yellow,2026-08-17,3668.7,4594.8,4137.07,110.5
Maharashtra,Ahmednagar,Kopargaon,Wheat,Sharbati,2026-08-17,2383.76,2908.69,2601.27,167.2
Madhya Pradesh,Indore,Indore Mandi,Onion,Red,2026-08-17,1724.23,2074.04,1923.79,93.3
Madhya Pradesh,Indore,Indore Mandi,Tomato,Hybrid,2026-08-17,1623.66,1847.4,1745.11,102.5
Madhya Pradesh,Indore,Indore Mandi,Soybean,Yellow,2026-08-17,4082.27,4997.07,4470.8,108.6
Madhya Pradesh,Indore,Indore Mandi,Wheat,Sharbati,2026-08-17,2593.86,3070.53,2847.06,117.2
Maharashtra,Jalgaon,Jalgaon Main,Onion,Red,2026-08-17,1551.81,1928.09,1752.71,127.5
Maharashtra,Jalgaon,Jalgaon Main,Tomato,Hybrid,2026-08-17,1582.68,1917.02,1682.49,165.2
Maharashtra,Jalgaon,Jalgaon Main,Soybean,Yellow,2026-08-17,3734.24,4720.44,4151.7,104.3
Maharashtra,Jalgaon,Jalgaon Main,Wheat,Sharbati,2026-08-17,2370.46,2852.53,2618.41,122.6
Maharashtra,Nandurbar,Nandurbar APMC,Onion,Red,2026-08-17,1649.88,1974.38,1867.4,152.8
Maharashtra,Nandurbar,Nandurbar APMC,Tomato,Hybrid,2026-08-17,1561.19,1858.52,1673.33,130.7
Maharashtra,Nandurbar,Nandurbar APMC,Soybean,Yellow,2026-08-17,3790.27,4376.85,4132.28,171.3
Maharashtra,Nandurbar,Nandurbar APMC,Wheat,Sharbati,2026-08-17,2345.27,2843.89,2541.96,148.3
Maharashtra,Nashik,Lasalgaon,Onion,Red,2026-08-17,1690.0,1930.22,1813.63,138.1
Maharashtra,Nashik,Lasalgaon,Tomato,Hybrid,2026-08-17,1380.62,1684.28,1549.97,141.1
Maharashtra,Nashik,Lasalgaon,Soybean,Yellow,2026-08-17,3646.84,4382.84,3920.31,129.9
Maharashtra,Nashik,Lasalgaon,Wheat,Sharbati,2026-08-17,2326.65,2731.64,2494.72,135.2
Maharashtra,Nashik,Pimpalgaon,Onion,Red,2026-08-17,1719.42,2091.7,1856.63,146.4
Maharashtra,Nashik,Pimpalgaon,Tomato,Hybrid,2026-08-17,1361.91,1630.88,1455.2,106.9
Maharashtra,Nashik,Pimpalgaon,Soybean,Yellow,2026-08-17,3582.48,4449.21,4023.38,112.3
Maharashtra,Nashik,Pimpalgaon,Wheat,Sharbati,2026-08-17,2345.6,2810.86,2561.0,152.7
Maharashtra,Pune,Pune(Gultekdi),Onion,Red,2026-08-17,1860.19,2306.37,2099.06,157.5
Maharashtra,Pune,Pune(Gultekdi),Tomato,Hybrid,2026-08-17,1529.2,1917.63,1723.22,79.6
Maharashtra,Pune,Pune(Gultekdi),Soybean,Yellow,2026-08-17,4336.57,4848.56,4617.57,146.1
Maharashtra,Pune,Pune(Gultekdi),Wheat,Sharbati,2026-08-17,2703.58,3247.79,2922.55,190.2
Maharashtra,Solapur,Solapur Mandi,Onion,Red,2026-08-17,1793.53,2192.21,1914.98,109.2
Maharashtra,Solapur,Solapur Mandi,Tomato,Hybrid,2026-08-17,1420.74,1777.77,1567.26,127.4
Maharashtra,Solapur,Solapur Mandi,Soybean,Yellow,2026-08-17,3906.62,4709.53,4396.49,117.3
Maharashtra,Solapur,Solapur Mandi,Wheat,Sharbati,2026-08-17,2388.35,3001.38,2713.73,109.2
Madhya Pradesh,Ujjain,Ujjain APMC,Onion,Red,2026-08-17,1798.74,2187.66,1993.05,113.2
Madhya Pradesh,Ujjain,Ujjain APMC,Tomato,Hybrid,2026-08-17,1400.22,1629.84,1549.56,115.0
Madhya Pradesh,Ujjain,Ujjain APMC,Soybean,Yellow,2026-08-17,4104.28,4580.32,4339.93,138.9
Madhya Pradesh,Ujjain,Ujjain APMC,Wheat,Sharbati,2026-08-17,2572.17,3000.27,2713.09,102.6
Maharashtra,Ahmednagar,Kopargaon,Onion,Red,2026-08-18,1666.05,2082.98,1857.49,102.8
Maharashtra,Ahmednagar,Kopargaon,Tomato,Hybrid,2026-08-18,1479.62,1869.5,1635.84,71.0
Maharashtra,Ahmednagar,Kopargaon,Soybean,Yellow,2026-08-18,3840.5,4448.56,4144.35,148.4
Maharashtra,Ahmednagar,Kopargaon,Wheat,Sharbati,2026-08-18,2400.24,2743.39,2571.47,119.6
Madhya Pradesh,Indore,Indore Mandi,Onion,Red,2026-08-18,1732.32,2167.57,1968.53,159.2
Madhya Pradesh,Indore,Indore Mandi,Tomato,Hybrid,2026-08-18,1630.41,1894.66,1733.11,71.4
Madhya Pradesh,Indore,Indore Mandi,Soybean,Yellow,2026-08-18,4060.28,5033.37,4442.45,111.6
Madhya Pradesh,Indore,Indore Mandi,Wheat,Sharbati,2026-08-18,2649.5,3155.87,2793.65,133.0
Maharashtra,Jalgaon,Jalgaon Main,Onion,Red,2026-08-18,1697.02,2075.82,1887.68,102.2
Maharashtra,Jalgaon,Jalgaon Main,Tomato,Hybrid,2026-08-18,1430.12,1628.76,1522.93,73.3
Maharashtra,Jalgaon,Jalgaon Main,Soybean,Yellow,2026-08-18,3967.48,4525.77,4265.72,107.6
Maharashtra,Jalgaon,Jalgaon Main,Wheat,Sharbati,2026-08-18,2460.82,2915.86,2600.68,108.1
Maharashtra,Nandurbar,Nandurbar APMC,Onion,Red,2026-08-18,1648.55,1882.9,1784.01,105.7
Maharashtra,Nandurbar,Nandurbar APMC,Tomato,Hybrid,2026-08-18,1459.66,1753.68,1563.89,163.9
Maharashtra,Nandurbar,Nandurbar APMC,Soybean,Yellow,2026-08-18,3577.45,4640.75,4043.85,134.0
Maharashtra,Nandurbar,Nandurbar APMC,Wheat,Sharbati,2026-08-18,2334.2,2711.9,2555.98,179.7
Maharashtra,Nashik,Lasalgaon,Onion,Red,2026-08-18,1713.2,2005.48,1806.17,76.6
Maharashtra,Nashik,Lasalgaon,Tomato,Hybrid,2026-08-18,1458.27,1763.04,1579.29,43.3
Maharashtra,Nashik,Lasalgaon,Soybean,Yellow,2026-08-18,3521.13,4198.79,3898.67,90.1
Maharashtra,Nashik,Lasalgaon,Wheat,Sharbati,2026-08-18,2272.38,2695.6,2492.41,110.3
Maharashtra,Nashik,Pimpalgaon,Onion,Red,2026-08-18,1677.79,2150.32,1888.12,74.2
Maharashtra,Nashik,Pimpalgaon,Tomato,Hybrid,2026-08-18,1328.32,1697.19,1495.12,139.0
Maharashtra,Nashik,Pimpalgaon,Soybean,Yellow,2026-08-18,3581.34,4368.89,3910.32,139.1
Maharashtra,Nashik,Pimpalgaon,Wheat,Sharbati,2026-08-18,2366.24,2701.91,2530.03,162.8
Maharashtra,Pune,Pune(Gultekdi),Onion,Red,2026-08-18,1744.73,2107.43,1894.36,126.4
Maharashtra,Pune,Pune(Gultekdi),Tomato,Hybrid,2026-08-18,1667.48,1862.65,1757.65,163.0
Maharashtra,Pune,Pune(Gultekdi),Soybean,Yellow,2026-08-18,4072.12,4954.99,4567.03,97.5
Maharashtra,Pune,Pune(Gultekdi),Wheat,Sharbati,2026-08-18,2621.54,3288.51,2911.64,121.5
Maharashtra,Solapur,Solapur Mandi,Onion,Red,2026-08-18,1827.06,2191.69,1988.8,137.7
Maharashtra,Solapur,Solapur Mandi,Tomato,Hybrid,2026-08-18,1534.98,1858.03,1665.99,94.5
Maharashtra,Solapur,Solapur Mandi,Soybean,Yellow,2026-08-18,4046.64,4892.81,4427.89,186.6
Maharashtra,Solapur,Solapur Mandi,Wheat,Sharbati,2026-08-18,2583.48,2946.29,2730.14,127.9
Madhya Pradesh,Ujjain,Ujjain APMC,Onion,Red,2026-08-18,1803.66,2018.13,1921.33,125.4
Madhya Pradesh,Ujjain,Ujjain APMC,Tomato,Hybrid,2026-08-18,1459.27,1785.48,1639.64,137.6
Madhya Pradesh,Ujjain,Ujjain APMC,Soybean,Yellow,2026-08-18,3917.37,4807.37,4329.67,136.6
Madhya Pradesh,Ujjain,Ujjain APMC,Wheat,Sharbati,2026-08-18,2519.94,2862.86,2695.2,110.3
Maharashtra,Ahmednagar,Kopargaon,Onion,Red,2026-08-19,1654.67,2088.67,1867.05,116.4
Maharashtra,Ahmednagar,Kopargaon,Tomato,Hybrid,2026-08-19,1345.81,1613.68,1484.89,47.0
Maharashtra,Ahmednagar,Kopargaon,Soybean,Yellow,2026-08-19,3674.88,4393.26,4055.47,103.0
Maharashtra,Ahmednagar,Kopargaon,Wheat,Sharbati,2026-08-19,2324.22,2781.95,2571.56,99.2
Madhya Pradesh,Indore,Indore Mandi,Onion,Red,2026-08-19,1813.92,2230.0,2053.4,162.1
Madhya Pradesh,Indore,Indore Mandi,Tomato,Hybrid,2026-08-19,1580.47,1869.2,1721.27,203.7
Madhya Pradesh,Indore,Indore Mandi,Soybean,Yellow,2026-08-19,3945.28,4812.43,4480.79,120.1
Madhya Pradesh,Indore,Indore Mandi,Wheat,Sharbati,2026-08-19,2485.96,3025.46,2807.36,144.2
Maharashtra,Jalgaon,Jalgaon Main,Onion,Red,2026-08-19,1820.15,2162.96,1920.75,163.3
Maharashtra,Jalgaon,Jalgaon Main,Tomato,Hybrid,2026-08-19,1337.38,1700.07,1486.93,151.0
Maharashtra,Jalgaon,Jalgaon Main,Soybean,Yellow,2026-08-19,3878.59,4678.67,4155.31,110.3
Maharashtra,Jalgaon,Jalgaon Main,Wheat,Sharbati,2026-08-19,2409.23,2902.02,2601.82,112.7
Maharashtra,Nandurbar,Nandurbar APMC,Onion,Red,2026-08-19,1648.34,1940.5,1829.73,126.9
Maharashtra,Nandurbar,Nandurbar APMC,Tomato,Hybrid,2026-08-19,1468.17,1670.61,1586.63,177.3
Maharashtra,Nandurbar,Nandurbar APMC,Soybean,Yellow,2026-08-19,3855.08,4419.38,4079.68,139.8
Maharashtra,Nandurbar,Nandurbar APMC,Wheat,Sharbati,2026-08-19,2421.22,2850.5,2550.0,97.9
Maharashtra,Nashik,Lasalgaon,Onion,Red,2026-08-19,1638.56,1925.63,1816.31,89.7
Maharashtra,Nashik,Lasalgaon,Tomato,Hybrid,2026-08-19,1398.21,1691.54,1486.25,130.8
Maharashtra,Nashik,Lasalgaon,Soybean,Yellow,2026-08-19,3727.25,4380.44,3961.25,110.6
Maharashtra,Nashik,Lasalgaon,Wheat,Sharbati,2026-08-19,2264.26,2781.0,2463.88,99.2
Maharashtra,Nashik,Pimpalgaon,Onion,Red,2026-08-19,1619.25,1864.72,1724.46,91.3
Maharashtra,Nashik,Pimpalgaon,Tomato,Hybrid,2026-08-19,1376.38,1598.84,1478.83,111.8
Maharashtra,Nashik,Pimpalgaon,Soybean,Yellow,2026-08-19,3507.93,4498.84,3975.71,84.6
Maharashtra,Nashik,Pimpalgaon,Wheat,Sharbati,2026-08-19,2297.28,2831.73,2517.52,111.2
Maharashtra,Pune,Pune(Gultekdi),Onion,Red,2026-08-19,1902.5,2384.47,2089.82,126.8
Maharashtra,Pune,Pune(Gultekdi),Tomato,Hybrid,2026-08-19,1584.36,1955.03,1733.5,170.8
Maharashtra,Pune,Pune(Gultekdi),Soybean,Yellow,2026-08-19,4149.76,5144.71,4545.3,100.8
Maharashtra,Pune,Pune(Gultekdi),Wheat,Sharbati,2026-08-19,2736.31,3312.05,2891.57,96.0
Maharashtra,Solapur,Solapur Mandi,Onion,Red,2026-08-19,1675.28,2030.71,1812.51,115.3
Maharashtra,Solapur,Solapur Mandi,Tomato,Hybrid,2026-08-19,1594.67,1941.86,1761.44,124.1
Maharashtra,Solapur,Solapur Mandi,Soybean,Yellow,2026-08-19,4001.86,4979.83,4381.45,78.9
Maharashtra,Solapur,Solapur Mandi,Wheat,Sharbati,2026-08-19,2573.72,3089.52,2727.36,140.7
Madhya Pradesh,Ujjain,Ujjain APMC,Onion,Red,2026-08-19,1765.66,2125.43,1939.67,141.0
Madhya Pradesh,Ujjain,Ujjain APMC,Tomato,Hybrid,2026-08-19,1490.56,1723.46,1633.19,139.8
Madhya Pradesh,Ujjain,Ujjain APMC,Soybean,Yellow,2026-08-19,3848.1,4540.01,4312.11,104.0
Madhya Pradesh,Ujjain,Ujjain APMC,Wheat,Sharbati,2026-08-19,2413.12,2991.04,2700.77,93.1
Maharashtra,Ahmednagar,Kopargaon,Onion,Red,2026-08-20,1737.54,2033.22,1883.43,82.5
Maharashtra,Ahmednagar,Kopargaon,Tomato,Hybrid,2026-08-20,1353.17,1727.66,1504.93,115.0
Maharashtra,Ahmednagar,Kopargaon,Soybean,Yellow,2026-08-20,3846.67,4333.51,4072.55,125.0
Maharashtra,Ahmednagar,Kopargaon,Wheat,Sharbati,2026-08-20,2362.14,2905.68,2568.17,140.8
Madhya Pradesh,Indore,Indore Mandi,Onion,Red,2026-08-20,1814.05,2288.02,2018.46,84.9
Madhya Pradesh,Indore,Indore Mandi,Tomato,Hybrid,2026-08-20,1526.3,1866.96,1701.91,94.3
Madhya Pradesh,Indore,Indore Mandi,Soybean,Yellow,2026-08-20,3965.09,4652.54,4415.12,130.1
Madhya Pradesh,Indore,Indore Mandi,Wheat,Sharbati,2026-08-20,2623.21,3150.8,2814.87,128.5
Maharashtra,Jalgaon,Jalgaon Main,Onion,Red,2026-08-20,1665.53,1916.27,1791.04,177.5
Maharashtra,Jalgaon,Jalgaon Main,Tomato,Hybrid,2026-08-20,1494.13,1814.3,1582.0,102.1
Maharashtra,Jalgaon,Jalgaon Main,Soybean,Yellow,2026-08-20,3909.46,4521.71,4144.61,167.6
Maharashtra,Jalgaon,Jalgaon Main,Wheat,Sharbati,2026-08-20,2467.14,2953.45,2637.68,51.8
Maharashtra,Nandurbar,Nandurbar APMC,Onion,Red,2026-08-20,1634.22,1904.98,1804.28,141.1
Maharashtra,Nandurbar,Nandurbar APMC,Tomato,Hybrid,2026-08-20,1311.26,1548.54,1385.89,191.5
Maharashtra,Nandurbar,Nandurbar APMC,Soybean,Yellow,2026-08-20,3624.61,4484.44,3977.26,204.7
Maharashtra,Nandurbar,Nandurbar APMC,Wheat,Sharbati,2026-08-20,2271.72,2711.44,2528.73,89.0
Maharashtra,Nashik,Lasalgaon,Onion,Red,2026-08-20,1570.24,1829.11,1733.37,77.3
Maharashtra,Nashik,Lasalgaon,Tomato,Hybrid,2026-08-20,1388.91,1741.09,1548.36,229.0
Maharashtra,Nashik,Lasalgaon,Soybean,Yellow,2026-08-20,3690.52,4454.63,3910.04,136.4
Maharashtra,Nashik,Lasalgaon,Wheat,Sharbati,2026-08-20,2227.46,2735.35,2494.7,101.3
Maharashtra,Nashik,Pimpalgaon,Onion,Red,2026-08-20,1666.6,2017.65,1777.61,170.8
Maharashtra,Nashik,Pimpalgaon,Tomato,Hybrid,2026-08-20,1364.47,1613.33,1495.72,104.1
Maharashtra,Nashik,Pimpalgaon,Soybean,Yellow,2026-08-20,3588.07,4680.8,4075.62,161.0
Maharashtra,Nashik,Pimpalgaon,Wheat,Sharbati,2026-08-20,2234.83,2901.97,2528.35,108.5
Maharashtra,Pune,Pune(Gultekdi),Onion,Red,2026-08-20,1927.41,2402.27,2110.93,80.1
Maharashtra,Pune,Pune(Gultekdi),Tomato,Hybrid,2026-08-20,1675.24,2049.69,1809.96,75.4
Maharashtra,Pune,Pune(Gultekdi),Soybean,Yellow,2026-08-20,4309.5,4934.03,4572.14,165.1
Maharashtra,Pune,Pune(Gultekdi),Wheat,Sharbati,2026-08-20,2573.3,3221.47,2904.2,171.5
Maharashtra,Solapur,Solapur Mandi,Onion,Red,2026-08-20,1845.68,2142.55,1980.98,88.4
Maharashtra,Solapur,Solapur Mandi,Tomato,Hybrid,2026-08-20,1565.0,1958.34,1777.37,145.7
Maharashtra,Solapur,Solapur Mandi,Soybean,Yellow,2026-08-20,4086.94,4868.22,4378.15,68.0
Maharashtra,Solapur,Solapur Mandi,Wheat,Sharbati,2026-08-20,2596.4,3154.02,2757.57,141.3
Madhya Pradesh,Ujjain,Ujjain APMC,Onion,Red,2026-08-20,1760.85,2099.6,1925.48,85.2
Madhya Pradesh,Ujjain,Ujjain APMC,Tomato,Hybrid,2026-08-20,1639.84,1932.4,1812.03,76.8
Madhya Pradesh,Ujjain,Ujjain APMC,Soybean,Yellow,2026-08-20,3797.46,4757.15,4265.04,135.6
Madhya Pradesh,Ujjain,Ujjain APMC,Wheat,Sharbati,2026-08-20,2494.98,3040.94,2700.14,90.4
Maharashtra,Ahmednagar,Kopargaon,Onion,Red,2026-08-21,1673.81,2028.28,1884.04,140.7
Maharashtra,Ahmednagar,Kopargaon,Tomato,Hybrid,2026-08-21,1584.79,1938.75,1724.46,96.0
Maharashtra,Ahmednagar,Kopargaon,Soybean,Yellow,2026-08-21,3854.72,4578.27,4163.19,193.5
Maharashtra,Ahmednagar,Kopargaon,Wheat,Sharbati,2026-08-21,2362.06,2757.41,2564.02,101.3
Madhya Pradesh,Indore,Indore Mandi,Onion,Red,2026-08-21,1698.83,2060.3,1920.45,91.0
Madhya Pradesh,Indore,Indore Mandi,Tomato,Hybrid,2026-08-21,1575.27,2003.49,1761.56,132.3
Madhya Pradesh,Indore,Indore Mandi,Soybean,Yellow,2026-08-21,4088.21,4862.78,4558.23,142.6
Madhya Pradesh,Indore,Indore Mandi,Wheat,Sharbati,2026-08-21,2563.89,3003.81,2823.96,101.6
Maharashtra,Jalgaon,Jalgaon Main,Onion,Red,2026-08-21,1759.06,1970.81,1872.75,121.8
Maharashtra,Jalgaon,Jalgaon Main,Tomato,Hybrid,2026-08-21,1555.92,1766.43,1638.94,157.5
Maharashtra,Jalgaon,Jalgaon Main,Soybean,Yellow,2026-08-21,3690.05,4393.26,4120.71,145.7
Maharashtra,Jalgaon,Jalgaon Main,Wheat,Sharbati,2026-08-21,2463.89,2831.73,2598.6,95.6
Maharashtra,Nandurbar,Nandurbar APMC,Onion,Red,2026-08-21,1714.91,2010.64,1834.86,128.5
Maharashtra,Nandurbar,Nandurbar APMC,Tomato,Hybrid,2026-08-21,1264.92,1577.19,1388.74,119.2
Maharashtra,Nandurbar,Nandurbar APMC,Soybean,Yellow,2026-08-21,3852.66,4470.14,4107.52,106.7
Maharashtra,Nandurbar,Nandurbar APMC,Wheat,Sharbati,2026-08-21,2310.45,2672.01,2526.93,139.3
Maharashtra,Nashik,Lasalgaon,Onion,Red,2026-08-21,1683.54,2095.9,1911.6,147.5
Maharashtra,Nashik,Lasalgaon,Tomato,Hybrid,2026-08-21,1475.11,1725.64,1592.16,120.5
Maharashtra,Nashik,Lasalgaon,Soybean,Yellow,2026-08-21,3645.2,4537.96,3982.74,148.2
Maharashtra,Nashik,Lasalgaon,Wheat,Sharbati,2026-08-21,2336.94,2800.68,2476.61,136.6
Maharashtra,Nashik,Pimpalgaon,Onion,Red,2026-08-21,1675.49,1953.27,1806.6,139.1
Maharashtra,Nashik,Pimpalgaon,Tomato,Hybrid,2026-08-21,1500.18,1802.89,1582.89,138.8
Maharashtra,Nashik,Pimpalgaon,Soybean,Yellow,2026-08-21,3763.8,4273.97,3966.88,154.2
Maharashtra,Nashik,Pimpalgaon,Wheat,Sharbati,2026-08-21,2366.04,2686.73,2528.16,138.4
Maharashtra,Pune,Pune(Gultekdi),Onion,Red,2026-08-21,1940.26,2429.53,2117.05,145.1
Maharashtra,Pune,Pune(Gultekdi),Tomato,Hybrid,2026-08-21,1595.74,1944.42,1809.33,203.8
Maharashtra,Pune,Pune(Gultekdi),Soybean,Yellow,2026-08-21,4076.85,5293.8,4611.93,71.4
Maharashtra,Pune,Pune(Gultekdi),Wheat,Sharbati,2026-08-21,2588.84,3054.36,2875.16,95.9
Maharashtra,Solapur,Solapur Mandi,Onion,Red,2026-08-21,1777.08,2136.3,1965.0,174.2
Maharashtra,Solapur,Solapur Mandi,Tomato,Hybrid,2026-08-21,1502.55,1850.47,1695.55,60.8
Maharashtra,Solapur,Solapur Mandi,Soybean,Yellow,2026-08-21,4064.29,4770.16,4369.58,106.7
Maharashtra,Solapur,Solapur Mandi,Wheat,Sharbati,2026-08-21,2538.52,2912.69,2742.31,60.3
Madhya Pradesh,Ujjain,Ujjain APMC,Onion,Red,2026-08-21,1802.63,2121.78,1933.49,62.5
Madhya Pradesh,Ujjain,Ujjain APMC,Tomato,Hybrid,2026-08-21,1420.13,1774.02,1550.62,80.7
Madhya Pradesh,Ujjain,Ujjain APMC,Soybean,Yellow,2026-08-21,4104.38,4688.76,4326.32,131.2
Madhya Pradesh,Ujjain,Ujjain APMC,Wheat,Sharbati,2026-08-21,2604.97,3115.68,2749.57,72.3
Maharashtra,Ahmednagar,Kopargaon,Onion,Red,2026-08-22,1700.86,2095.04,1874.9,159.9
Maharashtra,Ahmednagar,Kopargaon,Tomato,Hybrid,2026-08-22,1394.74,1660.55,1473.84,112.3
Maharashtra,Ahmednagar,Kopargaon,Soybean,Yellow,2026-08-22,3652.35,4636.24,4119.53,90.6
Maharashtra,Ahmednagar,Kopargaon,Wheat,Sharbati,2026-08-22,2455.85,2742.27,2587.96,82.5
Madhya Pradesh,Indore,Indore Mandi,Onion,Red,2026-08-22,1758.27,2148.19,1921.52,126.5
Madhya Pradesh,Indore,Indore Mandi,Tomato,Hybrid,2026-08-22,1687.53,1955.67,1780.44,201.4
Madhya Pradesh,Indore,Indore Mandi,Soybean,Yellow,2026-08-22,4146.38,4983.33,4508.4,90.8
Madhya Pradesh,Indore,Indore Mandi,Wheat,Sharbati,2026-08-22,2596.46,3082.26,2812.26,147.8
Maharashtra,Jalgaon,Jalgaon Main,Onion,Red,2026-08-22,1787.94,2031.61,1923.47,117.3
Maharashtra,Jalgaon,Jalgaon Main,Tomato,Hybrid,2026-08-22,1477.6,1749.62,1581.63,156.3
Maharashtra,Jalgaon,Jalgaon Main,Soybean,Yellow,2026-08-22,3873.71,4697.7,4201.19,119.1
Maharashtra,Jalgaon,Jalgaon Main,Wheat,Sharbati,2026-08-22,2308.35,2764.13,2560.06,143.1
Maharashtra,Nandurbar,Nandurbar APMC,Onion,Red,2026-08-22,1579.29,2034.56,1775.68,193.1
Maharashtra,Nandurbar,Nandurbar APMC,Tomato,Hybrid,2026-08-22,1307.89,1622.96,1471.47,124.8
Maharashtra,Nandurbar,Nandurbar APMC,Soybean,Yellow,2026-08-22,3565.38,4246.68,4038.89,197.3
Maharashtra,Nandurbar,Nandurbar APMC,Wheat,Sharbati,2026-08-22,2391.67,2870.45,2569.85,107.8
Maharashtra,Nashik,Lasalgaon,Onion,Red,2026-08-22,1676.31,1871.24,1769.39,128.1
Maharashtra,Nashik,Lasalgaon,Tomato,Hybrid,2026-08-22,1397.51,1620.0,1486.78,105.2
Maharashtra,Nashik,Lasalgaon,Soybean,Yellow,2026-08-22,3502.62,4293.8,3899.24,145.3
Maharashtra,Nashik,Lasalgaon,Wheat,Sharbati,2026-08-22,2230.62,2763.18,2509.22,110.9
Maharashtra,Nashik,Pimpalgaon,Onion,Red,2026-08-22,1546.97,1841.88,1730.96,98.4
Maharashtra,Nashik,Pimpalgaon,Tomato,Hybrid,2026-08-22,1364.63,1717.53,1504.57,73.1
Maharashtra,Nashik,Pimpalgaon,Soybean,Yellow,2026-08-22,3582.13,4200.83,3987.22,102.4
Maharashtra,Nashik,Pimpalgaon,Wheat,Sharbati,2026-08-22,2287.12,2672.38,2513.76,102.4
Maharashtra,Pune,Pune(Gultekdi),Onion,Red,2026-08-22,1981.36,2291.79,2152.53,139.5
Maharashtra,Pune,Pune(Gultekdi),Tomato,Hybrid,2026-08-22,1670.47,1929.78,1759.9,176.3
Maharashtra,Pune,Pune(Gultekdi),Soybean,Yellow,2026-08-22,4096.82,4931.22,4620.84,186.1
Maharashtra,Pune,Pune(Gultekdi),Wheat,Sharbati,2026-08-22,2657.75,3085.04,2897.74,184.8
Maharashtra,Solapur,Solapur Mandi,Onion,Red,2026-08-22,1805.04,2062.79,1911.67,76.0
Maharashtra,Solapur,Solapur Mandi,Tomato,Hybrid,2026-08-22,1587.07,1951.44,1705.61,65.6
Maharashtra,Solapur,Solapur Mandi,Soybean,Yellow,2026-08-22,3876.66,4958.51,4379.87,140.3
Maharashtra,Solapur,Solapur Mandi,Wheat,Sharbati,2026-08-22,2441.15,3137.67,2758.18,106.1
Madhya Pradesh,Ujjain,Ujjain APMC,Onion,Red,2026-08-22,1807.14,2114.89,1929.7,107.5
Madhya Pradesh,Ujjain,Ujjain APMC,Tomato,Hybrid,2026-08-22,1549.12,1896.95,1649.97,95.0
Madhya Pradesh,Ujjain,Ujjain APMC,Soybean,Yellow,2026-08-22,4083.8,4710.76,4322.75,102.4
Madhya Pradesh,Ujjain,Ujjain APMC,Wheat,Sharbati,2026-08-22,2500.96,3077.37,2703.67,155.9
Maharashtra,Ahmednagar,Kopargaon,Onion,Red,2026-08-23,1594.74,1942.85,1751.33,136.2
Maharashtra,Ahmednagar,Kopargaon,Tomato,Hybrid,2026-08-23,1425.17,1698.41,1507.51,122.4
Maharashtra,Ahmednagar,Kopargaon,Soybean,Yellow,2026-08-23,3849.88,4626.69,4082.16,94.1
Maharashtra,Ahmednagar,Kopargaon,Wheat,Sharbati,2026-08-23,2423.81,2944.34,2596.45,84.1
Madhya Pradesh,Indore,Indore Mandi,Onion,Red,2026-08-23,1805.1,2212.63,1963.01,136.5
Madhya Pradesh,Indore,Indore Mandi,Tomato,Hybrid,2026-08-23,1617.4,1859.75,1708.76,70.9
Madhya Pradesh,Indore,Indore Mandi,Soybean,Yellow,2026-08-23,4139.23,5030.34,4480.34,172.6
Madhya Pradesh,Indore,Indore Mandi,Wheat,Sharbati,2026-08-23,2624.96,2928.15,2779.12,130.5
Maharashtra,Jalgaon,Jalgaon Main,Onion,Red,2026-08-23,1765.28,2017.21,1892.02,120.7
Maharashtra,Jalgaon,Jalgaon Main,Tomato,Hybrid,2026-08-23,1476.32,1710.78,1611.35,127.1
Maharashtra,Jalgaon,Jalgaon Main,Soybean,Yellow,2026-08-23,3734.35,4472.72,4081.83,86.7
Maharashtra,Jalgaon,Jalgaon Main,Wheat,Sharbati,2026-08-23,2455.03,2752.7,2591.29,128.7
Maharashtra,Nandurbar,Nandurbar APMC,Onion,Red,2026-08-23,1737.41,2157.09,1936.24,113.3
Maharashtra,Nandurbar,Nandurbar APMC,Tomato,Hybrid,2026-08-23,1352.91,1612.45,1468.2,122.8
Maharashtra,Nandurbar,Nandurbar APMC,Soybean,Yellow,2026-08-23,3684.73,4321.65,4022.98,122.1
Maharashtra,Nandurbar,Nandurbar APMC,Wheat,Sharbati,2026-08-23,2374.62,2916.04,2571.88,99.4
Maharashtra,Nashik,Lasalgaon,Onion,Red,2026-08-23,1446.07,1746.56,1637.54,173.7
Maharashtra,Nashik,Lasalgaon,Tomato,Hybrid,2026-08-23,1286.19,1457.49,1363.26,95.3
Maharashtra,Nashik,Lasalgaon,Soybean,Yellow,2026-08-23,3731.35,4398.1,3991.28,140.0
Maharashtra,Nashik,Lasalgaon,Wheat,Sharbati,2026-08-23,2256.11,2671.01,2462.67,114.7
Maharashtra,Nashik,Pimpalgaon,Onion,Red,2026-08-23,1522.53,1954.85,1723.3,110.7
Maharashtra,Nashik,Pimpalgaon,Tomato,Hybrid,2026-08-23,1260.77,1549.03,1428.03,179.6
Maharashtra,Nashik,Pimpalgaon,Soybean,Yellow,2026-08-23,3781.37,4310.39,4013.31,156.1
Maharashtra,Nashik,Pimpalgaon,Wheat,Sharbati,2026-08-23,2318.72,2782.02,2536.91,124.7
Maharashtra,Pune,Pune(Gultekdi),Onion,Red,2026-08-23,1944.09,2195.4,2052.37,140.6
Maharashtra,Pune,Pune(Gultekdi),Tomato,Hybrid,2026-08-23,1729.42,1967.69,1827.34,80.7
Maharashtra,Pune,Pune(Gultekdi),Soybean,Yellow,2026-08-23,4323.71,5044.63,4620.87,118.0
Maharashtra,Pune,Pune(Gultekdi),Wheat,Sharbati,2026-08-23,2596.06,3302.08,2891.75,130.2
Maharashtra,Solapur,Solapur Mandi,Onion,Red,2026-08-23,1872.76,2110.29,1974.06,96.8
Maharashtra,Solapur,Solapur Mandi,Tomato,Hybrid,2026-08-23,1610.07,1995.6,1740.0,137.6
Maharashtra,Solapur,Solapur Mandi,Soybean,Yellow,2026-08-23,4066.76,4850.37,4453.29,154.2
Maharashtra,Solapur,Solapur Mandi,Wheat,Sharbati,2026-08-23,2529.0,3082.16,2752.78,113.6
Madhya Pradesh,Ujjain,Ujjain APMC,Onion,Red,2026-08-23,1694.91,2089.6,1924.65,120.0
Madhya Pradesh,Ujjain,Ujjain APMC,Tomato,Hybrid,2026-08-23,1634.29,1913.61,1772.04,99.4
Madhya Pradesh,Ujjain,Ujjain APMC,Soybean,Yellow,2026-08-23,3912.15,4690.32,4312.56,189.5
Madhya Pradesh,Ujjain,Ujjain APMC,Wheat,Sharbati,2026-08-23,2545.98,2883.42,2710.19,138.8
Maharashtra,Ahmednagar,Kopargaon,Onion,Red,2026-08-24,1799.31,1998.21,1894.95,113.7
Maharashtra,Ahmednagar,Kopargaon,Tomato,Hybrid,2026-08-24,1484.99,1767.04,1580.09,123.4
Maharashtra,Ahmednagar,Kopargaon,Soybean,Yellow,2026-08-24,3661.24,4395.47,4061.81,122.9
Maharashtra,Ahmednagar,Kopargaon,Wheat,Sharbati,2026-08-24,2345.27,2952.55,2591.27,161.3
Madhya Pradesh,Indore,Indore Mandi,Onion,Red,2026-08-24,1812.97,2133.73,2024.62,86.6
Madhya Pradesh,Indore,Indore Mandi,Tomato,Hybrid,2026-08-24,1647.91,2044.88,1793.5,105.7
Madhya Pradesh,Indore,Indore Mandi,Soybean,Yellow,2026-08-24,4074.74,4701.51,4439.05,154.8
Madhya Pradesh,Indore,Indore Mandi,Wheat,Sharbati,2026-08-24,2590.75,3219.47,2824.42,92.8
Maharashtra,Jalgaon,Jalgaon Main,Onion,Red,2026-08-24,1643.56,1889.57,1757.58,155.3
Maharashtra,Jalgaon,Jalgaon Main,Tomato,Hybrid,2026-08-24,1537.94,1727.48,1621.18,145.5
Maharashtra,Jalgaon,Jalgaon Main,Soybean,Yellow,2026-08-24,3944.57,4505.29,4159.54,109.9
Maharashtra,Jalgaon,Jalgaon Main,Wheat,Sharbati,2026-08-24,2345.16,2838.48,2633.38,112.6
Maharashtra,Nandurbar,Nandurbar APMC,Onion,Red,2026-08-24,1586.01,1839.64,1712.82,151.2
Maharashtra,Nandurbar,Nandurbar APMC,Tomato,Hybrid,2026-08-24,1403.78,1603.68,1500.6,96.9
Maharashtra,Nandurbar,Nandurbar APMC,Soybean,Yellow,2026-08-24,3847.37,4601.64,4078.0,85.3
Maharashtra,Nandurbar,Nandurbar APMC,Wheat,Sharbati,2026-08-24,2292.64,2919.17,2556.72,117.2
Maharashtra,Nashik,Lasalgaon,Onion,Red,2026-08-24,1532.64,1927.1,1698.18,141.2
Maharashtra,Nashik,Lasalgaon,Tomato,Hybrid,2026-08-24,1912.84,2255.97,2104.9,111.0
Maharashtra,Nashik,Lasalgaon,Soybean,Yellow,2026-08-24,3700.24,4480.24,3938.78,198.9
Maharashtra,Nashik,Lasalgaon,Wheat,Sharbati,2026-08-24,2279.17,2807.09,2495.95,126.8
Maharashtra,Nashik,Pimpalgaon,Onion,Red,2026-08-24,1623.05,1877.93,1783.55,129.3
Maharashtra,Nashik,Pimpalgaon,Tomato,Hybrid,2026-08-24,1371.02,1727.01,1530.97,110.4
Maharashtra,Nashik,Pimpalgaon,Soybean,Yellow,2026-08-24,3714.75,4341.81,4019.74,113.6
Maharashtra,Nashik,Pimpalgaon,Wheat,Sharbati,2026-08-24,2402.95,2784.23,2543.41,148.2
Maharashtra,Pune,Pune(Gultekdi),Onion,Red,2026-08-24,1960.97,2381.72,2207.57,111.4
Maharashtra,Pune,Pune(Gultekdi),Tomato,Hybrid,2026-08-24,2189.12,2794.08,2470.97,119.5
Maharashtra,Pune,Pune(Gultekdi),Soybean,Yellow,2026-08-24,4171.75,5008.41,4665.85,147.6
Maharashtra,Pune,Pune(Gultekdi),Wheat,Sharbati,2026-08-24,2661.56,3094.33,2895.97,105.2
Maharashtra,Solapur,Solapur Mandi,Onion,Red,2026-08-24,1748.68,2168.67,1926.98,166.2
Maharashtra,Solapur,Solapur Mandi,Tomato,Hybrid,2026-08-24,1553.19,1820.7,1696.37,135.9
Maharashtra,Solapur,Solapur Mandi,Soybean,Yellow,2026-08-24,4071.56,4644.16,4353.68,102.9
Maharashtra,Solapur,Solapur Mandi,Wheat,Sharbati,2026-08-24,2525.45,3066.74,2722.75,135.1
Madhya Pradesh,Ujjain,Ujjain APMC,Onion,Red,2026-08-24,1819.47,2130.16,1922.25,144.0
Madhya Pradesh,Ujjain,Ujjain APMC,Tomato,Hybrid,2026-08-24,1521.21,1869.11,1641.26,112.6
Madhya Pradesh,Ujjain,Ujjain APMC,Soybean,Yellow,2026-08-24,4144.93,4706.97,4374.35,152.4
Madhya Pradesh,Ujjain,Ujjain APMC,Wheat,Sharbati,2026-08-24,2512.92,2946.95,2715.9,93.8
Maharashtra,Ahmednagar,Kopargaon,Onion,Red,2026-08-25,1628.22,1888.4,1767.15,119.6
Maharashtra,Ahmednagar,Kopargaon,Tomato,Hybrid,2026-08-25,1409.25,1719.36,1559.96,80.4
Maharashtra,Ahmednagar,Kopargaon,Soybean,Yellow,2026-08-25,3835.59,4404.91,4088.25,159.8
Maharashtra,Ahmednagar,Kopargaon,Wheat,Sharbati,2026-08-25,2425.54,2773.69,2593.38,128.6
Madhya Pradesh,Indore,Indore Mandi,Onion,Red,2026-08-25,1747.97,2024.63,1921.34,131.2
Madhya Pradesh,Indore,Indore Mandi,Tomato,Hybrid,2026-08-25,1569.86,1869.4,1690.22,85.2
Madhya Pradesh,Indore,Indore Mandi,Soybean,Yellow,2026-08-25,4238.61,4766.73,4503.71,212.3
Madhya Pradesh,Indore,Indore Mandi,Wheat,Sharbati,2026-08-25,2666.15,3105.84,2824.02,157.6
Maharashtra,Jalgaon,Jalgaon Main,Onion,Red,2026-08-25,1608.68,1946.68,1717.28,127.0
Maharashtra,Jalgaon,Jalgaon Main,Tomato,Hybrid,2026-08-25,1448.15,1778.3,1552.4,114.7
Maharashtra,Jalgaon,Jalgaon Main,Soybean,Yellow,2026-08-25,3963.18,4393.78,4176.64,101.8
Maharashtra,Jalgaon,Jalgaon Main,Wheat,Sharbati,2026-08-25,2458.4,2823.61,2595.45,85.5
Maharashtra,Nandurbar,Nandurbar APMC,Onion,Red,2026-08-25,1783.01,2129.48,1909.05,82.5
Maharashtra,Nandurbar,Nandurbar APMC,Tomato,Hybrid,2026-08-25,1339.23,1661.45,1499.92,80.5
Maharashtra,Nandurbar,Nandurbar APMC,Soybean,Yellow,2026-08-25,3558.93,4395.23,4031.25,149.6
Maharashtra,Nandurbar,Nandurbar APMC,Wheat,Sharbati,2026-08-25,2288.88,2783.1,2562.41,94.0
Maharashtra,Nashik,Lasalgaon,Onion,Red,2026-08-25,1736.64,2134.16,1895.55,65.3
Maharashtra,Nashik,Lasalgaon,Tomato,Hybrid,2026-08-25,1926.08,2345.22,2111.48,138.1
Maharashtra,Nashik,Lasalgaon,Soybean,Yellow,2026-08-25,3667.72,4455.21,3946.01,107.3
Maharashtra,Nashik,Lasalgaon,Wheat,Sharbati,2026-08-25,2353.35,2622.59,2489.41,63.2
Maharashtra,Nashik,Pimpalgaon,Onion,Red,2026-08-25,1660.52,2016.48,1761.66,73.4
Maharashtra,Nashik,Pimpalgaon,Tomato,Hybrid,2026-08-25,1422.8,1616.69,1501.3,89.6
Maharashtra,Nashik,Pimpalgaon,Soybean,Yellow,2026-08-25,3668.71,4338.37,4005.66,92.2
Maharashtra,Nashik,Pimpalgaon,Wheat,Sharbati,2026-08-25,2413.66,2911.93,2547.46,152.3
Maharashtra,Pune,Pune(Gultekdi),Onion,Red,2026-08-25,1939.02,2277.21,2074.65,152.3
Maharashtra,Pune,Pune(Gultekdi),Tomato,Hybrid,2026-08-25,2278.26,2727.25,2478.69,119.6
Maharashtra,Pune,Pune(Gultekdi),Soybean,Yellow,2026-08-25,4331.07,5127.4,4627.36,159.8
Maharashtra,Pune,Pune(Gultekdi),Wheat,Sharbati,2026-08-25,2604.04,3216.17,2911.82,175.9
Maharashtra,Solapur,Solapur Mandi,Onion,Red,2026-08-25,1809.85,2138.88,2023.32,105.3
Maharashtra,Solapur,Solapur Mandi,Tomato,Hybrid,2026-08-25,1554.12,1867.24,1665.24,120.6
Maharashtra,Solapur,Solapur Mandi,Soybean,Yellow,2026-08-25,3940.88,4668.1,4315.05,128.2
Maharashtra,Solapur,Solapur Mandi,Wheat,Sharbati,2026-08-25,2390.38,2904.41,2714.35,154.7
Madhya Pradesh,Ujjain,Ujjain APMC,Onion,Red,2026-08-25,1735.05,2152.36,1971.65,102.9
Madhya Pradesh,Ujjain,Ujjain APMC,Tomato,Hybrid,2026-08-25,1432.45,1636.94,1558.12,55.1
Madhya Pradesh,Ujjain,Ujjain APMC,Soybean,Yellow,2026-08-25,4056.45,5007.93,4376.67,160.7
Madhya Pradesh,Ujjain,Ujjain APMC,Wheat,Sharbati,2026-08-25,2433.97,2911.97,2749.87,99.4
Maharashtra,Ahmednagar,Kopargaon,Onion,Red,2026-08-26,1584.74,1968.29,1755.42,96.3
Maharashtra,Ahmednagar,Kopargaon,Tomato,Hybrid,2026-08-26,1438.49,1693.32,1552.04,127.5
Maharashtra,Ahmednagar,Kopargaon,Soybean,Yellow,2026-08-26,3708.06,4437.73,4080.77,52.4
Maharashtra,Ahmednagar,Kopargaon,Wheat,Sharbati,2026-08-26,2330.32,2760.87,2576.22,148.5
Madhya Pradesh,Indore,Indore Mandi,Onion,Red,2026-08-26,1948.55,2170.0,2058.35,169.1
Madhya Pradesh,Indore,Indore Mandi,Tomato,Hybrid,2026-08-26,1595.27,1929.67,1739.01,147.0
Madhya Pradesh,Indore,Indore Mandi,Soybean,Yellow,2026-08-26,4284.4,4874.71,4540.66,86.9
Madhya Pradesh,Indore,Indore Mandi,Wheat,Sharbati,2026-08-26,2476.09,2991.24,2807.94,122.6
Maharashtra,Jalgaon,Jalgaon Main,Onion,Red,2026-08-26,1697.56,2056.39,1842.48,169.8
Maharashtra,Jalgaon,Jalgaon Main,Tomato,Hybrid,2026-08-26,1321.93,1655.1,1457.67,105.0
Maharashtra,Jalgaon,Jalgaon Main,Soybean,Yellow,2026-08-26,3746.61,4641.81,4152.93,120.4
Maharashtra,Jalgaon,Jalgaon Main,Wheat,Sharbati,2026-08-26,2487.36,2836.66,2640.03,108.6
Maharashtra,Nandurbar,Nandurbar APMC,Onion,Red,2026-08-26,1714.95,1967.82,1844.72,91.7
Maharashtra,Nandurbar,Nandurbar APMC,Tomato,Hybrid,2026-08-26,1332.13,1612.55,1499.77,152.4
Maharashtra,Nandurbar,Nandurbar APMC,Soybean,Yellow,2026-08-26,3852.42,4444.78,4093.15,119.5
Maharashtra,Nandurbar,Nandurbar APMC,Wheat,Sharbati,2026-08-26,2331.74,2825.64,2590.19,134.3
Maharashtra,Nashik,Lasalgaon,Onion,Red,2026-08-26,1650.64,1867.39,1740.97,121.2
Maharashtra,Nashik,Lasalgaon,Tomato,Hybrid,2026-08-26,1876.75,2412.19,2119.44,127.7
Maharashtra,Nashik,Lasalgaon,Soybean,Yellow,2026-08-26,3473.23,4218.27,3851.83,96.2
Maharashtra,Nashik,Lasalgaon,Wheat,Sharbati,2026-08-26,2315.97,2826.78,2476.1,196.0
Maharashtra,Nashik,Pimpalgaon,Onion,Red,2026-08-26,1572.71,1843.01,1755.0,82.0
Maharashtra,Nashik,Pimpalgaon,Tomato,Hybrid,2026-08-26,1429.18,1629.95,1513.32,156.4
Maharashtra,Nashik,Pimpalgaon,Soybean,Yellow,2026-08-26,3782.04,4221.89,3987.19,50.7
Maharashtra,Nashik,Pimpalgaon,Wheat,Sharbati,2026-08-26,2344.93,2942.31,2562.63,61.5
Maharashtra,Pune,Pune(Gultekdi),Onion,Red,2026-08-26,1986.97,2419.6,2132.1,79.8
Maharashtra,Pune,Pune(Gultekdi),Tomato,Hybrid,2026-08-26,2343.04,2846.79,2488.04,51.6
Maharashtra,Pune,Pune(Gultekdi),Soybean,Yellow,2026-08-26,4279.04,5248.92,4632.69,148.7
Maharashtra,Pune,Pune(Gultekdi),Wheat,Sharbati,2026-08-26,2630.73,3135.13,2927.64,93.9
Maharashtra,Solapur,Solapur Mandi,Onion,Red,2026-08-26,1764.18,2220.29,1947.29,136.2
Maharashtra,Solapur,Solapur Mandi,Tomato,Hybrid,2026-08-26,1456.9,1841.23,1630.78,118.6
Maharashtra,Solapur,Solapur Mandi,Soybean,Yellow,2026-08-26,4008.4,4620.65,4341.21,114.4
Maharashtra,Solapur,Solapur Mandi,Wheat,Sharbati,2026-08-26,2512.84,2853.53,2713.6,155.2
Madhya Pradesh,Ujjain,Ujjain APMC,Onion,Red,2026-08-26,1796.84,2237.06,1994.81,67.4
Madhya Pradesh,Ujjain,Ujjain APMC,Tomato,Hybrid,2026-08-26,1603.16,1856.84,1748.97,102.3
Madhya Pradesh,Ujjain,Ujjain APMC,Soybean,Yellow,2026-08-26,4099.66,4660.67,4322.94,140.5
Madhya Pradesh,Ujjain,Ujjain APMC,Wheat,Sharbati,2026-08-26,2420.18,2936.32,2709.32,126.8
Maharashtra,Ahmednagar,Kopargaon,Onion,Red,2026-08-27,1712.47,2153.4,1904.47,134.8
Maharashtra,Ahmednagar,Kopargaon,Tomato,Hybrid,2026-08-27,1527.68,1876.44,1720.5,120.5
Maharashtra,Ahmednagar,Kopargaon,Soybean,Yellow,2026-08-27,3874.09,4616.34,4166.39,119.1
Maharashtra,Ahmednagar,Kopargaon,Wheat,Sharbati,2026-08-27,2360.72,2879.86,2530.57,176.2
Madhya Pradesh,Indore,Indore Mandi,Onion,Red,2026-08-27,1887.31,2190.33,2081.04,149.7
Madhya Pradesh,Indore,Indore Mandi,Tomato,Hybrid,2026-08-27,1538.39,1807.85,1630.55,162.1
Madhya Pradesh,Indore,Indore Mandi,Soybean,Yellow,2026-08-27,4117.29,5146.76,4503.87,150.7
Madhya Pradesh,Indore,Indore Mandi,Wheat,Sharbati,2026-08-27,2541.63,3215.98,2845.84,54.4
Maharashtra,Jalgaon,Jalgaon Main,Onion,Red,2026-08-27,1778.29,2113.19,1910.3,147.3
Maharashtra,Jalgaon,Jalgaon Main,Tomato,Hybrid,2026-08-27,1514.53,1845.88,1648.18,153.5
Maharashtra,Jalgaon,Jalgaon Main,Soybean,Yellow,2026-08-27,3749.99,4709.11,4145.78,66.8
Maharashtra,Jalgaon,Jalgaon Main,Wheat,Sharbati,2026-08-27,2342.49,2961.11,2590.34,126.5
Maharashtra,Nandurbar,Nandurbar APMC,Onion,Red,2026-08-27,1672.52,1967.06,1844.75,143.4
Maharashtra,Nandurbar,Nandurbar APMC,Tomato,Hybrid,2026-08-27,1381.48,1643.68,1490.91,111.0
Maharashtra,Nandurbar,Nandurbar APMC,Soybean,Yellow,2026-08-27,3637.5,4579.78,4087.34,83.7
Maharashtra,Nandurbar,Nandurbar APMC,Wheat,Sharbati,2026-08-27,2368.23,2729.48,2569.95,85.3
Maharashtra,Nashik,Lasalgaon,Onion,Red,2026-08-27,1615.57,1941.73,1763.78,128.8
Maharashtra,Nashik,Lasalgaon,Tomato,Hybrid,2026-08-27,1892.52,2349.46,2128.74,113.9
Maharashtra,Nashik,Lasalgaon,Soybean,Yellow,2026-08-27,3619.51,4249.14,3962.46,184.1
Maharashtra,Nashik,Lasalgaon,Wheat,Sharbati,2026-08-27,2278.84,2725.68,2458.07,174.7
Maharashtra,Nashik,Pimpalgaon,Onion,Red,2026-08-27,1746.48,2085.0,1862.07,113.6
Maharashtra,Nashik,Pimpalgaon,Tomato,Hybrid,2026-08-27,1489.89,1783.7,1583.53,130.2
Maharashtra,Nashik,Pimpalgaon,Soybean,Yellow,2026-08-27,3675.5,4302.13,4000.77,141.1
Maharashtra,Nashik,Pimpalgaon,Wheat,Sharbati,2026-08-27,2328.47,2883.11,2546.35,105.0
Maharashtra,Pune,Pune(Gultekdi),Onion,Red,2026-08-27,1962.92,2326.61,2078.33,182.8
Maharashtra,Pune,Pune(Gultekdi),Tomato,Hybrid,2026-08-27,2234.01,2716.69,2498.96,102.3
Maharashtra,Pune,Pune(Gultekdi),Soybean,Yellow,2026-08-27,4193.31,4951.2,4613.18,94.3
Maharashtra,Pune,Pune(Gultekdi),Wheat,Sharbati,2026-08-27,2724.86,3345.32,2917.61,118.5
Maharashtra,Solapur,Solapur Mandi,Onion,Red,2026-08-27,1759.59,2235.49,1947.54,81.5
Maharashtra,Solapur,Solapur Mandi,Tomato,Hybrid,2026-08-27,1786.45,2034.0,1905.98,82.4
Maharashtra,Solapur,Solapur Mandi,Soybean,Yellow,2026-08-27,3915.45,4956.13,4391.25,100.4
Maharashtra,Solapur,Solapur Mandi,Wheat,Sharbati,2026-08-27,2573.85,2945.55,2750.11,125.7
Madhya Pradesh,Ujjain,Ujjain APMC,Onion,Red,2026-08-27,1738.38,2116.93,1870.55,107.5
Madhya Pradesh,Ujjain,Ujjain APMC,Tomato,Hybrid,2026-08-27,1550.21,1876.67,1661.63,90.5
Madhya Pradesh,Ujjain,Ujjain APMC,Soybean,Yellow,2026-08-27,3927.72,4774.47,4267.02,224.7
Madhya Pradesh,Ujjain,Ujjain APMC,Wheat,Sharbati,2026-08-27,2536.46,2933.16,2720.52,73.1
Maharashtra,Ahmednagar,Kopargaon,Onion,Red,2026-08-28,1658.45,2094.73,1842.1,89.8
Maharashtra,Ahmednagar,Kopargaon,Tomato,Hybrid,2026-08-28,1364.95,1661.82,1522.1,101.1
Maharashtra,Ahmednagar,Kopargaon,Soybean,Yellow,2026-08-28,3805.05,4558.61,4157.5,111.2
Maharashtra,Ahmednagar,Kopargaon,Wheat,Sharbati,2026-08-28,2352.41,2822.77,2612.83,151.5
Madhya Pradesh,Indore,Indore Mandi,Onion,Red,2026-08-28,1832.63,2149.97,1984.46,72.7
Madhya Pradesh,Indore,Indore Mandi,Tomato,Hybrid,2026-08-28,1638.31,1928.78,1825.93,100.8
Madhya Pradesh,Indore,Indore Mandi,Soybean,Yellow,2026-08-28,4180.7,4990.8,4518.46,154.9
Madhya Pradesh,Indore,Indore Mandi,Wheat,Sharbati,2026-08-28,2601.04,3051.97,2811.26,171.5
Maharashtra,Jalgaon,Jalgaon Main,Onion,Red,2026-08-28,1851.97,2063.57,1963.03,129.1
Maharashtra,Jalgaon,Jalgaon Main,Tomato,Hybrid,2026-08-28,1346.57,1674.73,1489.12,190.8
Maharashtra,Jalgaon,Jalgaon Main,Soybean,Yellow,2026-08-28,3920.84,4698.98,4192.51,142.1
Maharashtra,Jalgaon,Jalgaon Main,Wheat,Sharbati,2026-08-28,2345.11,2899.48,2625.86,160.7
Maharashtra,Nandurbar,Nandurbar APMC,Onion,Red,2026-08-28,1679.96,1973.26,1829.19,125.0
Maharashtra,Nandurbar,Nandurbar APMC,Tomato,Hybrid,2026-08-28,1443.7,1797.27,1598.36,134.6
Maharashtra,Nandurbar,Nandurbar APMC,Soybean,Yellow,2026-08-28,3872.33,4393.57,4108.39,105.6
Maharashtra,Nandurbar,Nandurbar APMC,Wheat,Sharbati,2026-08-28,2302.61,2688.82,2545.43,78.6
Maharashtra,Nashik,Lasalgaon,Onion,Red,2026-08-28,1610.76,2006.09,1822.92,121.7
Maharashtra,Nashik,Lasalgaon,Tomato,Hybrid,2026-08-28,1956.69,2437.72,2139.34,99.0
Maharashtra,Nashik,Lasalgaon,Soybean,Yellow,2026-08-28,3670.12,4269.33,3925.12,116.0
Maharashtra,Nashik,Lasalgaon,Wheat,Sharbati,2026-08-28,2352.52,2705.7,2484.28,106.6
Maharashtra,Nashik,Pimpalgaon,Onion,Red,2026-08-28,1672.44,2117.37,1873.78,134.7
Maharashtra,Nashik,Pimpalgaon,Tomato,Hybrid,2026-08-28,1361.94,1646.09,1444.41,148.7
Maharashtra,Nashik,Pimpalgaon,Soybean,Yellow,2026-08-28,3815.16,4614.02,4051.74,92.6
Maharashtra,Nashik,Pimpalgaon,Wheat,Sharbati,2026-08-28,2364.67,2856.88,2546.43,117.4
Maharashtra,Pune,Pune(Gultekdi),Onion,Red,2026-08-28,1756.64,2245.19,1975.48,158.4
Maharashtra,Pune,Pune(Gultekdi),Tomato,Hybrid,2026-08-28,2225.64,2854.2,2511.4,134.8
Maharashtra,Pune,Pune(Gultekdi),Soybean,Yellow,2026-08-28,4264.1,5135.88,4624.29,159.2
Maharashtra,Pune,Pune(Gultekdi),Wheat,Sharbati,2026-08-28,2713.96,3331.71,2923.83,121.9
Maharashtra,Solapur,Solapur Mandi,Onion,Red,2026-08-28,1841.15,2282.1,2051.35,141.6
Maharashtra,Solapur,Solapur Mandi,Tomato,Hybrid,2026-08-28,1452.35,1762.88,1632.87,80.3
Maharashtra,Solapur,Solapur Mandi,Soybean,Yellow,2026-08-28,3913.65,4829.34,4385.1,124.9
Maharashtra,Solapur,Solapur Mandi,Wheat,Sharbati,2026-08-28,2518.73,2944.85,2739.56,154.2
Madhya Pradesh,Ujjain,Ujjain APMC,Onion,Red,2026-08-28,1708.09,2178.34,1930.51,173.7
Madhya Pradesh,Ujjain,Ujjain APMC,Tomato,Hybrid,2026-08-28,1449.43,1739.49,1577.4,145.3
Madhya Pradesh,Ujjain,Ujjain APMC,Soybean,Yellow,2026-08-28,4054.67,4869.86,4430.44,122.8
Madhya Pradesh,Ujjain,Ujjain APMC,Wheat,Sharbati,2026-08-28,2553.2,2919.15,2750.29,151.4
Maharashtra,Ahmednagar,Kopargaon,Onion,Red,2026-08-29,1666.75,1996.94,1853.08,129.1
Maharashtra,Ahmednagar,Kopargaon,Tomato,Hybrid,2026-08-29,1442.36,1757.97,1555.28,143.1
Maharashtra,Ahmednagar,Kopargaon,Soybean,Yellow,2026-08-29,3738.64,4547.21,4111.66,128.4
Maharashtra,Ahmednagar,Kopargaon,Wheat,Sharbati,2026-08-29,2404.57,2874.45,2620.46,86.0
Madhya Pradesh,Indore,Indore Mandi,Onion,Red,2026-08-29,1841.58,2210.29,2048.94,69.3
Madhya Pradesh,Indore,Indore Mandi,Tomato,Hybrid,2026-08-29,1629.97,2006.58,1759.65,146.6
Madhya Pradesh,Indore,Indore Mandi,Soybean,Yellow,2026-08-29,4121.45,4901.19,4519.55,55.3
Madhya Pradesh,Indore,Indore Mandi,Wheat,Sharbati,2026-08-29,2672.56,2988.89,2842.39,152.7
Maharashtra,Jalgaon,Jalgaon Main,Onion,Red,2026-08-29,1754.89,2110.52,1883.63,87.7
Maharashtra,Jalgaon,Jalgaon Main,Tomato,Hybrid,2026-08-29,1448.68,1770.79,1574.68,151.9
Maharashtra,Jalgaon,Jalgaon Main,Soybean,Yellow,2026-08-29,3788.21,4758.55,4196.75,135.7
Maharashtra,Jalgaon,Jalgaon Main,Wheat,Sharbati,2026-08-29,2421.77,2978.35,2618.82,116.0
Maharashtra,Nandurbar,Nandurbar APMC,Onion,Red,2026-08-29,1586.49,1881.12,1747.56,87.5
Maharashtra,Nandurbar,Nandurbar APMC,Tomato,Hybrid,2026-08-29,1344.93,1668.78,1474.45,87.9
Maharashtra,Nandurbar,Nandurbar APMC,Soybean,Yellow,2026-08-29,3841.75,4423.03,4071.58,196.5
Maharashtra,Nandurbar,Nandurbar APMC,Wheat,Sharbati,2026-08-29,2372.74,2882.11,2543.23,108.6
Maharashtra,Nashik,Lasalgaon,Onion,Red,2026-08-29,1640.21,1914.64,1767.5,60.2
Maharashtra,Nashik,Lasalgaon,Tomato,Hybrid,2026-08-29,1991.74,2308.9,2151.18,105.7
Maharashtra,Nashik,Lasalgaon,Soybean,Yellow,2026-08-29,3509.36,4212.11,3938.15,91.9
Maharashtra,Nashik,Lasalgaon,Wheat,Sharbati,2026-08-29,2170.05,2685.41,2460.33,151.9
Maharashtra,Nashik,Pimpalgaon,Onion,Red,2026-08-29,1730.83,2038.28,1829.41,100.8
Maharashtra,Nashik,Pimpalgaon,Tomato,Hybrid,2026-08-29,1512.4,1712.77,1628.71,68.5
Maharashtra,Nashik,Pimpalgaon,Soybean,Yellow,2026-08-29,3755.75,4336.53,4070.34,65.4
Maharashtra,Nashik,Pimpalgaon,Wheat,Sharbati,2026-08-29,2337.7,2718.91,2515.45,33.3
Maharashtra,Pune,Pune(Gultekdi),Onion,Red,2026-08-29,1948.47,2379.84,2179.67,170.7
Maharashtra,Pune,Pune(Gultekdi),Tomato,Hybrid,2026-08-29,2318.34,2669.93,2525.3,75.8
Maharashtra,Pune,Pune(Gultekdi),Soybean,Yellow,2026-08-29,4190.17,5041.91,4673.34,142.5
Maharashtra,Pune,Pune(Gultekdi),Wheat,Sharbati,2026-08-29,2700.84,3220.9,2910.15,114.1
Maharashtra,Solapur,Solapur Mandi,Onion,Red,2026-08-29,1783.51,2221.25,2015.89,118.3
Maharashtra,Solapur,Solapur Mandi,Tomato,Hybrid,2026-08-29,1690.53,1981.11,1824.98,134.6
Maharashtra,Solapur,Solapur Mandi,Soybean,Yellow,2026-08-29,4039.91,4743.84,4381.34,73.4
Maharashtra,Solapur,Solapur Mandi,Wheat,Sharbati,2026-08-29,2594.72,3022.49,2801.47,126.6
Madhya Pradesh,Ujjain,Ujjain APMC,Onion,Red,2026-08-29,1833.56,2102.84,1988.13,122.4
Madhya Pradesh,Ujjain,Ujjain APMC,Tomato,Hybrid,2026-08-29,1553.6,1892.45,1671.22,109.1
Madhya Pradesh,Ujjain,Ujjain APMC,Soybean,Yellow,2026-08-29,4124.74,5035.87,4389.38,147.6
Madhya Pradesh,Ujjain,Ujjain APMC,Wheat,Sharbati,2026-08-29,2489.78,2986.58,2721.83,126.3
Maharashtra,Ahmednagar,Kopargaon,Onion,Red,2026-08-30,1676.18,2066.7,1818.3,87.9
Maharashtra,Ahmednagar,Kopargaon,Tomato,Hybrid,2026-08-30,1481.42,1768.25,1563.82,110.9
Maharashtra,Ahmednagar,Kopargaon,Soybean,Yellow,2026-08-30,3787.64,4562.14,4137.9,106.0
Maharashtra,Ahmednagar,Kopargaon,Wheat,Sharbati,2026-08-30,2438.76,2810.44,2590.94,98.4
Madhya Pradesh,Indore,Indore Mandi,Onion,Red,2026-08-30,1902.42,2379.62,2129.9,108.3
Madhya Pradesh,Indore,Indore Mandi,Tomato,Hybrid,2026-08-30,1638.32,1882.11,1725.46,127.6
Madhya Pradesh,Indore,Indore Mandi,Soybean,Yellow,2026-08-30,4129.38,4903.82,4517.39,117.0
Madhya Pradesh,Indore,Indore Mandi,Wheat,Sharbati,2026-08-30,2651.49,3152.4,2848.98,99.4
Maharashtra,Jalgaon,Jalgaon Main,Onion,Red,2026-08-30,1788.19,2069.58,1968.14,160.9
Maharashtra,Jalgaon,Jalgaon Main,Tomato,Hybrid,2026-08-30,1557.81,1729.58,1646.62,78.1
Maharashtra,Jalgaon,Jalgaon Main,Soybean,Yellow,2026-08-30,3850.21,4751.01,4184.8,170.0
Maharashtra,Jalgaon,Jalgaon Main,Wheat,Sharbati,2026-08-30,2402.41,2789.98,2641.74,69.2
Maharashtra,Nandurbar,Nandurbar APMC,Onion,Red,2026-08-30,1617.17,2032.75,1774.15,138.0
Maharashtra,Nandurbar,Nandurbar APMC,Tomato,Hybrid,2026-08-30,1532.3,1928.31,1677.58,127.4
Maharashtra,Nandurbar,Nandurbar APMC,Soybean,Yellow,2026-08-30,3795.3,4462.84,4081.08,129.4
Maharashtra,Nandurbar,Nandurbar APMC,Wheat,Sharbati,2026-08-30,2303.15,2744.73,2596.82,118.4
Maharashtra,Nashik,Lasalgaon,Onion,Red,2026-08-30,1635.77,1973.65,1774.28,110.5
Maharashtra,Nashik,Lasalgaon,Tomato,Hybrid,2026-08-30,1352.92,1669.72,1526.56,157.9
Maharashtra,Nashik,Lasalgaon,Soybean,Yellow,2026-08-30,3631.56,4472.27,4001.29,85.5
Maharashtra,Nashik,Lasalgaon,Wheat,Sharbati,2026-08-30,2233.07,2717.07,2503.64,106.3
Maharashtra,Nashik,Pimpalgaon,Onion,Red,2026-08-30,1558.05,2027.46,1768.39,149.0
Maharashtra,Nashik,Pimpalgaon,Tomato,Hybrid,2026-08-30,1422.14,1610.17,1522.54,85.7
Maharashtra,Nashik,Pimpalgaon,Soybean,Yellow,2026-08-30,3779.42,4649.06,4059.43,119.6
Maharashtra,Nashik,Pimpalgaon,Wheat,Sharbati,2026-08-30,2422.24,2915.2,2562.52,139.2
Maharashtra,Pune,Pune(Gultekdi),Onion,Red,2026-08-30,2016.97,2410.92,2170.04,79.8
Maharashtra,Pune,Pune(Gultekdi),Tomato,Hybrid,2026-08-30,1653.82,1900.07,1794.27,163.2
Maharashtra,Pune,Pune(Gultekdi),Soybean,Yellow,2026-08-30,4171.52,5051.75,4647.29,166.9
Maharashtra,Pune,Pune(Gultekdi),Wheat,Sharbati,2026-08-30,2601.01,3160.26,2937.63,59.6
Maharashtra,Solapur,Solapur Mandi,Onion,Red,2026-08-30,1821.1,2258.1,2036.6,131.9
Maharashtra,Solapur,Solapur Mandi,Tomato,Hybrid,2026-08-30,1513.14,1735.82,1600.63,112.3
Maharashtra,Solapur,Solapur Mandi,Soybean,Yellow,2026-08-30,3983.75,4756.15,4379.3,83.0
Maharashtra,Solapur,Solapur Mandi,Wheat,Sharbati,2026-08-30,2481.51,3120.39,2720.58,182.2
Madhya Pradesh,Ujjain,Ujjain APMC,Onion,Red,2026-08-30,1757.41,2229.94,1982.45,113.9
Madhya Pradesh,Ujjain,Ujjain APMC,Tomato,Hybrid,2026-08-30,1561.73,1834.37,1732.75,58.9
Madhya Pradesh,Ujjain,Ujjain APMC,Soybean,Yellow,2026-08-30,4095.96,4712.71,4386.04,82.6
Madhya Pradesh,Ujjain,Ujjain APMC,Wheat,Sharbati,2026-08-30,2569.18,3112.71,2751.7,117.1
Maharashtra,Ahmednagar,Kopargaon,Onion,Red,2026-08-31,1660.43,1985.14,1847.06,95.8
Maharashtra,Ahmednagar,Kopargaon,Tomato,Hybrid,2026-08-31,1405.69,1666.17,1544.57,135.0
Maharashtra,Ahmednagar,Kopargaon,Soybean,Yellow,2026-08-31,3844.16,4490.92,4108.15,159.7
Maharashtra,Ahmednagar,Kopargaon,Wheat,Sharbati,2026-08-31,2398.16,2888.55,2616.57,23.1
Madhya Pradesh,Indore,Indore Mandi,Onion,Red,2026-08-31,1957.75,2360.63,2100.59,76.7
Madhya Pradesh,Indore,Indore Mandi,Tomato,Hybrid,2026-08-31,1677.16,1932.08,1788.38,160.7
Madhya Pradesh,Indore,Indore Mandi,Soybean,Yellow,2026-08-31,4189.18,5104.73,4566.4,156.0
Madhya Pradesh,Indore,Indore Mandi,Wheat,Sharbati,2026-08-31,2674.37,3111.99,2846.32,124.5
Maharashtra,Jalgaon,Jalgaon Main,Onion,Red,2026-08-31,1778.68,2130.51,1879.01,128.4
Maharashtra,Jalgaon,Jalgaon Main,Tomato,Hybrid,2026-08-31,1482.57,1752.08,1619.91,43.0
Maharashtra,Jalgaon,Jalgaon Main,Soybean,Yellow,2026-08-31,3784.85,4587.03,4191.94,84.2
Maharashtra,Jalgaon,Jalgaon Main,Wheat,Sharbati,2026-08-31,2354.36,2999.66,2632.5,99.4
Maharashtra,Nandurbar,Nandurbar APMC,Onion,Red,2026-08-31,1800.14,2103.19,1904.33,136.5
Maharashtra,Nandurbar,Nandurbar APMC,Tomato,Hybrid,2026-08-31,1562.99,1868.42,1652.72,133.1
Maharashtra,Nandurbar,Nandurbar APMC,Soybean,Yellow,2026-08-31,3782.35,4523.74,4096.03,197.4
Maharashtra,Nandurbar,Nandurbar APMC,Wheat,Sharbati,2026-08-31,2353.68,2744.02,2570.4,126.4
Maharashtra,Nashik,Lasalgaon,Onion,Red,2026-08-31,1623.13,1976.14,1807.27,148.9
Maharashtra,Nashik,Lasalgaon,Tomato,Hybrid,2026-08-31,1496.32,1699.11,1575.17,161.8
Maharashtra,Nashik,Lasalgaon,Soybean,Yellow,2026-08-31,3509.19,4110.11,3911.04,157.0
Maharashtra,Nashik,Lasalgaon,Wheat,Sharbati,2026-08-31,2281.24,2842.52,2501.19,158.9
Maharashtra,Nashik,Pimpalgaon,Onion,Red,2026-08-31,1811.92,2105.01,1959.6,168.4
Maharashtra,Nashik,Pimpalgaon,Tomato,Hybrid,2026-08-31,1365.67,1652.18,1531.9,102.6
Maharashtra,Nashik,Pimpalgaon,Soybean,Yellow,2026-08-31,3723.83,4304.09,4035.13,106.4
Maharashtra,Nashik,Pimpalgaon,Wheat,Sharbati,2026-08-31,2320.7,2716.42,2558.05,106.6
Maharashtra,Pune,Pune(Gultekdi),Onion,Red,2026-08-31,1877.88,2390.02,2100.66,129.2
Maharashtra,Pune,Pune(Gultekdi),Tomato,Hybrid,2026-08-31,1598.67,2047.18,1800.51,147.0
Maharashtra,Pune,Pune(Gultekdi),Soybean,Yellow,2026-08-31,4287.17,5013.6,4758.96,147.4
Maharashtra,Pune,Pune(Gultekdi),Wheat,Sharbati,2026-08-31,2715.55,3357.2,2922.76,61.8
Maharashtra,Solapur,Solapur Mandi,Onion,Red,2026-08-31,1870.43,2230.71,2008.43,94.9
Maharashtra,Solapur,Solapur Mandi,Tomato,Hybrid,2026-08-31,1614.08,1794.7,1700.37,178.6
Maharashtra,Solapur,Solapur Mandi,Soybean,Yellow,2026-08-31,4123.15,4776.87,4433.91,17.0
Maharashtra,Solapur,Solapur Mandi,Wheat,Sharbati,2026-08-31,2426.14,2921.35,2756.6,120.3
Madhya Pradesh,Ujjain,Ujjain APMC,Onion,Red,2026-08-31,1763.88,2223.55,1946.94,121.3
Madhya Pradesh,Ujjain,Ujjain APMC,Tomato,Hybrid,2026-08-31,1447.35,1710.33,1585.76,88.3
Madhya Pradesh,Ujjain,Ujjain APMC,Soybean,Yellow,2026-08-31,3954.6,4901.07,4351.0,156.1
Madhya Pradesh,Ujjain,Ujjain APMC,Wheat,Sharbati,2026-08-31,2408.03,3069.51,2727.67,128.0
Maharashtra,Ahmednagar,Kopargaon,Onion,Red,2026-09-01,1912.52,2136.76,2022.68,93.2
Maharashtra,Ahmednagar,Kopargaon,Tomato,Hybrid,2026-09-01,1391.98,1775.12,1552.7,117.6
Maharashtra,Ahmednagar,Kopargaon,Soybean,Yellow,2026-09-01,3649.23,4570.18,4112.65,214.4
Maharashtra,Ahmednagar,Kopargaon,Wheat,Sharbati,2026-09-01,2446.68,2730.16,2585.19,143.8
Madhya Pradesh,Indore,Indore Mandi,Onion,Red,2026-09-01,1827.22,2206.38,2064.81,110.2
Madhya Pradesh,Indore,Indore Mandi,Tomato,Hybrid,2026-09-01,1746.37,1972.91,1851.36,120.8
Madhya Pradesh,Indore,Indore Mandi,Soybean,Yellow,2026-09-01,4002.32,5077.37,4531.3,111.5
Madhya Pradesh,Indore,Indore Mandi,Wheat,Sharbati,2026-09-01,2647.35,3184.97,2851.97,148.3
Maharashtra,Jalgaon,Jalgaon Main,Onion,Red,2026-09-01,1701.11,2115.21,1924.48,52.8
Maharashtra,Jalgaon,Jalgaon Main,Tomato,Hybrid,2026-09-01,1517.33,1818.73,1697.6,100.5
Maharashtra,Jalgaon,Jalgaon Main,Soybean,Yellow,2026-09-01,3786.64,4534.06,4158.96,102.7
Maharashtra,Jalgaon,Jalgaon Main,Wheat,Sharbati,2026-09-01,2341.24,2804.73,2620.29,82.8
Maharashtra,Nandurbar,Nandurbar APMC,Onion,Red,2026-09-01,1716.29,1994.65,1853.72,170.5
Maharashtra,Nandurbar,Nandurbar APMC,Tomato,Hybrid,2026-09-01,1464.82,1641.01,1549.73,179.0
Maharashtra,Nandurbar,Nandurbar APMC,Soybean,Yellow,2026-09-01,3895.83,4599.76,4177.84,177.5
Maharashtra,Nandurbar,Nandurbar APMC,Wheat,Sharbati,2026-09-01,2409.18,2849.5,2574.31,72.1
Maharashtra,Nashik,Lasalgaon,Onion,Red,2026-09-01,1697.16,2052.19,1888.21,202.7
Maharashtra,Nashik,Lasalgaon,Tomato,Hybrid,2026-09-01,1386.46,1723.86,1563.33,124.0
Maharashtra,Nashik,Lasalgaon,Soybean,Yellow,2026-09-01,3719.87,4156.53,3947.03,124.9
Maharashtra,Nashik,Lasalgaon,Wheat,Sharbati,2026-09-01,2361.64,2876.7,2519.89,117.2
Maharashtra,Nashik,Pimpalgaon,Onion,Red,2026-09-01,1759.62,2061.29,1881.71,145.3
Maharashtra,Nashik,Pimpalgaon,Tomato,Hybrid,2026-09-01,1444.32,1792.8,1586.59,67.6
Maharashtra,Nashik,Pimpalgaon,Soybean,Yellow,2026-09-01,3877.36,4322.53,4095.58,147.9
Maharashtra,Nashik,Pimpalgaon,Wheat,Sharbati,2026-09-01,2273.25,2700.99,2552.45,116.6
Maharashtra,Pune,Pune(Gultekdi),Onion,Red,2026-09-01,1915.19,2251.86,2060.71,144.3
Maharashtra,Pune,Pune(Gultekdi),Tomato,Hybrid,2026-09-01,1628.4,1949.79,1802.61,175.6
Maharashtra,Pune,Pune(Gultekdi),Soybean,Yellow,2026-09-01,4163.84,4882.54,4610.38,186.9
Maharashtra,Pune,Pune(Gultekdi),Wheat,Sharbati,2026-09-01,2695.97,3344.88,2952.42,111.0
Maharashtra,Solapur,Solapur Mandi,Onion,Red,2026-09-01,1812.23,2092.92,1989.11,150.1
Maharashtra,Solapur,Solapur Mandi,Tomato,Hybrid,2026-09-01,1616.86,1950.01,1769.47,145.9
Maharashtra,Solapur,Solapur Mandi,Soybean,Yellow,2026-09-01,4191.05,4846.65,4442.61,146.9
Maharashtra,Solapur,Solapur Mandi,Wheat,Sharbati,2026-09-01,2524.45,3013.4,2758.93,141.7
Madhya Pradesh,Ujjain,Ujjain APMC,Onion,Red,2026-09-01,1920.53,2292.59,2049.68,131.9
Madhya Pradesh,Ujjain,Ujjain APMC,Tomato,Hybrid,2026-09-01,1623.15,2088.77,1821.39,67.1
Madhya Pradesh,Ujjain,Ujjain APMC,Soybean,Yellow,2026-09-01,4116.62,4831.19,4356.23,160.0
Madhya Pradesh,Ujjain,Ujjain APMC,Wheat,Sharbati,2026-09-01,2455.82,3152.72,2775.32,102.5
Maharashtra,Ahmednagar,Kopargaon,Onion,Red,2026-09-02,1723.87,2096.83,1905.23,131.5
Maharashtra,Ahmednagar,Kopargaon,Tomato,Hybrid,2026-09-02,1365.78,1607.28,1504.99,130.9
Maharashtra,Ahmednagar,Kopargaon,Soybean,Yellow,2026-09-02,3868.42,4606.23,4140.12,131.1
Maharashtra,Ahmednagar,Kopargaon,Wheat,Sharbati,2026-09-02,2357.54,2829.76,2648.29,108.2
Madhya Pradesh,Indore,Indore Mandi,Onion,Red,2026-09-02,1892.65,2373.68,2120.5,87.6
Madhya Pradesh,Indore,Indore Mandi,Tomato,Hybrid,2026-09-02,1577.73,1916.92,1748.14,142.6
Madhya Pradesh,Indore,Indore Mandi,Soybean,Yellow,2026-09-02,4156.74,5107.68,4491.77,104.7
Madhya Pradesh,Indore,Indore Mandi,Wheat,Sharbati,2026-09-02,2535.18,2998.05,2814.43,77.0
Maharashtra,Jalgaon,Jalgaon Main,Onion,Red,2026-09-02,1812.79,2216.25,1954.73,109.0
Maharashtra,Jalgaon,Jalgaon Main,Tomato,Hybrid,2026-09-02,1456.15,1694.04,1549.24,160.3
Maharashtra,Jalgaon,Jalgaon Main,Soybean,Yellow,2026-09-02,3799.17,4703.63,4286.19,153.4
Maharashtra,Jalgaon,Jalgaon Main,Wheat,Sharbati,2026-09-02,2445.13,2936.11,2617.02,188.2
Maharashtra,Nandurbar,Nandurbar APMC,Onion,Red,2026-09-02,1746.84,2131.05,1918.04,141.2
Maharashtra,Nandurbar,Nandurbar APMC,Tomato,Hybrid,2026-09-02,1485.04,1712.05,1590.3,101.7
Maharashtra,Nandurbar,Nandurbar APMC,Soybean,Yellow,2026-09-02,3787.9,4666.43,4089.32,99.3
Maharashtra,Nandurbar,Nandurbar APMC,Wheat,Sharbati,2026-09-02,2469.51,2962.87,2601.99,184.2
Maharashtra,Nashik,Lasalgaon,Onion,Red,2026-09-02,1634.92,1949.16,1813.18,98.6
Maharashtra,Nashik,Lasalgaon,Tomato,Hybrid,2026-09-02,1363.09,1563.05,1478.52,43.8
Maharashtra,Nashik,Lasalgaon,Soybean,Yellow,2026-09-02,3624.09,4367.0,4023.3,133.6
Maharashtra,Nashik,Lasalgaon,Wheat,Sharbati,2026-09-02,2318.2,2609.92,2482.65,147.4
Maharashtra,Nashik,Pimpalgaon,Onion,Red,2026-09-02,1855.09,2224.87,2049.86,163.6
Maharashtra,Nashik,Pimpalgaon,Tomato,Hybrid,2026-09-02,1428.11,1754.35,1620.35,125.2
Maharashtra,Nashik,Pimpalgaon,Soybean,Yellow,2026-09-02,3702.51,4682.0,4074.56,114.0
Maharashtra,Nashik,Pimpalgaon,Wheat,Sharbati,2026-09-02,2403.73,2694.89,2565.47,147.1
Maharashtra,Pune,Pune(Gultekdi),Onion,Red,2026-09-02,1966.06,2489.08,2180.77,139.2
Maharashtra,Pune,Pune(Gultekdi),Tomato,Hybrid,2026-09-02,1648.58,1945.08,1746.99,148.1
Maharashtra,Pune,Pune(Gultekdi),Soybean,Yellow,2026-09-02,4381.75,5170.53,4777.91,73.4
Maharashtra,Pune,Pune(Gultekdi),Wheat,Sharbati,2026-09-02,2645.08,3310.45,2969.07,120.4
Maharashtra,Solapur,Solapur Mandi,Onion,Red,2026-09-02,1854.49,2221.0,2018.52,90.2
Maharashtra,Solapur,Solapur Mandi,Tomato,Hybrid,2026-09-02,1638.2,1894.3,1789.96,123.2
Maharashtra,Solapur,Solapur Mandi,Soybean,Yellow,2026-09-02,4094.09,4877.21,4354.58,100.5
Maharashtra,Solapur,Solapur Mandi,Wheat,Sharbati,2026-09-02,2468.57,3002.2,2755.54,94.5
Madhya Pradesh,Ujjain,Ujjain APMC,Onion,Red,2026-09-02,1771.85,2087.1,1987.34,109.7
Madhya Pradesh,Ujjain,Ujjain APMC,Tomato,Hybrid,2026-09-02,1504.83,1860.63,1689.95,78.7
Madhya Pradesh,Ujjain,Ujjain APMC,Soybean,Yellow,2026-09-02,4032.06,4944.45,4394.33,133.4
Madhya Pradesh,Ujjain,Ujjain APMC,Wheat,Sharbati,2026-09-02,2465.76,3135.06,2735.28,104.4
Maharashtra,Ahmednagar,Kopargaon,Onion,Red,2026-09-03,1647.7,2108.9,1840.25,100.2
Maharashtra,Ahmednagar,Kopargaon,Tomato,Hybrid,2026-09-03,1498.19,1759.78,1667.67,107.9
Maharashtra,Ahmednagar,Kopargaon,Soybean,Yellow,2026-09-03,3726.52,4592.5,4165.65,163.5
Maharashtra,Ahmednagar,Kopargaon,Wheat,Sharbati,2026-09-03,2343.25,2828.49,2606.45,82.4
Madhya Pradesh,Indore,Indore Mandi,Onion,Red,2026-09-03,1883.85,2168.4,2042.35,123.0
Madhya Pradesh,Indore,Indore Mandi,Tomato,Hybrid,2026-09-03,1620.43,1808.01,1714.0,181.9
Madhya Pradesh,Indore,Indore Mandi,Soybean,Yellow,2026-09-03,4098.42,4842.1,4579.18,118.7
Madhya Pradesh,Indore,Indore Mandi,Wheat,Sharbati,2026-09-03,2580.26,3016.09,2862.75,152.0
Maharashtra,Jalgaon,Jalgaon Main,Onion,Red,2026-09-03,1909.59,2193.25,2055.2,133.6
Maharashtra,Jalgaon,Jalgaon Main,Tomato,Hybrid,2026-09-03,1522.16,1824.35,1702.56,117.9
Maharashtra,Jalgaon,Jalgaon Main,Soybean,Yellow,2026-09-03,3845.77,4750.92,4221.13,115.9
Maharashtra,Jalgaon,Jalgaon Main,Wheat,Sharbati,2026-09-03,2349.82,2909.84,2654.28,134.2
Maharashtra,Nandurbar,Nandurbar APMC,Onion,Red,2026-09-03,1641.69,1942.14,1744.74,120.1
Maharashtra,Nandurbar,Nandurbar APMC,Tomato,Hybrid,2026-09-03,1431.05,1801.27,1578.56,101.1
Maharashtra,Nandurbar,Nandurbar APMC,Soybean,Yellow,2026-09-03,3758.41,4654.68,4085.09,151.4
Maharashtra,Nandurbar,Nandurbar APMC,Wheat,Sharbati,2026-09-03,2416.52,2854.34,2589.4,144.2
Maharashtra,Nashik,Lasalgaon,Onion,Red,2026-09-03,1741.71,2027.09,1901.34,152.1
Maharashtra,Nashik,Lasalgaon,Tomato,Hybrid,2026-09-03,1568.81,1806.61,1659.94,116.8
Maharashtra,Nashik,Lasalgaon,Soybean,Yellow,2026-09-03,3604.66,4374.89,3973.09,87.9
Maharashtra,Nashik,Lasalgaon,Wheat,Sharbati,2026-09-03,2269.39,2744.5,2504.65,121.2
Maharashtra,Nashik,Pimpalgaon,Onion,Red,2026-09-03,1633.02,1973.21,1840.28,76.0
Maharashtra,Nashik,Pimpalgaon,Tomato,Hybrid,2026-09-03,1589.53,1782.85,1697.36,119.3
Maharashtra,Nashik,Pimpalgaon,Soybean,Yellow,2026-09-03,3681.56,4389.52,4067.86,112.8
Maharashtra,Nashik,Pimpalgaon,Wheat,Sharbati,2026-09-03,2255.99,2901.05,2534.76,100.8
Maharashtra,Pune,Pune(Gultekdi),Onion,Red,2026-09-03,2071.47,2437.65,2308.88,135.2
Maharashtra,Pune,Pune(Gultekdi),Tomato,Hybrid,2026-09-03,1621.23,1935.82,1809.25,57.9
Maharashtra,Pune,Pune(Gultekdi),Soybean,Yellow,2026-09-03,4466.4,5258.44,4714.57,128.1
Maharashtra,Pune,Pune(Gultekdi),Wheat,Sharbati,2026-09-03,2616.75,3183.28,2930.15,80.5
Maharashtra,Solapur,Solapur Mandi,Onion,Red,2026-09-03,1913.1,2299.87,2104.38,193.1
Maharashtra,Solapur,Solapur Mandi,Tomato,Hybrid,2026-09-03,1705.34,1993.38,1814.96,98.5
Maharashtra,Solapur,Solapur Mandi,Soybean,Yellow,2026-09-03,4017.86,4876.9,4487.27,133.0
Maharashtra,Solapur,Solapur Mandi,Wheat,Sharbati,2026-09-03,2627.27,2998.46,2768.96,89.7
Madhya Pradesh,Ujjain,Ujjain APMC,Onion,Red,2026-09-03,1828.42,2108.43,1969.34,105.7
Madhya Pradesh,Ujjain,Ujjain APMC,Tomato,Hybrid,2026-09-03,1633.94,1865.59,1770.08,70.8
Madhya Pradesh,Ujjain,Ujjain APMC,Soybean,Yellow,2026-09-03,3978.94,5017.55,4388.06,160.8
Madhya Pradesh,Ujjain,Ujjain APMC,Wheat,Sharbati,2026-09-03,2475.17,2925.88,2747.53,143.6
Maharashtra,Ahmednagar,Kopargaon,Onion,Red,2026-09-04,1830.49,2208.1,1950.38,181.6
Maharashtra,Ahmednagar,Kopargaon,Tomato,Hybrid,2026-09-04,1429.02,1733.91,1525.37,119.3
Maharashtra,Ahmednagar,Kopargaon,Soybean,Yellow,2026-09-04,3912.16,4442.34,4145.9,130.3
Maharashtra,Ahmednagar,Kopargaon,Wheat,Sharbati,2026-09-04,2309.16,2947.54,2610.95,102.0
Madhya Pradesh,Indore,Indore Mandi,Onion,Red,2026-09-04,1868.67,2403.17,2112.24,122.0
Madhya Pradesh,Indore,Indore Mandi,Tomato,Hybrid,2026-09-04,1646.25,2004.75,1793.59,158.5
Madhya Pradesh,Indore,Indore Mandi,Soybean,Yellow,2026-09-04,4093.3,4745.09,4488.69,101.3
Madhya Pradesh,Indore,Indore Mandi,Wheat,Sharbati,2026-09-04,2722.33,3072.39,2872.12,169.8
Maharashtra,Jalgaon,Jalgaon Main,Onion,Red,2026-09-04,1761.77,2133.69,1874.53,112.9
Maharashtra,Jalgaon,Jalgaon Main,Tomato,Hybrid,2026-09-04,1565.56,1748.81,1662.35,102.5
Maharashtra,Jalgaon,Jalgaon Main,Soybean,Yellow,2026-09-04,3772.71,4555.64,4223.94,153.0
Maharashtra,Jalgaon,Jalgaon Main,Wheat,Sharbati,2026-09-04,2420.41,2976.67,2634.26,167.0
Maharashtra,Nandurbar,Nandurbar APMC,Onion,Red,2026-09-04,1692.19,2108.56,1865.4,117.8
Maharashtra,Nandurbar,Nandurbar APMC,Tomato,Hybrid,2026-09-04,1497.0,1726.06,1642.76,177.3
Maharashtra,Nandurbar,Nandurbar APMC,Soybean,Yellow,2026-09-04,3723.98,4661.29,4150.14,118.9
Maharashtra,Nandurbar,Nandurbar APMC,Wheat,Sharbati,2026-09-04,2361.25,2847.14,2558.47,138.8
Maharashtra,Nashik,Lasalgaon,Onion,Red,2026-09-04,1703.18,2096.41,1904.48,111.8
Maharashtra,Nashik,Lasalgaon,Tomato,Hybrid,2026-09-04,1607.92,1928.08,1731.06,81.2
Maharashtra,Nashik,Lasalgaon,Soybean,Yellow,2026-09-04,3689.94,4480.6,4049.41,37.2
Maharashtra,Nashik,Lasalgaon,Wheat,Sharbati,2026-09-04,2352.52,2798.14,2510.65,132.0
Maharashtra,Nashik,Pimpalgaon,Onion,Red,2026-09-04,1754.31,1981.99,1875.28,118.2
Maharashtra,Nashik,Pimpalgaon,Tomato,Hybrid,2026-09-04,1447.57,1690.95,1590.92,110.3
Maharashtra,Nashik,Pimpalgaon,Soybean,Yellow,2026-09-04,3820.74,4440.24,4057.09,118.6
Maharashtra,Nashik,Pimpalgaon,Wheat,Sharbati,2026-09-04,2227.55,2866.94,2529.59,85.9
Maharashtra,Pune,Pune(Gultekdi),Onion,Red,2026-09-04,2155.19,2609.73,2332.48,81.1
Maharashtra,Pune,Pune(Gultekdi),Tomato,Hybrid,2026-09-04,1695.52,2117.28,1879.3,143.1
Maharashtra,Pune,Pune(Gultekdi),Soybean,Yellow,2026-09-04,4091.2,4994.24,4647.84,129.1
Maharashtra,Pune,Pune(Gultekdi),Wheat,Sharbati,2026-09-04,2694.3,3245.89,2943.67,94.6
Maharashtra,Solapur,Solapur Mandi,Onion,Red,2026-09-04,1852.96,2316.12,2051.2,162.8
Maharashtra,Solapur,Solapur Mandi,Tomato,Hybrid,2026-09-04,1612.12,1974.43,1752.98,124.4
Maharashtra,Solapur,Solapur Mandi,Soybean,Yellow,2026-09-04,3882.99,4968.15,4407.59,102.1
Maharashtra,Solapur,Solapur Mandi,Wheat,Sharbati,2026-09-04,2442.09,3073.98,2766.19,121.1
Madhya Pradesh,Ujjain,Ujjain APMC,Onion,Red,2026-09-04,1976.23,2203.29,2085.15,41.4
Madhya Pradesh,Ujjain,Ujjain APMC,Tomato,Hybrid,2026-09-04,1620.0,1925.17,1766.26,121.3
Madhya Pradesh,Ujjain,Ujjain APMC,Soybean,Yellow,2026-09-04,4058.84,4608.53,4360.69,145.9
Madhya Pradesh,Ujjain,Ujjain APMC,Wheat,Sharbati,2026-09-04,2549.03,2914.48,2749.65,142.0
Maharashtra,Ahmednagar,Kopargaon,Onion,Red,2026-09-05,1857.75,2100.0,1998.41,164.6
Maharashtra,Ahmednagar,Kopargaon,Tomato,Hybrid,2026-09-05,1419.26,1724.28,1522.15,176.0
Maharashtra,Ahmednagar,Kopargaon,Soybean,Yellow,2026-09-05,3808.57,4471.22,4144.93,131.6
Maharashtra,Ahmednagar,Kopargaon,Wheat,Sharbati,2026-09-05,2338.04,2829.87,2590.4,163.9
Madhya Pradesh,Indore,Indore Mandi,Onion,Red,2026-09-05,1897.03,2381.6,2131.92,169.4
Madhya Pradesh,Indore,Indore Mandi,Tomato,Hybrid,2026-09-05,1711.36,2104.96,1892.69,129.1
Madhya Pradesh,Indore,Indore Mandi,Soybean,Yellow,2026-09-05,4152.82,5206.49,4586.26,81.3
Madhya Pradesh,Indore,Indore Mandi,Wheat,Sharbati,2026-09-05,2662.59,3220.3,2857.4,114.4
Maharashtra,Jalgaon,Jalgaon Main,Onion,Red,2026-09-05,1837.49,2114.11,2000.77,143.4
Maharashtra,Jalgaon,Jalgaon Main,Tomato,Hybrid,2026-09-05,1518.01,1829.95,1668.03,149.5
Maharashtra,Jalgaon,Jalgaon Main,Soybean,Yellow,2026-09-05,3823.53,4755.37,4175.84,145.6
Maharashtra,Jalgaon,Jalgaon Main,Wheat,Sharbati,2026-09-05,2426.79,3028.27,2643.28,154.2
Maharashtra,Nandurbar,Nandurbar APMC,Onion,Red,2026-09-05,1824.39,2196.08,1951.77,171.0
Maharashtra,Nandurbar,Nandurbar APMC,Tomato,Hybrid,2026-09-05,1561.26,1830.52,1652.13,115.0
Maharashtra,Nandurbar,Nandurbar APMC,Soybean,Yellow,2026-09-05,3713.37,4490.0,4098.31,175.6
Maharashtra,Nandurbar,Nandurbar APMC,Wheat,Sharbati,2026-09-05,2354.43,2825.0,2598.52,119.0
Maharashtra,Nashik,Lasalgaon,Onion,Red,2026-09-05,1655.92,2065.39,1827.16,127.4
Maharashtra,Nashik,Lasalgaon,Tomato,Hybrid,2026-09-05,1465.28,1728.42,1626.52,135.0
Maharashtra,Nashik,Lasalgaon,Soybean,Yellow,2026-09-05,3799.23,4400.69,4008.68,126.8
Maharashtra,Nashik,Lasalgaon,Wheat,Sharbati,2026-09-05,2355.11,2670.64,2533.78,99.4
Maharashtra,Nashik,Pimpalgaon,Onion,Red,2026-09-05,1604.11,1943.85,1791.48,141.7
Maharashtra,Nashik,Pimpalgaon,Tomato,Hybrid,2026-09-05,1501.21,1778.12,1620.77,155.8
Maharashtra,Nashik,Pimpalgaon,Soybean,Yellow,2026-09-05,3623.02,4440.22,4057.56,169.0
Maharashtra,Nashik,Pimpalgaon,Wheat,Sharbati,2026-09-05,2416.5,2900.0,2544.46,123.4
Maharashtra,Pune,Pune(Gultekdi),Onion,Red,2026-09-05,1947.8,2357.53,2150.2,113.5
Maharashtra,Pune,Pune(Gultekdi),Tomato,Hybrid,2026-09-05,1706.5,2106.16,1929.89,75.4
Maharashtra,Pune,Pune(Gultekdi),Soybean,Yellow,2026-09-05,4347.61,5194.48,4705.96,90.2
Maharashtra,Pune,Pune(Gultekdi),Wheat,Sharbati,2026-09-05,2734.05,3215.55,2938.69,142.7
Maharashtra,Solapur,Solapur Mandi,Onion,Red,2026-09-05,1923.91,2211.59,2105.21,80.2
Maharashtra,Solapur,Solapur Mandi,Tomato,Hybrid,2026-09-05,1706.1,2045.46,1804.56,71.6
Maharashtra,Solapur,Solapur Mandi,Soybean,Yellow,2026-09-05,3877.19,4728.76,4401.99,98.1
Maharashtra,Solapur,Solapur Mandi,Wheat,Sharbati,2026-09-05,2518.3,3035.11,2784.47,111.1
Madhya Pradesh,Ujjain,Ujjain APMC,Onion,Red,2026-09-05,1899.79,2278.1,2130.07,144.4
Madhya Pradesh,Ujjain,Ujjain APMC,Tomato,Hybrid,2026-09-05,1639.42,1971.35,1812.43,141.9
Madhya Pradesh,Ujjain,Ujjain APMC,Soybean,Yellow,2026-09-05,4000.53,4731.71,4418.06,169.1
Madhya Pradesh,Ujjain,Ujjain APMC,Wheat,Sharbati,2026-09-05,2546.04,2962.19,2764.56,110.2
Maharashtra,Ahmednagar,Kopargaon,Onion,Red,2026-09-06,1718.38,2046.41,1905.14,97.2
Maharashtra,Ahmednagar,Kopargaon,Tomato,Hybrid,2026-09-06,1704.59,2032.3,1799.66,127.4
Maharashtra,Ahmednagar,Kopargaon,Soybean,Yellow,2026-09-06,3795.11,4632.54,4171.13,118.9
Maharashtra,Ahmednagar,Kopargaon,Wheat,Sharbati,2026-09-06,2453.14,2932.15,2607.22,82.2
Madhya Pradesh,Indore,Indore Mandi,Onion,Red,2026-09-06,1940.55,2315.1,2149.68,139.4
Madhya Pradesh,Indore,Indore Mandi,Tomato,Hybrid,2026-09-06,1682.1,2046.37,1833.07,61.5
Madhya Pradesh,Indore,Indore Mandi,Soybean,Yellow,2026-09-06,4235.05,4990.1,4597.67,162.3
Madhya Pradesh,Indore,Indore Mandi,Wheat,Sharbati,2026-09-06,2703.08,3182.89,2859.58,149.5
Maharashtra,Jalgaon,Jalgaon Main,Onion,Red,2026-09-06,1801.84,2144.76,1921.91,173.2
Maharashtra,Jalgaon,Jalgaon Main,Tomato,Hybrid,2026-09-06,1519.31,1768.13,1639.54,107.6
Maharashtra,Jalgaon,Jalgaon Main,Soybean,Yellow,2026-09-06,3841.27,4764.69,4250.43,94.7
Maharashtra,Jalgaon,Jalgaon Main,Wheat,Sharbati,2026-09-06,2456.36,3003.86,2634.45,49.1
Maharashtra,Nandurbar,Nandurbar APMC,Onion,Red,2026-09-06,1760.51,2041.03,1896.15,149.9
Maharashtra,Nandurbar,Nandurbar APMC,Tomato,Hybrid,2026-09-06,1649.25,2051.8,1809.97,178.4
Maharashtra,Nandurbar,Nandurbar APMC,Soybean,Yellow,2026-09-06,3843.7,4436.52,4135.89,100.6
Maharashtra,Nandurbar,Nandurbar APMC,Wheat,Sharbati,2026-09-06,2288.15,2844.55,2593.4,97.5
Maharashtra,Nashik,Lasalgaon,Onion,Red,2026-09-06,1785.52,2130.48,1892.29,136.2
Maharashtra,Nashik,Lasalgaon,Tomato,Hybrid,2026-09-06,1412.88,1779.75,1574.18,96.8
Maharashtra,Nashik,Lasalgaon,Soybean,Yellow,2026-09-06,3588.88,4285.17,4006.64,173.8
Maharashtra,Nashik,Lasalgaon,Wheat,Sharbati,2026-09-06,2380.24,2892.83,2521.34,36.4
Maharashtra,Nashik,Pimpalgaon,Onion,Red,2026-09-06,1900.73,2234.87,2017.25,157.5
Maharashtra,Nashik,Pimpalgaon,Tomato,Hybrid,2026-09-06,1465.7,1820.03,1601.34,98.6
Maharashtra,Nashik,Pimpalgaon,Soybean,Yellow,2026-09-06,3688.02,4538.52,4115.96,99.8
Maharashtra,Nashik,Pimpalgaon,Wheat,Sharbati,2026-09-06,2257.25,2819.35,2548.73,95.8
Maharashtra,Pune,Pune(Gultekdi),Onion,Red,2026-09-06,1952.87,2398.68,2138.55,133.9
Maharashtra,Pune,Pune(Gultekdi),Tomato,Hybrid,2026-09-06,1719.56,2137.26,1900.18,116.1
Maharashtra,Pune,Pune(Gultekdi),Soybean,Yellow,2026-09-06,4514.55,5451.48,4795.57,72.8
Maharashtra,Pune,Pune(Gultekdi),Wheat,Sharbati,2026-09-06,2608.27,3213.49,2946.74,112.6
Maharashtra,Solapur,Solapur Mandi,Onion,Red,2026-09-06,1939.95,2263.07,2056.02,70.8
Maharashtra,Solapur,Solapur Mandi,Tomato,Hybrid,2026-09-06,1584.88,2061.76,1795.28,207.5
Maharashtra,Solapur,Solapur Mandi,Soybean,Yellow,2026-09-06,4030.67,5043.64,4524.85,146.5
Maharashtra,Solapur,Solapur Mandi,Wheat,Sharbati,2026-09-06,2584.59,3030.03,2768.34,173.2
Madhya Pradesh,Ujjain,Ujjain APMC,Onion,Red,2026-09-06,1874.52,2323.03,2093.71,86.8
Madhya Pradesh,Ujjain,Ujjain APMC,Tomato,Hybrid,2026-09-06,1621.64,1866.73,1752.7,166.5
Madhya Pradesh,Ujjain,Ujjain APMC,Soybean,Yellow,2026-09-06,4110.77,5041.63,4502.13,104.2
Madhya Pradesh,Ujjain,Ujjain APMC,Wheat,Sharbati,2026-09-06,2497.53,2936.22,2751.82,108.0
Maharashtra,Ahmednagar,Kopargaon,Onion,Red,2026-09-07,1755.48,2220.75,1988.7,65.2
Maharashtra,Ahmednagar,Kopargaon,Tomato,Hybrid,2026-09-07,1573.64,1904.25,1668.81,146.1
Maharashtra,Ahmednagar,Kopargaon,Soybean,Yellow,2026-09-07,3737.86,4386.93,4174.52,128.1
Maharashtra,Ahmednagar,Kopargaon,Wheat,Sharbati,2026-09-07,2326.62,2891.29,2631.33,120.6
Madhya Pradesh,Indore,Indore Mandi,Onion,Red,2026-09-07,1843.53,2271.12,2091.19,111.5
Madhya Pradesh,Indore,Indore Mandi,Tomato,Hybrid,2026-09-07,1671.61,1951.05,1826.38,126.8
Madhya Pradesh,Indore,Indore Mandi,Soybean,Yellow,2026-09-07,4091.81,5292.32,4625.21,104.4
Madhya Pradesh,Indore,Indore Mandi,Wheat,Sharbati,2026-09-07,2684.25,3255.59,2918.72,141.3
Maharashtra,Jalgaon,Jalgaon Main,Onion,Red,2026-09-07,1802.33,2224.56,2008.32,131.1
Maharashtra,Jalgaon,Jalgaon Main,Tomato,Hybrid,2026-09-07,1547.73,1928.97,1754.0,85.1
Maharashtra,Jalgaon,Jalgaon Main,Soybean,Yellow,2026-09-07,3770.28,4581.5,4226.13,127.1
Maharashtra,Jalgaon,Jalgaon Main,Wheat,Sharbati,2026-09-07,2387.14,2933.77,2643.47,148.9
Maharashtra,Nandurbar,Nandurbar APMC,Onion,Red,2026-09-07,1873.2,2291.05,1992.63,141.4
Maharashtra,Nandurbar,Nandurbar APMC,Tomato,Hybrid,2026-09-07,1514.06,1827.87,1671.97,106.9
Maharashtra,Nandurbar,Nandurbar APMC,Soybean,Yellow,2026-09-07,3806.97,4321.82,4078.36,83.1
Maharashtra,Nandurbar,Nandurbar APMC,Wheat,Sharbati,2026-09-07,2350.13,2805.6,2584.94,90.1
Maharashtra,Nashik,Lasalgaon,Onion,Red,2026-09-07,1814.7,2184.12,1936.62,76.9
Maharashtra,Nashik,Lasalgaon,Tomato,Hybrid,2026-09-07,1518.76,1716.09,1631.21,142.4
Maharashtra,Nashik,Lasalgaon,Soybean,Yellow,2026-09-07,3546.13,4162.67,3962.26,109.3
Maharashtra,Nashik,Lasalgaon,Wheat,Sharbati,2026-09-07,2318.25,2676.74,2448.15,99.3
Maharashtra,Nashik,Pimpalgaon,Onion,Red,2026-09-07,1670.39,2110.91,1884.92,140.4
Maharashtra,Nashik,Pimpalgaon,Tomato,Hybrid,2026-09-07,1577.11,1847.22,1675.14,69.2
Maharashtra,Nashik,Pimpalgaon,Soybean,Yellow,2026-09-07,3879.35,4437.68,4146.41,90.7
Maharashtra,Nashik,Pimpalgaon,Wheat,Sharbati,2026-09-07,2345.23,2781.22,2563.87,132.2
Maharashtra,Pune,Pune(Gultekdi),Onion,Red,2026-09-07,1899.48,2316.72,2153.17,51.3
Maharashtra,Pune,Pune(Gultekdi),Tomato,Hybrid,2026-09-07,1762.75,2047.39,1927.91,147.1
Maharashtra,Pune,Pune(Gultekdi),Soybean,Yellow,2026-09-07,4452.71,5285.01,4715.91,140.5
Maharashtra,Pune,Pune(Gultekdi),Wheat,Sharbati,2026-09-07,2736.91,3196.16,2918.3,77.7
Maharashtra,Solapur,Solapur Mandi,Onion,Red,2026-09-07,2008.18,2307.36,2131.45,109.4
Maharashtra,Solapur,Solapur Mandi,Tomato,Hybrid,2026-09-07,1692.72,2058.6,1825.24,144.2
Maharashtra,Solapur,Solapur Mandi,Soybean,Yellow,2026-09-07,4129.9,4787.23,4416.7,165.1
Maharashtra,Solapur,Solapur Mandi,Wheat,Sharbati,2026-09-07,2562.65,2982.37,2777.02,135.0
Madhya Pradesh,Ujjain,Ujjain APMC,Onion,Red,2026-09-07,1885.17,2331.51,2090.23,170.1
Madhya Pradesh,Ujjain,Ujjain APMC,Tomato,Hybrid,2026-09-07,1789.71,2188.68,1947.52,155.8
Madhya Pradesh,Ujjain,Ujjain APMC,Soybean,Yellow,2026-09-07,4087.64,4854.31,4374.86,69.5
Madhya Pradesh,Ujjain,Ujjain APMC,Wheat,Sharbati,2026-09-07,2562.47,3116.62,2745.73,106.6
Maharashtra,Ahmednagar,Kopargaon,Onion,Red,2026-09-08,1820.55,2132.76,1958.6,174.7
Maharashtra,Ahmednagar,Kopargaon,Tomato,Hybrid,2026-09-08,1551.08,1884.85,1761.31,110.3
Maharashtra,Ahmednagar,Kopargaon,Soybean,Yellow,2026-09-08,3705.49,4800.93,4202.22,187.4
Maharashtra,Ahmednagar,Kopargaon,Wheat,Sharbati,2026-09-08,2338.08,2996.06,2618.61,169.8
Madhya Pradesh,Indore,Indore Mandi,Onion,Red,2026-09-08,2116.88,2481.82,2282.53,102.3
Madhya Pradesh,Indore,Indore Mandi,Tomato,Hybrid,2026-09-08,1832.61,2063.22,1942.31,181.8
Madhya Pradesh,Indore,Indore Mandi,Soybean,Yellow,2026-09-08,4318.06,4953.07,4589.76,160.7
Madhya Pradesh,Indore,Indore Mandi,Wheat,Sharbati,2026-09-08,2715.14,3056.54,2861.72,162.3
Maharashtra,Jalgaon,Jalgaon Main,Onion,Red,2026-09-08,1809.64,2324.83,2022.36,46.5
Maharashtra,Jalgaon,Jalgaon Main,Tomato,Hybrid,2026-09-08,1612.04,1978.32,1732.59,154.0
Maharashtra,Jalgaon,Jalgaon Main,Soybean,Yellow,2026-09-08,3836.16,4804.86,4190.38,94.0
Maharashtra,Jalgaon,Jalgaon Main,Wheat,Sharbati,2026-09-08,2363.06,2846.68,2655.57,131.8
Maharashtra,Nandurbar,Nandurbar APMC,Onion,Red,2026-09-08,1839.9,2107.07,1996.59,151.0
Maharashtra,Nandurbar,Nandurbar APMC,Tomato,Hybrid,2026-09-08,1481.72,1844.97,1617.25,106.7
Maharashtra,Nandurbar,Nandurbar APMC,Soybean,Yellow,2026-09-08,3881.58,4602.75,4193.76,126.3
Maharashtra,Nandurbar,Nandurbar APMC,Wheat,Sharbati,2026-09-08,2361.83,2826.54,2588.66,119.2
Maharashtra,Nashik,Lasalgaon,Onion,Red,2026-09-08,1805.61,2038.78,1934.52,166.5
Maharashtra,Nashik,Lasalgaon,Tomato,Hybrid,2026-09-08,1589.43,1917.9,1746.06,94.7
Maharashtra,Nashik,Lasalgaon,Soybean,Yellow,2026-09-08,3620.05,4618.79,4075.45,144.8
Maharashtra,Nashik,Lasalgaon,Wheat,Sharbati,2026-09-08,2293.52,2765.89,2506.85,67.2
Maharashtra,Nashik,Pimpalgaon,Onion,Red,2026-09-08,1803.61,2182.26,1961.65,158.2
Maharashtra,Nashik,Pimpalgaon,Tomato,Hybrid,2026-09-08,1608.17,1887.99,1783.51,173.9
Maharashtra,Nashik,Pimpalgaon,Soybean,Yellow,2026-09-08,3899.0,4634.5,4137.83,179.4
Maharashtra,Nashik,Pimpalgaon,Wheat,Sharbati,2026-09-08,2388.26,2710.87,2566.63,124.0
Maharashtra,Pune,Pune(Gultekdi),Onion,Red,2026-09-08,2064.23,2576.33,2242.1,156.6
Maharashtra,Pune,Pune(Gultekdi),Tomato,Hybrid,2026-09-08,1710.75,2096.91,1890.39,133.4
Maharashtra,Pune,Pune(Gultekdi),Soybean,Yellow,2026-09-08,4309.45,4973.54,4711.93,72.3
Maharashtra,Pune,Pune(Gultekdi),Wheat,Sharbati,2026-09-08,2718.46,3175.69,2982.12,115.6
Maharashtra,Solapur,Solapur Mandi,Onion,Red,2026-09-08,2016.0,2438.29,2133.4,71.0
Maharashtra,Solapur,Solapur Mandi,Tomato,Hybrid,2026-09-08,1659.43,1952.01,1847.27,136.1
Maharashtra,Solapur,Solapur Mandi,Soybean,Yellow,2026-09-08,4001.23,4743.12,4465.53,161.3
Maharashtra,Solapur,Solapur Mandi,Wheat,Sharbati,2026-09-08,2545.12,3050.74,2815.56,123.8
Madhya Pradesh,Ujjain,Ujjain APMC,Onion,Red,2026-09-08,2043.86,2453.3,2200.54,120.1
Madhya Pradesh,Ujjain,Ujjain APMC,Tomato,Hybrid,2026-09-08,1725.29,2085.07,1898.63,123.3
Madhya Pradesh,Ujjain,Ujjain APMC,Soybean,Yellow,2026-09-08,4213.48,4702.33,4455.65,127.3
Madhya Pradesh,Ujjain,Ujjain APMC,Wheat,Sharbati,2026-09-08,2559.86,3159.32,2748.49,126.3
Maharashtra,Ahmednagar,Kopargaon,Onion,Red,2026-09-09,1957.2,2356.73,2085.08,149.9
Maharashtra,Ahmednagar,Kopargaon,Tomato,Hybrid,2026-09-09,1594.33,1791.56,1684.97,132.8
Maharashtra,Ahmednagar,Kopargaon,Soybean,Yellow,2026-09-09,3728.79,4827.0,4208.54,85.5
Maharashtra,Ahmednagar,Kopargaon,Wheat,Sharbati,2026-09-09,2421.92,3027.22,2669.2,124.4
Madhya Pradesh,Indore,Indore Mandi,Onion,Red,2026-09-09,1926.1,2414.77,2174.13,104.2
Madhya Pradesh,Indore,Indore Mandi,Tomato,Hybrid,2026-09-09,1803.65,2157.77,1968.44,100.4
Madhya Pradesh,Indore,Indore Mandi,Soybean,Yellow,2026-09-09,4149.48,5077.67,4574.39,112.7
Madhya Pradesh,Indore,Indore Mandi,Wheat,Sharbati,2026-09-09,2624.09,3130.64,2905.02,18.2
Maharashtra,Jalgaon,Jalgaon Main,Onion,Red,2026-09-09,1823.12,2315.17,2027.06,79.7
Maharashtra,Jalgaon,Jalgaon Main,Tomato,Hybrid,2026-09-09,1553.53,1895.9,1705.28,144.7
Maharashtra,Jalgaon,Jalgaon Main,Soybean,Yellow,2026-09-09,3951.29,4523.63,4186.95,142.0
Maharashtra,Jalgaon,Jalgaon Main,Wheat,Sharbati,2026-09-09,2472.51,2908.67,2645.99,71.2
Maharashtra,Nandurbar,Nandurbar APMC,Onion,Red,2026-09-09,1878.83,2191.03,2076.41,175.1
Maharashtra,Nandurbar,Nandurbar APMC,Tomato,Hybrid,2026-09-09,1612.53,1938.75,1702.12,128.1
Maharashtra,Nandurbar,Nandurbar APMC,Soybean,Yellow,2026-09-09,3759.72,4845.66,4238.62,45.0
Maharashtra,Nandurbar,Nandurbar APMC,Wheat,Sharbati,2026-09-09,2353.71,2959.17,2598.33,147.5
Maharashtra,Nashik,Lasalgaon,Onion,Red,2026-09-09,1723.57,2069.23,1864.29,103.0
Maharashtra,Nashik,Lasalgaon,Tomato,Hybrid,2026-09-09,1498.89,1900.37,1660.42,108.6
Maharashtra,Nashik,Lasalgaon,Soybean,Yellow,2026-09-09,3638.32,4447.85,3938.38,120.6
Maharashtra,Nashik,Lasalgaon,Wheat,Sharbati,2026-09-09,2309.33,2864.15,2526.81,165.4
Maharashtra,Nashik,Pimpalgaon,Onion,Red,2026-09-09,1809.23,2215.81,1984.11,89.2
Maharashtra,Nashik,Pimpalgaon,Tomato,Hybrid,2026-09-09,1562.34,1796.99,1685.39,57.7
Maharashtra,Nashik,Pimpalgaon,Soybean,Yellow,2026-09-09,3846.79,4400.59,4138.06,59.7
Maharashtra,Nashik,Pimpalgaon,Wheat,Sharbati,2026-09-09,2275.49,2765.75,2567.6,96.8
Maharashtra,Pune,Pune(Gultekdi),Onion,Red,2026-09-09,1957.19,2504.75,2220.7,132.0
Maharashtra,Pune,Pune(Gultekdi),Tomato,Hybrid,2026-09-09,1968.57,2328.4,2092.71,116.6
Maharashtra,Pune,Pune(Gultekdi),Soybean,Yellow,2026-09-09,4496.0,5149.09,4750.29,162.5
Maharashtra,Pune,Pune(Gultekdi),Wheat,Sharbati,2026-09-09,2777.41,3308.16,2972.01,134.7
Maharashtra,Solapur,Solapur Mandi,Onion,Red,2026-09-09,1937.11,2310.03,2118.93,139.5
Maharashtra,Solapur,Solapur Mandi,Tomato,Hybrid,2026-09-09,1701.03,2018.87,1799.36,150.3
Maharashtra,Solapur,Solapur Mandi,Soybean,Yellow,2026-09-09,3875.16,4872.23,4380.65,135.1
Maharashtra,Solapur,Solapur Mandi,Wheat,Sharbati,2026-09-09,2587.52,3210.79,2820.14,157.2
Madhya Pradesh,Ujjain,Ujjain APMC,Onion,Red,2026-09-09,1906.91,2308.8,2027.74,141.8
Madhya Pradesh,Ujjain,Ujjain APMC,Tomato,Hybrid,2026-09-09,1763.26,2066.26,1893.75,59.0
Madhya Pradesh,Ujjain,Ujjain APMC,Soybean,Yellow,2026-09-09,3981.44,4857.87,4504.48,124.8
Madhya Pradesh,Ujjain,Ujjain APMC,Wheat,Sharbati,2026-09-09,2591.74,3104.75,2752.63,131.8
Maharashtra,Ahmednagar,Kopargaon,Onion,Red,2026-09-10,1762.64,2133.32,1991.75,93.9
Maharashtra,Ahmednagar,Kopargaon,Tomato,Hybrid,2026-09-10,1668.15,1980.24,1757.02,87.7
Maharashtra,Ahmednagar,Kopargaon,Soybean,Yellow,2026-09-10,3864.45,4416.16,4115.71,93.1
Maharashtra,Ahmednagar,Kopargaon,Wheat,Sharbati,2026-09-10,2470.24,2915.67,2623.21,158.9
Madhya Pradesh,Indore,Indore Mandi,Onion,Red,2026-09-10,1899.92,2253.28,2119.8,83.5
Madhya Pradesh,Indore,Indore Mandi,Tomato,Hybrid,2026-09-10,1719.16,2005.19,1878.15,218.9
Madhya Pradesh,Indore,Indore Mandi,Soybean,Yellow,2026-09-10,4297.67,5001.19,4579.72,144.2
Madhya Pradesh,Indore,Indore Mandi,Wheat,Sharbati,2026-09-10,2611.6,3191.25,2891.77,137.8
Maharashtra,Jalgaon,Jalgaon Main,Onion,Red,2026-09-10,1905.34,2262.68,2009.61,111.5
Maharashtra,Jalgaon,Jalgaon Main,Tomato,Hybrid,2026-09-10,1640.98,2092.0,1831.52,145.1
Maharashtra,Jalgaon,Jalgaon Main,Soybean,Yellow,2026-09-10,3930.02,4589.58,4259.51,85.8
Maharashtra,Jalgaon,Jalgaon Main,Wheat,Sharbati,2026-09-10,2459.1,3052.28,2692.53,86.8
Maharashtra,Nandurbar,Nandurbar APMC,Onion,Red,2026-09-10,1780.55,2236.52,1979.52,136.8
Maharashtra,Nandurbar,Nandurbar APMC,Tomato,Hybrid,2026-09-10,1476.12,1791.26,1613.01,166.7
Maharashtra,Nandurbar,Nandurbar APMC,Soybean,Yellow,2026-09-10,3791.41,4420.55,4199.9,175.5
Maharashtra,Nandurbar,Nandurbar APMC,Wheat,Sharbati,2026-09-10,2356.26,3022.77,2632.1,159.7
Maharashtra,Nashik,Lasalgaon,Onion,Red,2026-09-10,1762.64,2213.48,1958.37,91.8
Maharashtra,Nashik,Lasalgaon,Tomato,Hybrid,2026-09-10,1670.19,1895.48,1796.33,152.9
Maharashtra,Nashik,Lasalgaon,Soybean,Yellow,2026-09-10,3712.6,4285.6,4022.95,156.7
Maharashtra,Nashik,Lasalgaon,Wheat,Sharbati,2026-09-10,2340.61,2711.86,2538.12,86.7
Maharashtra,Nashik,Pimpalgaon,Onion,Red,2026-09-10,1874.98,2168.37,1977.54,148.7
Maharashtra,Nashik,Pimpalgaon,Tomato,Hybrid,2026-09-10,1540.36,1841.8,1714.62,159.5
Maharashtra,Nashik,Pimpalgaon,Soybean,Yellow,2026-09-10,3767.42,4560.66,4112.87,93.3
Maharashtra,Nashik,Pimpalgaon,Wheat,Sharbati,2026-09-10,2386.01,2860.99,2568.51,65.0
Maharashtra,Pune,Pune(Gultekdi),Onion,Red,2026-09-10,2108.61,2516.48,2223.63,113.1
Maharashtra,Pune,Pune(Gultekdi),Tomato,Hybrid,2026-09-10,1864.67,2314.11,2057.04,118.4
Maharashtra,Pune,Pune(Gultekdi),Soybean,Yellow,2026-09-10,4398.66,5202.31,4767.61,159.8
Maharashtra,Pune,Pune(Gultekdi),Wheat,Sharbati,2026-09-10,2796.07,3331.67,2996.68,126.5
Maharashtra,Solapur,Solapur Mandi,Onion,Red,2026-09-10,1904.33,2246.08,2118.75,65.8
Maharashtra,Solapur,Solapur Mandi,Tomato,Hybrid,2026-09-10,1677.75,2042.0,1871.75,68.3
Maharashtra,Solapur,Solapur Mandi,Soybean,Yellow,2026-09-10,4219.62,4747.17,4488.32,114.2
Maharashtra,Solapur,Solapur Mandi,Wheat,Sharbati,2026-09-10,2510.85,3096.85,2804.51,165.4
Madhya Pradesh,Ujjain,Ujjain APMC,Onion,Red,2026-09-10,1912.1,2178.3,2062.28,74.6
Madhya Pradesh,Ujjain,Ujjain APMC,Tomato,Hybrid,2026-09-10,1659.5,2102.64,1866.33,167.1
Madhya Pradesh,Ujjain,Ujjain APMC,Soybean,Yellow,2026-09-10,4209.97,4866.67,4476.53,127.4
Madhya Pradesh,Ujjain,Ujjain APMC,Wheat,Sharbati,2026-09-10,2470.95,3067.98,2775.69,80.9
Maharashtra,Ahmednagar,Kopargaon,Onion,Red,2026-09-11,1831.97,2238.69,2037.43,84.9
Maharashtra,Ahmednagar,Kopargaon,Tomato,Hybrid,2026-09-11,1656.59,2020.24,1801.42,83.3
Maharashtra,Ahmednagar,Kopargaon,Soybean,Yellow,2026-09-11,3801.68,4491.21,4244.66,98.4
Maharashtra,Ahmednagar,Kopargaon,Wheat,Sharbati,2026-09-11,2447.97,2792.35,2631.75,120.8
Madhya Pradesh,Indore,Indore Mandi,Onion,Red,2026-09-11,2092.71,2561.13,2229.11,52.5
Madhya Pradesh,Indore,Indore Mandi,Tomato,Hybrid,2026-09-11,1867.61,2204.45,2016.13,130.5
Madhya Pradesh,Indore,Indore Mandi,Soybean,Yellow,2026-09-11,4165.84,5185.28,4642.83,115.2
Madhya Pradesh,Indore,Indore Mandi,Wheat,Sharbati,2026-09-11,2576.81,3211.15,2881.51,86.1
Maharashtra,Jalgaon,Jalgaon Main,Onion,Red,2026-09-11,1851.94,2279.17,2030.44,97.8
Maharashtra,Jalgaon,Jalgaon Main,Tomato,Hybrid,2026-09-11,1573.88,1955.6,1787.18,141.4
Maharashtra,Jalgaon,Jalgaon Main,Soybean,Yellow,2026-09-11,3910.34,4643.71,4278.38,51.0
Maharashtra,Jalgaon,Jalgaon Main,Wheat,Sharbati,2026-09-11,2499.96,2849.14,2665.04,136.1
Maharashtra,Nandurbar,Nandurbar APMC,Onion,Red,2026-09-11,1967.26,2392.19,2105.39,148.5
Maharashtra,Nandurbar,Nandurbar APMC,Tomato,Hybrid,2026-09-11,1592.7,1933.98,1762.42,98.9
Maharashtra,Nandurbar,Nandurbar APMC,Soybean,Yellow,2026-09-11,3880.19,4481.22,4190.16,80.6
Maharashtra,Nandurbar,Nandurbar APMC,Wheat,Sharbati,2026-09-11,2344.3,2834.31,2623.75,157.9
Maharashtra,Nashik,Lasalgaon,Onion,Red,2026-09-11,1752.19,2133.96,1968.12,100.5
Maharashtra,Nashik,Lasalgaon,Tomato,Hybrid,2026-09-11,1494.63,1731.11,1631.18,108.0
Maharashtra,Nashik,Lasalgaon,Soybean,Yellow,2026-09-11,3708.77,4356.11,4074.16,96.0
Maharashtra,Nashik,Lasalgaon,Wheat,Sharbati,2026-09-11,2293.14,2851.24,2506.44,176.2
Maharashtra,Nashik,Pimpalgaon,Onion,Red,2026-09-11,1777.59,2182.3,1972.54,90.3
Maharashtra,Nashik,Pimpalgaon,Tomato,Hybrid,2026-09-11,1539.08,1916.95,1697.22,67.7
Maharashtra,Nashik,Pimpalgaon,Soybean,Yellow,2026-09-11,3784.65,4541.05,4196.9,160.1
Maharashtra,Nashik,Pimpalgaon,Wheat,Sharbati,2026-09-11,2309.12,2727.79,2588.84,111.3
Maharashtra,Pune,Pune(Gultekdi),Onion,Red,2026-09-11,2068.62,2472.84,2246.91,130.5
Maharashtra,Pune,Pune(Gultekdi),Tomato,Hybrid,2026-09-11,1710.68,2095.58,1903.5,114.1
Maharashtra,Pune,Pune(Gultekdi),Soybean,Yellow,2026-09-11,4246.47,5489.77,4803.32,80.3
Maharashtra,Pune,Pune(Gultekdi),Wheat,Sharbati,2026-09-11,2708.33,3390.79,2981.56,96.3
Maharashtra,Solapur,Solapur Mandi,Onion,Red,2026-09-11,1926.97,2420.31,2137.63,90.8
Maharashtra,Solapur,Solapur Mandi,Tomato,Hybrid,2026-09-11,1751.07,2131.04,1857.59,93.9
Maharashtra,Solapur,Solapur Mandi,Soybean,Yellow,2026-09-11,4184.17,5168.99,4552.99,93.0
Maharashtra,Solapur,Solapur Mandi,Wheat,Sharbati,2026-09-11,2526.65,3146.86,2794.41,136.4
Madhya Pradesh,Ujjain,Ujjain APMC,Onion,Red,2026-09-11,1880.92,2312.97,2104.73,149.6
Madhya Pradesh,Ujjain,Ujjain APMC,Tomato,Hybrid,2026-09-11,1687.88,1978.21,1875.6,83.7
Madhya Pradesh,Ujjain,Ujjain APMC,Soybean,Yellow,2026-09-11,4189.19,4977.92,4430.07,177.7
Madhya Pradesh,Ujjain,Ujjain APMC,Wheat,Sharbati,2026-09-11,2666.13,3108.44,2824.31,165.4
Maharashtra,Ahmednagar,Kopargaon,Onion,Red,2026-09-12,1959.31,2388.34,2143.02,176.9
Maharashtra,Ahmednagar,Kopargaon,Tomato,Hybrid,2026-09-12,1607.04,1908.7,1758.36,77.5
Maharashtra,Ahmednagar,Kopargaon,Soybean,Yellow,2026-09-12,3979.95,4593.34,4229.81,161.8
Maharashtra,Ahmednagar,Kopargaon,Wheat,Sharbati,2026-09-12,2430.45,2790.24,2633.37,82.3
Madhya Pradesh,Indore,Indore Mandi,Onion,Red,2026-09-12,1950.79,2432.03,2152.67,127.7
Madhya Pradesh,Indore,Indore Mandi,Tomato,Hybrid,2026-09-12,1775.97,2184.67,1985.33,85.3
Madhya Pradesh,Indore,Indore Mandi,Soybean,Yellow,2026-09-12,4462.15,5065.84,4710.8,125.1
Madhya Pradesh,Indore,Indore Mandi,Wheat,Sharbati,2026-09-12,2718.91,3200.71,2885.17,151.6
Maharashtra,Jalgaon,Jalgaon Main,Onion,Red,2026-09-12,1842.11,2223.54,2062.91,81.6
Maharashtra,Jalgaon,Jalgaon Main,Tomato,Hybrid,2026-09-12,1700.69,1999.55,1887.34,113.3
Maharashtra,Jalgaon,Jalgaon Main,Soybean,Yellow,2026-09-12,3898.98,4576.43,4231.64,123.6
Maharashtra,Jalgaon,Jalgaon Main,Wheat,Sharbati,2026-09-12,2537.8,3069.69,2685.07,211.1
Maharashtra,Nandurbar,Nandurbar APMC,Onion,Red,2026-09-12,1848.55,2126.04,1971.16,101.1
Maharashtra,Nandurbar,Nandurbar APMC,Tomato,Hybrid,2026-09-12,1671.27,1917.32,1816.75,169.4
Maharashtra,Nandurbar,Nandurbar APMC,Soybean,Yellow,2026-09-12,3916.36,4585.22,4223.29,131.5
Maharashtra,Nandurbar,Nandurbar APMC,Wheat,Sharbati,2026-09-12,2410.65,2762.42,2626.26,87.9
Maharashtra,Nashik,Lasalgaon,Onion,Red,2026-09-12,1773.81,2200.85,1941.09,179.6
Maharashtra,Nashik,Lasalgaon,Tomato,Hybrid,2026-09-12,1588.08,2015.36,1781.55,133.9
Maharashtra,Nashik,Lasalgaon,Soybean,Yellow,2026-09-12,3851.72,4601.48,4148.4,71.0
Maharashtra,Nashik,Lasalgaon,Wheat,Sharbati,2026-09-12,2248.26,2640.42,2501.34,208.3
Maharashtra,Nashik,Pimpalgaon,Onion,Red,2026-09-12,1856.55,2212.85,2043.59,107.2
Maharashtra,Nashik,Pimpalgaon,Tomato,Hybrid,2026-09-12,1613.94,1976.61,1788.41,110.8
Maharashtra,Nashik,Pimpalgaon,Soybean,Yellow,2026-09-12,3722.3,4426.25,4131.34,150.1
Maharashtra,Nashik,Pimpalgaon,Wheat,Sharbati,2026-09-12,2367.39,2785.43,2577.36,115.8
Maharashtra,Pune,Pune(Gultekdi),Onion,Red,2026-09-12,2111.96,2541.62,2376.14,110.4
Maharashtra,Pune,Pune(Gultekdi),Tomato,Hybrid,2026-09-12,1780.98,2120.35,1983.41,180.3
Maharashtra,Pune,Pune(Gultekdi),Soybean,Yellow,2026-09-12,4424.61,5309.43,4776.97,147.9
Maharashtra,Pune,Pune(Gultekdi),Wheat,Sharbati,2026-09-12,2791.1,3364.41,2952.66,123.6
Maharashtra,Solapur,Solapur Mandi,Onion,Red,2026-09-12,1969.12,2425.77,2173.3,66.9
Maharashtra,Solapur,Solapur Mandi,Tomato,Hybrid,2026-09-12,1770.42,2014.34,1914.15,118.2
Maharashtra,Solapur,Solapur Mandi,Soybean,Yellow,2026-09-12,4045.81,4984.75,4505.34,135.6
Maharashtra,Solapur,Solapur Mandi,Wheat,Sharbati,2026-09-12,2628.23,3160.41,2783.89,93.8
Madhya Pradesh,Ujjain,Ujjain APMC,Onion,Red,2026-09-12,1921.91,2372.67,2091.36,111.9
Madhya Pradesh,Ujjain,Ujjain APMC,Tomato,Hybrid,2026-09-12,1658.65,1987.89,1752.61,132.8
Madhya Pradesh,Ujjain,Ujjain APMC,Soybean,Yellow,2026-09-12,4061.16,5123.37,4473.38,127.1
Madhya Pradesh,Ujjain,Ujjain APMC,Wheat,Sharbati,2026-09-12,2464.64,3034.86,2775.69,166.4
Maharashtra,Ahmednagar,Kopargaon,Onion,Red,2026-09-13,1698.49,2104.73,1915.81,99.5
Maharashtra,Ahmednagar,Kopargaon,Tomato,Hybrid,2026-09-13,1653.89,1862.33,1768.39,149.9
Maharashtra,Ahmednagar,Kopargaon,Soybean,Yellow,2026-09-13,3951.6,4716.42,4182.96,142.3
Maharashtra,Ahmednagar,Kopargaon,Wheat,Sharbati,2026-09-13,2350.99,2909.38,2667.89,126.3
Madhya Pradesh,Indore,Indore Mandi,Onion,Red,2026-09-13,2064.2,2348.42,2200.81,168.6
Madhya Pradesh,Indore,Indore Mandi,Tomato,Hybrid,2026-09-13,1812.43,2246.87,2029.05,90.7
Madhya Pradesh,Indore,Indore Mandi,Soybean,Yellow,2026-09-13,4444.57,5078.87,4682.56,139.8
Madhya Pradesh,Indore,Indore Mandi,Wheat,Sharbati,2026-09-13,2642.97,3270.6,2900.79,154.5
Maharashtra,Jalgaon,Jalgaon Main,Onion,Red,2026-09-13,1799.29,2054.19,1928.0,45.8
Maharashtra,Jalgaon,Jalgaon Main,Tomato,Hybrid,2026-09-13,1670.9,2099.91,1834.16,108.8
Maharashtra,Jalgaon,Jalgaon Main,Soybean,Yellow,2026-09-13,3832.73,4726.29,4341.46,89.4
Maharashtra,Jalgaon,Jalgaon Main,Wheat,Sharbati,2026-09-13,2539.71,3041.29,2706.12,16.2
Maharashtra,Nandurbar,Nandurbar APMC,Onion,Red,2026-09-13,1709.84,2133.08,1854.92,102.5
Maharashtra,Nandurbar,Nandurbar APMC,Tomato,Hybrid,2026-09-13,1648.29,2020.83,1803.85,63.2
Maharashtra,Nandurbar,Nandurbar APMC,Soybean,Yellow,2026-09-13,3658.53,4412.64,4149.8,108.5
Maharashtra,Nandurbar,Nandurbar APMC,Wheat,Sharbati,2026-09-13,2492.24,3028.68,2643.7,117.7
Maharashtra,Nashik,Lasalgaon,Onion,Red,2026-09-13,1783.84,2062.75,1924.12,136.9
Maharashtra,Nashik,Lasalgaon,Tomato,Hybrid,2026-09-13,1511.47,1872.29,1703.2,127.1
Maharashtra,Nashik,Lasalgaon,Soybean,Yellow,2026-09-13,3706.01,4495.87,4062.61,151.7
Maharashtra,Nashik,Lasalgaon,Wheat,Sharbati,2026-09-13,2290.83,2966.55,2581.54,56.1
Maharashtra,Nashik,Pimpalgaon,Onion,Red,2026-09-13,1815.62,2177.44,2023.03,109.2
Maharashtra,Nashik,Pimpalgaon,Tomato,Hybrid,2026-09-13,1599.32,1967.49,1766.25,76.8
Maharashtra,Nashik,Pimpalgaon,Soybean,Yellow,2026-09-13,3891.74,4362.02,4148.19,78.7
Maharashtra,Nashik,Pimpalgaon,Wheat,Sharbati,2026-09-13,2364.07,2845.83,2578.4,98.1
Maharashtra,Pune,Pune(Gultekdi),Onion,Red,2026-09-13,2171.14,2480.06,2328.25,163.0
Maharashtra,Pune,Pune(Gultekdi),Tomato,Hybrid,2026-09-13,1815.11,2298.64,2018.52,83.5
Maharashtra,Pune,Pune(Gultekdi),Soybean,Yellow,2026-09-13,4524.64,5533.13,4834.46,99.4
Maharashtra,Pune,Pune(Gultekdi),Wheat,Sharbati,2026-09-13,2756.99,3343.21,3009.27,108.4
Maharashtra,Solapur,Solapur Mandi,Onion,Red,2026-09-13,1894.14,2409.93,2112.41,96.6
Maharashtra,Solapur,Solapur Mandi,Tomato,Hybrid,2026-09-13,1732.58,2088.29,1922.46,138.1
Maharashtra,Solapur,Solapur Mandi,Soybean,Yellow,2026-09-13,4322.49,5130.24,4575.51,143.2
Maharashtra,Solapur,Solapur Mandi,Wheat,Sharbati,2026-09-13,2562.73,3225.93,2809.67,141.3
Madhya Pradesh,Ujjain,Ujjain APMC,Onion,Red,2026-09-13,1989.94,2459.91,2155.81,45.4
Madhya Pradesh,Ujjain,Ujjain APMC,Tomato,Hybrid,2026-09-13,1830.73,2132.44,1935.33,107.5
Madhya Pradesh,Ujjain,Ujjain APMC,Soybean,Yellow,2026-09-13,4001.32,5033.73,4487.33,125.1
Madhya Pradesh,Ujjain,Ujjain APMC,Wheat,Sharbati,2026-09-13,2473.69,3189.73,2791.62,178.8
